ticker,date,open,high,low,close
LFMD,2008-01-29,0.5,0.5,0.5,0.5
LFMD,2008-01-30,0.5,0.5,0.5,0.5
LFMD,2008-01-31,0.5,0.5,0.5,0.5
LFMD,2008-02-01,0.35,0.5,0.35,0.5
LFMD,2008-02-04,0.5,0.5,0.5,0.5
LFMD,2008-02-05,0.5,0.5,0.5,0.5
LFMD,2008-02-06,0.5,0.5,0.5,0.5
LFMD,2008-02-07,0.5,0.5,0.5,0.5
LFMD,2008-02-08,0.5,0.5,0.5,0.5
LFMD,2008-02-11,0.5,0.5,0.5,0.5
LFMD,2008-02-12,0.5,0.5,0.5,0.5
LFMD,2008-02-13,0.5,0.5,0.5,0.5
LFMD,2008-02-14,0.5,0.5,0.5,0.5
LFMD,2008-02-15,0.4,0.4,0.4,0.4
LFMD,2008-02-19,0.4,0.4,0.4,0.4
LFMD,2008-02-20,0.5,0.5,0.5,0.5
LFMD,2008-02-21,0.5,0.5,0.5,0.5
LFMD,2008-02-22,0.5,0.5,0.5,0.5
LFMD,2008-02-25,0.4,0.4,0.4,0.4
LFMD,2008-02-26,0.4,0.4,0.4,0.4
LFMD,2008-02-27,0.4,0.4,0.4,0.4
LFMD,2008-02-28,0.4,0.4,0.4,0.4
LFMD,2008-02-29,0.4,0.4,0.4,0.4
LFMD,2008-03-03,0.4,0.4,0.4,0.4
LFMD,2008-03-04,0.4,0.4,0.4,0.4
LFMD,2008-03-05,0.4,0.4,0.4,0.4
LFMD,2008-03-06,0.55,0.55,0.55,0.55
LFMD,2008-03-07,0.55,0.55,0.55,0.55
LFMD,2008-03-10,0.4,0.4,0.4,0.4
LFMD,2008-03-11,0.4,0.4,0.4,0.4
LFMD,2008-03-12,0.5,0.5,0.5,0.5
LFMD,2008-03-13,0.5,0.55,0.5,0.55
LFMD,2008-03-14,0.55,0.55,0.55,0.55
LFMD,2008-03-17,0.4,0.4,0.4,0.4
LFMD,2008-03-18,0.4,0.4,0.4,0.4
LFMD,2008-03-19,0.4,0.4,0.4,0.4
LFMD,2008-03-20,0.4,0.4,0.4,0.4
LFMD,2008-03-24,0.4,0.4,0.4,0.4
LFMD,2008-03-25,0.4,0.4,0.4,0.4
LFMD,2008-03-26,0.4,0.4,0.4,0.4
LFMD,2008-03-27,0.55,0.75,0.55,0.75
LFMD,2008-03-28,0.75,0.75,0.75,0.75
LFMD,2008-03-31,0.5,0.5,0.5,0.5
LFMD,2008-04-01,0.5,0.5,0.5,0.5
LFMD,2008-04-02,0.5,0.5,0.5,0.5
LFMD,2008-04-03,0.5,0.5,0.5,0.5
LFMD,2008-04-04,0.6,0.6,0.6,0.6
LFMD,2008-04-07,0.6,0.6,0.6,0.6
LFMD,2008-04-08,0.6,0.6,0.6,0.6
LFMD,2008-04-09,0.5,0.75,0.5,0.75
LFMD,2008-04-10,0.75,0.75,0.75,0.75
LFMD,2008-04-11,0.75,0.75,0.75,0.75
LFMD,2008-04-14,0.45,0.75,0.45,0.75
LFMD,2008-04-15,0.75,0.75,0.75,0.75
LFMD,2008-04-16,0.75,0.75,0.75,0.75
LFMD,2008-04-17,0.75,0.75,0.75,0.75
LFMD,2008-04-18,0.75,0.75,0.75,0.75
LFMD,2008-04-21,0.75,0.75,0.75,0.75
LFMD,2008-04-22,0.75,0.75,0.75,0.75
LFMD,2008-04-23,0.75,0.75,0.75,0.75
LFMD,2008-04-24,0.8,0.8,0.75,0.75
LFMD,2008-04-25,0.75,0.75,0.75,0.75
LFMD,2008-04-28,0.75,0.75,0.75,0.75
LFMD,2008-04-29,0.4,0.65,0.4,0.65
LFMD,2008-04-30,0.65,0.65,0.65,0.65
LFMD,2008-05-01,0.4,0.65,0.4,0.65
LFMD,2008-05-02,0.65,0.65,0.4,0.4
LFMD,2008-05-05,0.4,0.4,0.4,0.4
LFMD,2008-05-06,0.5,0.5,0.5,0.5
LFMD,2008-05-07,0.5,0.5,0.5,0.5
LFMD,2008-05-08,0.5,0.5,0.5,0.5
LFMD,2008-05-09,0.5,0.5,0.5,0.5
LFMD,2008-05-12,0.5,0.5,0.5,0.5
LFMD,2008-05-13,0.5,0.5,0.5,0.5
LFMD,2008-05-14,0.65,0.75,0.5,0.75
LFMD,2008-05-15,0.75,0.75,0.7,0.7
LFMD,2008-05-16,0.5,0.7,0.5,0.7
LFMD,2008-05-19,0.5,0.5,0.5,0.5
LFMD,2008-05-20,0.7,0.7,0.7,0.7
LFMD,2008-05-21,0.7,0.7,0.5,0.7
LFMD,2008-05-22,0.7,0.7,0.7,0.7
LFMD,2008-05-23,0.5,0.5,0.5,0.5
LFMD,2008-05-27,0.5,0.5,0.5,0.5
LFMD,2008-05-28,0.5,0.5,0.5,0.5
LFMD,2008-05-29,0.7,0.75,0.7,0.75
LFMD,2008-05-30,0.85,1.2,0.85,1.15
LFMD,2008-06-02,1.15,1.15,1.15,1.15
LFMD,2008-06-03,1.25,1.25,0.95,1.1
LFMD,2008-06-04,1.1,1.25,1.1,1.2
LFMD,2008-06-05,1.15,1.5,1.15,1.5
LFMD,2008-06-06,1.25,1.65,1.25,1.65
LFMD,2008-06-09,1.25,1.45,1.25,1.45
LFMD,2008-06-10,1.25,1.5,1.25,1.45
LFMD,2008-06-11,1.25,1.25,1.25,1.25
LFMD,2008-06-12,1.25,1.25,1.25,1.25
LFMD,2008-06-13,1.25,1.25,1.25,1.25
LFMD,2008-06-16,1.25,1.25,1.25,1.25
LFMD,2008-06-17,1.25,1.25,1.25,1.25
LFMD,2008-06-18,1.25,1.25,1.25,1.25
LFMD,2008-06-19,1.25,1.25,1.25,1.25
LFMD,2008-06-20,1.05,1.05,1.05,1.05
LFMD,2008-06-23,1.05,1.05,1.05,1.05
LFMD,2008-06-24,1.25,1.25,1.15,1.25
LFMD,2008-06-25,1.25,1.25,1.05,1.25
LFMD,2008-06-26,1.05,1.25,0.55,1.25
LFMD,2008-06-27,1.25,1.5,1.25,1.35
LFMD,2008-06-30,1.05,1.05,0.8,1.05
LFMD,2008-07-01,0.75,1.05,0.75,1.0
LFMD,2008-07-02,1.0,1.0,1.0,1.0
LFMD,2008-07-03,1.0,1.0,1.0,1.0
LFMD,2008-07-07,1.0,1.0,1.0,1.0
LFMD,2008-07-08,1.0,1.0,1.0,1.0
LFMD,2008-07-09,1.0,1.0,1.0,1.0
LFMD,2008-07-10,1.0,1.0,0.75,1.0
LFMD,2008-07-11,1.0,1.0,1.0,1.0
LFMD,2008-07-14,1.0,1.0,1.0,1.0
LFMD,2008-07-15,1.1,1.1,1.1,1.1
LFMD,2008-07-16,1.1,1.1,1.1,1.1
LFMD,2008-07-17,1.1,1.1,1.1,1.1
LFMD,2008-07-18,1.0,1.0,1.0,1.0
LFMD,2008-07-21,1.0,1.0,1.0,1.0
LFMD,2008-07-22,1.0,1.0,1.0,1.0
LFMD,2008-07-23,0.8,0.8,0.8,0.8
LFMD,2008-07-24,0.8,0.8,0.8,0.8
LFMD,2008-07-25,0.8,1.0,0.8,1.0
LFMD,2008-07-28,1.0,1.1,0.75,1.1
LFMD,2008-07-29,0.55,1.2,0.55,1.2
LFMD,2008-07-30,0.65,1.0,0.55,1.0
LFMD,2008-07-31,0.55,0.95,0.55,0.95
LFMD,2008-08-01,0.55,0.95,0.55,0.95
LFMD,2008-08-04,0.95,0.95,0.5,0.95
LFMD,2008-08-05,0.55,1.1,0.55,1.1
LFMD,2008-08-06,1.1,1.35,1.1,1.35
LFMD,2008-08-07,1.2,1.45,1.2,1.45
LFMD,2008-08-08,1.5,1.65,1.4,1.65
LFMD,2008-08-11,1.65,1.65,1.65,1.65
LFMD,2008-08-12,1.6,1.65,1.45,1.45
LFMD,2008-08-13,1.65,1.75,1.65,1.75
LFMD,2008-08-14,1.75,2.0,1.75,2.0
LFMD,2008-08-15,2.0,2.0,1.8,2.0
LFMD,2008-08-18,2.0,2.0,1.8,2.0
LFMD,2008-08-19,1.75,2.0,1.75,1.9
LFMD,2008-08-20,1.95,2.0,1.9,1.9
LFMD,2008-08-21,2.0,2.0,2.0,2.0
LFMD,2008-08-22,1.9,1.9,1.75,1.75
LFMD,2008-08-25,1.75,1.75,1.75,1.75
LFMD,2008-08-26,1.5,1.5,1.5,1.5
LFMD,2008-08-27,1.75,1.75,1.75,1.75
LFMD,2008-08-28,1.5,1.75,1.5,1.75
LFMD,2008-08-29,1.5,1.75,1.5,1.75
LFMD,2008-09-02,1.5,1.6,1.5,1.6
LFMD,2008-09-03,1.6,1.6,1.6,1.6
LFMD,2008-09-04,1.75,1.75,1.25,1.7
LFMD,2008-09-05,1.25,1.7,1.25,1.7
LFMD,2008-09-08,1.5,1.5,1.25,1.25
LFMD,2008-09-09,1.75,1.75,1.75,1.75
LFMD,2008-09-10,1.3,1.6,1.3,1.3
LFMD,2008-09-11,1.45,1.45,1.45,1.45
LFMD,2008-09-12,1.75,1.75,1.6,1.6
LFMD,2008-09-15,1.5,1.5,1.5,1.5
LFMD,2008-09-16,1.6,1.75,1.25,1.75
LFMD,2008-09-17,1.75,1.75,1.75,1.75
LFMD,2008-09-18,1.75,1.75,1.75,1.75
LFMD,2008-09-19,1.25,1.5,1.25,1.5
LFMD,2008-09-22,1.25,1.5,1.25,1.5
LFMD,2008-09-23,1.35,1.35,1.35,1.35
LFMD,2008-09-24,1.5,1.5,1.15,1.4
LFMD,2008-09-25,1.2,1.4,1.2,1.2
LFMD,2008-09-26,1.45,1.45,1.2,1.2
LFMD,2008-09-29,1.45,1.5,1.4,1.4
LFMD,2008-09-30,1.2,1.45,1.2,1.45
LFMD,2008-10-01,1.5,1.75,1.5,1.7
LFMD,2008-10-02,1.7,1.7,1.7,1.7
LFMD,2008-10-03,1.75,1.75,1.2,1.75
LFMD,2008-10-06,1.75,1.75,1.75,1.75
LFMD,2008-10-07,1.75,1.75,1.75,1.75
LFMD,2008-10-08,1.7,1.75,1.7,1.75
LFMD,2008-10-09,1.2,1.25,1.2,1.2
LFMD,2008-10-10,1.15,1.15,0.9,1.0
LFMD,2008-10-13,1.25,1.75,1.25,1.75
LFMD,2008-10-14,0.9,1.75,0.9,1.7
LFMD,2008-10-15,1.0,1.0,1.0,1.0
LFMD,2008-10-16,1.0,1.0,1.0,1.0
LFMD,2008-10-17,1.7,1.7,1.65,1.7
LFMD,2008-10-20,1.7,1.7,1.7,1.7
LFMD,2008-10-21,1.7,1.7,1.7,1.7
LFMD,2008-10-22,1.3,1.5,1.3,1.5
LFMD,2008-10-23,1.5,1.5,1.5,1.5
LFMD,2008-10-24,1.5,1.5,1.25,1.25
LFMD,2008-10-27,1.5,1.6,1.5,1.6
LFMD,2008-10-28,0.9,0.9,0.9,0.9
LFMD,2008-10-29,1.6,1.6,1.6,1.6
LFMD,2008-10-30,1.6,1.6,1.6,1.6
LFMD,2008-10-31,0.9,1.6,0.9,1.6
LFMD,2008-11-03,0.9,0.9,0.9,0.9
LFMD,2008-11-04,0.9,0.9,0.9,0.9
LFMD,2008-11-05,0.9,1.6,0.9,1.6
LFMD,2008-11-06,1.6,1.6,1.6,1.6
LFMD,2008-11-07,0.95,1.4,0.95,1.4
LFMD,2008-11-10,1.4,1.4,1.4,1.4
LFMD,2008-11-11,0.95,1.35,0.95,1.35
LFMD,2008-11-12,1.35,1.35,1.35,1.35
LFMD,2008-11-13,1.25,1.25,1.25,1.25
LFMD,2008-11-14,1.25,1.25,1.25,1.25
LFMD,2008-11-17,1.25,1.25,1.25,1.25
LFMD,2008-11-18,1.0,1.25,0.95,1.25
LFMD,2008-11-19,0.95,0.95,0.95,0.95
LFMD,2008-11-20,0.95,0.95,0.95,0.95
LFMD,2008-11-21,0.95,1.0,0.9,0.9
LFMD,2008-11-24,0.95,0.95,0.9,0.9
LFMD,2008-11-25,0.9,0.9,0.9,0.9
LFMD,2008-11-26,0.95,0.95,0.95,0.95
LFMD,2008-11-28,1.0,1.0,1.0,1.0
LFMD,2008-12-01,0.95,1.0,0.95,1.0
LFMD,2008-12-02,0.95,0.95,0.95,0.95
LFMD,2008-12-03,0.95,1.4,0.95,1.4
LFMD,2008-12-04,1.4,1.4,1.4,1.4
LFMD,2008-12-05,1.15,1.4,1.15,1.4
LFMD,2008-12-08,1.4,1.4,1.4,1.4
LFMD,2008-12-09,1.0,1.35,1.0,1.35
LFMD,2008-12-10,1.35,1.35,1.35,1.35
LFMD,2008-12-11,0.95,1.4,0.95,1.4
LFMD,2008-12-12,1.4,1.4,1.4,1.4
LFMD,2008-12-15,0.95,0.95,0.95,0.95
LFMD,2008-12-16,0.95,1.4,0.95,1.35
LFMD,2008-12-17,1.35,1.35,1.35,1.35
LFMD,2008-12-18,0.95,1.35,0.95,1.35
LFMD,2008-12-19,1.35,1.35,1.35,1.35
LFMD,2008-12-22,1.35,1.35,1.35,1.35
LFMD,2008-12-23,1.35,1.35,1.35,1.35
LFMD,2008-12-24,0.95,1.35,0.95,1.35
LFMD,2008-12-26,0.95,0.95,0.95,0.95
LFMD,2008-12-29,0.95,1.25,0.95,1.25
LFMD,2008-12-30,1.25,1.25,1.25,1.25
LFMD,2008-12-31,0.95,0.95,0.95,0.95
LFMD,2009-01-02,0.95,0.95,0.95,0.95
LFMD,2009-01-05,0.95,1.2,0.95,1.2
LFMD,2009-01-06,0.95,0.95,0.95,0.95
LFMD,2009-01-07,1.0,1.5,0.75,1.0
LFMD,2009-01-08,1.0,1.0,1.0,1.0
LFMD,2009-01-09,1.0,1.0,1.0,1.0
LFMD,2009-01-12,1.0,1.0,1.0,1.0
LFMD,2009-01-13,1.0,1.0,1.0,1.0
LFMD,2009-01-14,1.4,1.5,1.4,1.5
LFMD,2009-01-15,1.5,1.5,1.0,1.0
LFMD,2009-01-16,0.8,0.8,0.55,0.55
LFMD,2009-01-20,0.55,0.55,0.55,0.55
LFMD,2009-01-21,0.65,0.65,0.65,0.65
LFMD,2009-01-22,0.7,0.7,0.7,0.7
LFMD,2009-01-23,0.7,0.7,0.7,0.7
LFMD,2009-01-26,0.7,0.7,0.7,0.7
LFMD,2009-01-27,0.7,0.7,0.7,0.7
LFMD,2009-01-28,0.7,0.7,0.7,0.7
LFMD,2009-01-29,0.75,0.75,0.75,0.75
LFMD,2009-01-30,0.75,0.75,0.75,0.75
LFMD,2009-02-02,0.75,0.75,0.75,0.75
LFMD,2009-02-03,0.75,0.75,0.75,0.75
LFMD,2009-02-04,0.75,0.75,0.75,0.75
LFMD,2009-02-05,0.75,0.75,0.75,0.75
LFMD,2009-02-06,0.75,0.75,0.75,0.75
LFMD,2009-02-09,0.9,0.9,0.75,0.75
LFMD,2009-02-10,0.75,0.75,0.75,0.75
LFMD,2009-02-11,0.75,0.75,0.75,0.75
LFMD,2009-02-12,0.75,0.75,0.75,0.75
LFMD,2009-02-13,0.75,0.75,0.75,0.75
LFMD,2009-02-17,0.75,0.75,0.75,0.75
LFMD,2009-02-18,0.6,0.6,0.6,0.6
LFMD,2009-02-19,0.6,0.6,0.6,0.6
LFMD,2009-02-20,0.65,0.65,0.6,0.6
LFMD,2009-02-23,0.65,0.65,0.6,0.6
LFMD,2009-02-24,0.6,0.6,0.6,0.6
LFMD,2009-02-25,0.6,0.6,0.6,0.6
LFMD,2009-02-26,0.6,0.6,0.6,0.6
LFMD,2009-02-27,0.6,0.6,0.6,0.6
LFMD,2009-03-02,0.6,0.6,0.6,0.6
LFMD,2009-03-03,0.6,0.6,0.6,0.6
LFMD,2009-03-04,0.6,0.6,0.6,0.6
LFMD,2009-03-05,0.6,0.6,0.6,0.6
LFMD,2009-03-06,0.6,0.6,0.6,0.6
LFMD,2009-03-09,0.6,0.6,0.6,0.6
LFMD,2009-03-10,0.6,0.6,0.6,0.6
LFMD,2009-03-11,0.6,0.6,0.6,0.6
LFMD,2009-03-12,0.6,0.6,0.6,0.6
LFMD,2009-03-13,0.6,0.6,0.6,0.6
LFMD,2009-03-16,0.6,0.6,0.6,0.6
LFMD,2009-03-17,0.6,0.6,0.6,0.6
LFMD,2009-03-18,0.6,0.6,0.6,0.6
LFMD,2009-03-19,0.6,0.6,0.6,0.6
LFMD,2009-03-20,0.6,0.6,0.6,0.6
LFMD,2009-03-23,0.6,0.6,0.6,0.6
LFMD,2009-03-24,0.6,0.6,0.6,0.6
LFMD,2009-03-25,0.6,0.75,0.6,0.75
LFMD,2009-03-26,0.6,0.75,0.6,0.75
LFMD,2009-03-27,0.75,0.75,0.75,0.75
LFMD,2009-03-30,0.85,0.85,0.85,0.85
LFMD,2009-03-31,1.15,1.15,1.15,1.15
LFMD,2009-04-01,1.15,1.15,1.15,1.15
LFMD,2009-04-02,1.1,1.15,1.1,1.15
LFMD,2009-04-03,1.2,1.2,1.2,1.2
LFMD,2009-04-06,0.75,0.75,0.7,0.7
LFMD,2009-04-07,0.7,1.15,0.7,1.15
LFMD,2009-04-08,0.65,0.95,0.65,0.95
LFMD,2009-04-09,0.95,0.95,0.95,0.95
LFMD,2009-04-13,0.65,0.65,0.65,0.65
LFMD,2009-04-14,0.65,0.9,0.65,0.9
LFMD,2009-04-15,0.7,0.9,0.7,0.9
LFMD,2009-04-16,0.9,0.9,0.9,0.9
LFMD,2009-04-17,0.9,0.9,0.9,0.9
LFMD,2009-04-20,0.9,1.1,0.9,1.1
LFMD,2009-04-21,1.1,1.1,1.1,1.1
LFMD,2009-04-22,1.05,1.05,1.05,1.05
LFMD,2009-04-23,1.05,1.05,1.05,1.05
LFMD,2009-04-24,1.05,1.05,1.05,1.05
LFMD,2009-04-27,1.0,1.05,0.85,1.05
LFMD,2009-04-28,1.05,1.05,1.05,1.05
LFMD,2009-04-29,0.7,1.05,0.7,1.05
LFMD,2009-04-30,1.05,1.05,1.05,1.05
LFMD,2009-05-01,1.05,1.05,1.05,1.05
LFMD,2009-05-04,0.75,1.05,0.75,1.05
LFMD,2009-05-05,1.1,1.4,0.9,0.9
LFMD,2009-05-06,0.9,1.15,0.8,1.15
LFMD,2009-05-07,0.85,0.85,0.6,0.75
LFMD,2009-05-08,0.95,0.95,0.7,0.7
LFMD,2009-05-11,0.75,1.0,0.75,1.0
LFMD,2009-05-12,0.75,1.0,0.75,1.0
LFMD,2009-05-13,0.75,1.0,0.75,1.0
LFMD,2009-05-14,1.0,1.0,1.0,1.0
LFMD,2009-05-15,1.0,1.0,1.0,1.0
LFMD,2009-05-18,1.0,1.0,1.0,1.0
LFMD,2009-05-19,1.1,1.1,1.1,1.1
LFMD,2009-05-20,0.8,1.1,0.8,1.1
LFMD,2009-05-21,1.1,1.1,1.1,1.1
LFMD,2009-05-22,1.1,1.1,1.1,1.1
LFMD,2009-05-26,1.1,1.1,1.1,1.1
LFMD,2009-05-27,1.1,1.1,1.1,1.1
LFMD,2009-05-28,0.75,1.05,0.75,1.05
LFMD,2009-05-29,1.05,1.1,0.75,1.1
LFMD,2009-06-01,0.9,1.0,0.9,1.0
LFMD,2009-06-02,1.05,1.1,0.9,1.1
LFMD,2009-06-03,1.1,1.1,1.1,1.1
LFMD,2009-06-04,1.1,1.1,1.1,1.1
LFMD,2009-06-05,1.1,1.1,1.1,1.1
LFMD,2009-06-08,1.1,1.1,1.1,1.1
LFMD,2009-06-09,0.95,1.1,0.95,1.1
LFMD,2009-06-10,1.05,1.05,1.05,1.05
LFMD,2009-06-11,1.0,1.05,1.0,1.05
LFMD,2009-06-12,0.75,1.05,0.75,1.05
LFMD,2009-06-15,0.75,1.1,0.75,1.1
LFMD,2009-06-16,0.9,1.05,0.9,1.05
LFMD,2009-06-17,0.9,1.1,0.9,0.9
LFMD,2009-06-18,0.9,1.1,0.85,1.1
LFMD,2009-06-19,1.1,1.1,0.85,1.1
LFMD,2009-06-22,0.85,1.05,0.85,1.05
LFMD,2009-06-23,1.05,1.05,1.05,1.05
LFMD,2009-06-24,1.1,1.2,1.1,1.2
LFMD,2009-06-25,0.95,1.1,0.95,1.1
LFMD,2009-06-26,0.95,1.05,0.95,1.05
LFMD,2009-06-29,0.9,0.9,0.85,0.85
LFMD,2009-06-30,0.85,1.0,0.85,1.0
LFMD,2009-07-01,0.85,0.85,0.85,0.85
LFMD,2009-07-02,0.8,0.9,0.8,0.9
LFMD,2009-07-06,0.75,0.95,0.75,0.95
LFMD,2009-07-07,0.95,0.95,0.95,0.95
LFMD,2009-07-08,0.75,0.75,0.75,0.75
LFMD,2009-07-09,0.95,0.95,0.95,0.95
LFMD,2009-07-10,0.75,0.95,0.75,0.95
LFMD,2009-07-13,0.95,0.95,0.95,0.95
LFMD,2009-07-14,0.95,0.95,0.95,0.95
LFMD,2009-07-15,0.9,0.9,0.9,0.9
LFMD,2009-07-16,0.9,0.9,0.9,0.9
LFMD,2009-07-17,0.9,0.9,0.9,0.9
LFMD,2009-07-20,0.75,0.9,0.75,0.9
LFMD,2009-07-21,0.9,0.9,0.9,0.9
LFMD,2009-07-22,0.7,0.95,0.7,0.95
LFMD,2009-07-23,0.95,0.95,0.95,0.95
LFMD,2009-07-24,0.9,0.95,0.9,0.95
LFMD,2009-07-27,1.1,1.1,1.1,1.1
LFMD,2009-07-28,1.1,1.1,1.1,1.1
LFMD,2009-07-29,1.1,1.1,1.1,1.1
LFMD,2009-07-30,0.9,0.9,0.9,0.9
LFMD,2009-07-31,0.9,0.9,0.9,0.9
LFMD,2009-08-03,0.8,1.0,0.8,1.0
LFMD,2009-08-04,0.8,1.0,0.8,1.0
LFMD,2009-08-05,1.0,1.0,1.0,1.0
LFMD,2009-08-06,1.0,1.0,1.0,1.0
LFMD,2009-08-07,0.9,1.0,0.9,1.0
LFMD,2009-08-10,1.0,1.0,1.0,1.0
LFMD,2009-08-11,1.0,1.0,1.0,1.0
LFMD,2009-08-12,0.9,0.9,0.9,0.9
LFMD,2009-08-13,0.9,0.9,0.85,0.85
LFMD,2009-08-14,0.85,0.85,0.85,0.85
LFMD,2009-08-17,0.85,0.85,0.85,0.85
LFMD,2009-08-18,0.85,0.85,0.8,0.8
LFMD,2009-08-19,0.8,0.8,0.8,0.8
LFMD,2009-08-20,0.85,0.9,0.85,0.9
LFMD,2009-08-21,0.9,0.9,0.9,0.9
LFMD,2009-08-24,0.85,0.85,0.85,0.85
LFMD,2009-08-25,0.85,0.85,0.85,0.85
LFMD,2009-08-26,0.85,1.1,0.85,1.0
LFMD,2009-08-27,1.0,1.2,0.85,1.2
LFMD,2009-08-28,1.2,1.2,0.9,1.15
LFMD,2009-08-31,0.9,0.9,0.9,0.9
LFMD,2009-09-01,0.95,0.95,0.85,0.85
LFMD,2009-09-02,0.85,0.85,0.85,0.85
LFMD,2009-09-03,1.0,1.0,0.75,0.75
LFMD,2009-09-04,0.75,0.75,0.75,0.75
LFMD,2009-09-08,0.9,1.0,0.9,0.95
LFMD,2009-09-09,0.95,0.95,0.95,0.95
LFMD,2009-09-10,0.9,0.95,0.9,0.95
LFMD,2009-09-11,0.95,0.95,0.95,0.95
LFMD,2009-09-14,0.85,1.0,0.85,1.0
LFMD,2009-09-15,1.0,1.0,1.0,1.0
LFMD,2009-09-16,0.85,1.0,0.85,1.0
LFMD,2009-09-17,1.0,1.0,1.0,1.0
LFMD,2009-09-18,1.0,1.0,0.85,1.0
LFMD,2009-09-21,1.0,1.0,1.0,1.0
LFMD,2009-09-22,1.0,1.0,1.0,1.0
LFMD,2009-09-23,0.9,1.05,0.9,1.05
LFMD,2009-09-24,0.95,0.95,0.85,0.85
LFMD,2009-09-25,0.85,0.95,0.85,0.95
LFMD,2009-09-28,0.95,0.95,0.95,0.95
LFMD,2009-09-29,0.85,0.9,0.85,0.9
LFMD,2009-09-30,0.8,0.9,0.75,0.9
LFMD,2009-10-01,0.8,0.8,0.8,0.8
LFMD,2009-10-02,0.8,0.9,0.8,0.9
LFMD,2009-10-05,0.8,0.9,0.7,0.7
LFMD,2009-10-06,0.7,0.75,0.7,0.75
LFMD,2009-10-07,0.75,0.75,0.75,0.75
LFMD,2009-10-08,0.75,0.75,0.75,0.75
LFMD,2009-10-09,0.75,0.75,0.75,0.75
LFMD,2009-10-12,0.75,0.85,0.65,0.65
LFMD,2009-10-13,0.65,0.8,0.65,0.7
LFMD,2009-10-14,0.8,0.8,0.8,0.8
LFMD,2009-10-15,0.7,0.8,0.7,0.8
LFMD,2009-10-16,0.8,0.8,0.8,0.8
LFMD,2009-10-19,0.7,0.8,0.7,0.8
LFMD,2009-10-20,0.7,0.7,0.7,0.7
LFMD,2009-10-21,0.8,0.8,0.8,0.8
LFMD,2009-10-22,0.8,0.8,0.8,0.8
LFMD,2009-10-23,0.8,0.8,0.8,0.8
LFMD,2009-10-26,0.8,0.8,0.8,0.8
LFMD,2009-10-27,0.8,0.8,0.8,0.8
LFMD,2009-10-28,0.8,0.8,0.8,0.8
LFMD,2009-10-29,0.7,0.7,0.7,0.7
LFMD,2009-10-30,0.8,0.8,0.7,0.8
LFMD,2009-11-02,0.7,0.8,0.7,0.7
LFMD,2009-11-03,0.7,0.7,0.7,0.7
LFMD,2009-11-04,0.7,0.7,0.7,0.7
LFMD,2009-11-05,0.7,0.75,0.7,0.75
LFMD,2009-11-06,0.75,0.75,0.75,0.75
LFMD,2009-11-09,0.7,0.75,0.7,0.7
LFMD,2009-11-10,0.75,0.75,0.75,0.75
LFMD,2009-11-11,0.7,0.75,0.7,0.75
LFMD,2009-11-12,0.7,0.75,0.7,0.75
LFMD,2009-11-13,0.75,0.75,0.75,0.75
LFMD,2009-11-16,0.8,0.8,0.8,0.8
LFMD,2009-11-17,0.8,0.9,0.8,0.9
LFMD,2009-11-18,0.9,0.9,0.9,0.9
LFMD,2009-11-19,0.85,0.85,0.85,0.85
LFMD,2009-11-20,0.85,0.85,0.85,0.85
LFMD,2009-11-23,0.85,0.85,0.85,0.85
LFMD,2009-11-24,0.85,0.85,0.85,0.85
LFMD,2009-11-25,0.85,1.0,0.85,1.0
LFMD,2009-11-27,0.95,0.95,0.95,0.95
LFMD,2009-11-30,0.85,1.0,0.85,1.0
LFMD,2009-12-01,1.0,1.0,0.8,1.0
LFMD,2009-12-02,1.0,1.15,0.85,0.85
LFMD,2009-12-03,0.9,0.9,0.9,0.9
LFMD,2009-12-04,0.9,0.9,0.9,0.9
LFMD,2009-12-07,0.85,0.85,0.85,0.85
LFMD,2009-12-08,0.85,0.85,0.85,0.85
LFMD,2009-12-09,0.85,0.85,0.85,0.85
LFMD,2009-12-10,1.15,1.15,0.85,1.15
LFMD,2009-12-11,1.15,1.15,1.15,1.15
LFMD,2009-12-14,1.15,1.15,0.9,1.15
LFMD,2009-12-15,1.15,1.15,1.15,1.15
LFMD,2009-12-16,1.15,1.15,0.9,0.9
LFMD,2009-12-17,1.15,1.15,0.95,1.1
LFMD,2009-12-18,1.1,1.1,1.1,1.1
LFMD,2009-12-21,0.9,1.1,0.9,1.1
LFMD,2009-12-22,1.1,1.1,1.1,1.1
LFMD,2009-12-23,1.1,1.1,1.1,1.1
LFMD,2009-12-24,1.1,1.1,1.1,1.1
LFMD,2009-12-28,0.9,1.15,0.9,1.15
LFMD,2009-12-29,1.15,1.15,1.15,1.15
LFMD,2009-12-30,1.15,1.15,0.9,1.15
LFMD,2009-12-31,1.15,1.15,1.15,1.15
LFMD,2010-01-04,0.95,1.15,0.95,1.15
LFMD,2010-01-05,1.15,1.15,1.15,1.15
LFMD,2010-01-06,1.15,1.15,1.15,1.15
LFMD,2010-01-07,1.0,1.1,1.0,1.1
LFMD,2010-01-08,1.1,1.1,1.1,1.1
LFMD,2010-01-11,1.1,1.1,1.1,1.1
LFMD,2010-01-12,0.9,1.1,0.9,1.1
LFMD,2010-01-13,1.1,1.1,1.1,1.1
LFMD,2010-01-14,1.1,1.1,0.95,0.95
LFMD,2010-01-15,1.05,1.05,1.05,1.05
LFMD,2010-01-19,0.95,1.0,0.9,1.0
LFMD,2010-01-20,1.0,1.0,1.0,1.0
LFMD,2010-01-21,1.0,1.0,1.0,1.0
LFMD,2010-01-22,1.0,1.0,1.0,1.0
LFMD,2010-01-25,0.9,0.9,0.9,0.9
LFMD,2010-01-26,0.9,1.0,0.9,1.0
LFMD,2010-01-27,0.9,0.9,0.8,0.8
LFMD,2010-01-28,0.8,0.95,0.8,0.95
LFMD,2010-01-29,0.95,0.95,0.95,0.95
LFMD,2010-02-01,0.95,0.95,0.95,0.95
LFMD,2010-02-02,0.95,0.95,0.95,0.95
LFMD,2010-02-03,0.95,0.95,0.95,0.95
LFMD,2010-02-04,0.8,0.85,0.7,0.85
LFMD,2010-02-05,0.7,0.7,0.7,0.7
LFMD,2010-02-08,0.85,0.85,0.85,0.85
LFMD,2010-02-09,0.75,0.75,0.75,0.75
LFMD,2010-02-10,0.75,0.75,0.75,0.75
LFMD,2010-02-11,0.75,0.75,0.75,0.75
LFMD,2010-02-12,0.75,0.75,0.75,0.75
LFMD,2010-02-16,0.75,0.75,0.7,0.7
LFMD,2010-02-17,0.7,0.7,0.7,0.7
LFMD,2010-02-18,0.7,0.7,0.7,0.7
LFMD,2010-02-19,0.7,0.7,0.7,0.7
LFMD,2010-02-22,0.7,0.7,0.7,0.7
LFMD,2010-02-23,0.75,0.9,0.75,0.9
LFMD,2010-02-24,0.9,0.9,0.9,0.9
LFMD,2010-02-25,0.85,0.9,0.8,0.9
LFMD,2010-02-26,0.9,0.9,0.9,0.9
LFMD,2010-03-01,0.9,0.9,0.9,0.9
LFMD,2010-03-02,0.9,0.9,0.9,0.9
LFMD,2010-03-03,0.9,0.9,0.9,0.9
LFMD,2010-03-04,0.9,0.9,0.9,0.9
LFMD,2010-03-05,0.9,0.9,0.9,0.9
LFMD,2010-03-08,0.8,1.0,0.8,1.0
LFMD,2010-03-09,0.95,1.0,0.95,0.95
LFMD,2010-03-10,0.95,1.0,0.95,1.0
LFMD,2010-03-11,0.9,0.9,0.9,0.9
LFMD,2010-03-12,1.0,1.0,1.0,1.0
LFMD,2010-03-15,1.0,1.0,1.0,1.0
LFMD,2010-03-16,0.9,1.1,0.9,1.1
LFMD,2010-03-17,0.9,1.1,0.9,1.1
LFMD,2010-03-18,0.9,1.1,0.9,1.1
LFMD,2010-03-19,1.1,1.1,1.1,1.1
LFMD,2010-03-22,1.1,1.1,1.1,1.1
LFMD,2010-03-23,1.1,1.1,1.1,1.1
LFMD,2010-03-24,0.9,1.1,0.9,1.1
LFMD,2010-03-25,0.9,1.05,0.9,0.9
LFMD,2010-03-26,0.9,1.0,0.85,0.85
LFMD,2010-03-29,0.85,0.85,0.85,0.85
LFMD,2010-03-30,0.85,0.85,0.85,0.85
LFMD,2010-03-31,0.85,0.85,0.85,0.85
LFMD,2010-04-01,0.85,0.85,0.85,0.85
LFMD,2010-04-05,0.8,0.8,0.8,0.8
LFMD,2010-04-06,0.8,0.8,0.8,0.8
LFMD,2010-04-07,0.75,0.75,0.75,0.75
LFMD,2010-04-08,0.7,0.7,0.7,0.7
LFMD,2010-04-09,0.7,0.7,0.7,0.7
LFMD,2010-04-12,0.7,0.7,0.7,0.7
LFMD,2010-04-13,0.7,0.7,0.7,0.7
LFMD,2010-04-14,0.9,0.9,0.9,0.9
LFMD,2010-04-15,0.7,0.7,0.7,0.7
LFMD,2010-04-16,0.7,0.7,0.7,0.7
LFMD,2010-04-19,0.7,0.7,0.7,0.7
LFMD,2010-04-20,0.7,0.7,0.7,0.7
LFMD,2010-04-21,0.7,0.7,0.7,0.7
LFMD,2010-04-22,0.7,0.7,0.7,0.7
LFMD,2010-04-23,0.9,0.9,0.9,0.9
LFMD,2010-04-26,0.7,0.85,0.65,0.7
LFMD,2010-04-27,0.7,0.7,0.7,0.7
LFMD,2010-04-28,0.85,0.85,0.85,0.85
LFMD,2010-04-29,0.75,0.75,0.75,0.75
LFMD,2010-04-30,0.75,0.85,0.65,0.7
LFMD,2010-05-03,0.7,0.7,0.7,0.7
LFMD,2010-05-04,0.7,0.7,0.7,0.7
LFMD,2010-05-05,0.6,0.85,0.6,0.85
LFMD,2010-05-06,0.85,0.85,0.85,0.85
LFMD,2010-05-07,0.6,0.6,0.6,0.6
LFMD,2010-05-10,0.85,0.85,0.85,0.85
LFMD,2010-05-11,0.85,0.85,0.85,0.85
LFMD,2010-05-12,0.7,0.7,0.7,0.7
LFMD,2010-05-13,0.7,0.7,0.7,0.7
LFMD,2010-05-14,0.85,0.85,0.85,0.85
LFMD,2010-05-17,0.85,0.85,0.85,0.85
LFMD,2010-05-18,0.7,0.85,0.7,0.7
LFMD,2010-05-19,0.85,0.85,0.85,0.85
LFMD,2010-05-20,0.7,0.85,0.6,0.85
LFMD,2010-05-21,0.85,0.85,0.85,0.85
LFMD,2010-05-24,0.85,0.85,0.85,0.85
LFMD,2010-05-25,0.85,0.85,0.85,0.85
LFMD,2010-05-26,0.85,0.85,0.85,0.85
LFMD,2010-05-27,0.85,0.85,0.85,0.85
LFMD,2010-05-28,0.6,0.6,0.6,0.6
LFMD,2010-06-01,0.85,0.85,0.85,0.85
LFMD,2010-06-02,0.85,0.85,0.85,0.85
LFMD,2010-06-03,0.85,0.85,0.85,0.85
LFMD,2010-06-04,0.6,0.6,0.6,0.6
LFMD,2010-06-07,0.8,0.8,0.8,0.8
LFMD,2010-06-08,0.8,0.8,0.8,0.8
LFMD,2010-06-09,0.8,0.8,0.8,0.8
LFMD,2010-06-10,0.6,0.8,0.6,0.8
LFMD,2010-06-11,0.8,0.8,0.8,0.8
LFMD,2010-06-14,0.8,0.8,0.8,0.8
LFMD,2010-06-15,0.8,0.8,0.8,0.8
LFMD,2010-06-16,0.8,0.8,0.8,0.8
LFMD,2010-06-17,0.8,0.8,0.8,0.8
LFMD,2010-06-18,0.8,0.8,0.8,0.8
LFMD,2010-06-21,0.65,0.8,0.65,0.8
LFMD,2010-06-22,0.8,0.8,0.8,0.8
LFMD,2010-06-23,0.8,0.8,0.8,0.8
LFMD,2010-06-24,0.65,0.65,0.65,0.65
LFMD,2010-06-25,0.85,0.85,0.85,0.85
LFMD,2010-06-28,0.85,0.85,0.85,0.85
LFMD,2010-06-29,0.85,0.85,0.85,0.85
LFMD,2010-06-30,0.65,0.85,0.65,0.85
LFMD,2010-07-01,0.8,0.85,0.8,0.85
LFMD,2010-07-02,0.9,0.95,0.85,0.95
LFMD,2010-07-06,0.85,0.95,0.85,0.95
LFMD,2010-07-07,0.95,0.95,0.95,0.95
LFMD,2010-07-08,0.95,0.95,0.95,0.95
LFMD,2010-07-09,0.95,0.95,0.95,0.95
LFMD,2010-07-12,0.95,1.1,0.9,1.1
LFMD,2010-07-13,1.1,1.1,1.1,1.1
LFMD,2010-07-14,1.1,1.1,1.1,1.1
LFMD,2010-07-15,1.1,1.1,1.0,1.1
LFMD,2010-07-16,0.85,0.85,0.85,0.85
LFMD,2010-07-19,1.0,1.0,1.0,1.0
LFMD,2010-07-20,1.0,1.0,1.0,1.0
LFMD,2010-07-21,1.0,1.0,1.0,1.0
LFMD,2010-07-22,1.0,1.0,1.0,1.0
LFMD,2010-07-23,1.05,1.15,1.0,1.15
LFMD,2010-07-26,1.15,1.15,1.15,1.15
LFMD,2010-07-27,1.15,1.15,1.15,1.15
LFMD,2010-07-28,1.0,1.35,1.0,1.35
LFMD,2010-07-29,1.25,1.3,1.25,1.3
LFMD,2010-07-30,1.3,1.5,1.25,1.5
LFMD,2010-08-02,1.75,2.0,1.75,1.95
LFMD,2010-08-03,1.9,1.9,1.55,1.55
LFMD,2010-08-04,1.55,1.55,1.55,1.55
LFMD,2010-08-05,1.55,1.55,1.55,1.55
LFMD,2010-08-06,1.55,1.55,1.55,1.55
LFMD,2010-08-09,1.55,1.55,1.55,1.55
LFMD,2010-08-10,1.55,1.95,1.5,1.9
LFMD,2010-08-11,1.9,1.9,1.9,1.9
LFMD,2010-08-12,1.9,1.9,1.9,1.9
LFMD,2010-08-13,1.5,1.5,1.5,1.5
LFMD,2010-08-16,1.5,1.5,1.5,1.5
LFMD,2010-08-17,1.85,1.85,1.85,1.85
LFMD,2010-08-18,1.5,1.85,1.5,1.85
LFMD,2010-08-19,1.85,1.85,1.85,1.85
LFMD,2010-08-20,1.85,1.85,1.85,1.85
LFMD,2010-08-23,1.55,1.55,1.55,1.55
LFMD,2010-08-24,1.5,1.6,1.25,1.6
LFMD,2010-08-25,1.6,1.6,1.6,1.6
LFMD,2010-08-26,1.5,1.5,1.5,1.5
LFMD,2010-08-27,1.5,1.5,1.5,1.5
LFMD,2010-08-30,1.5,1.5,1.5,1.5
LFMD,2010-08-31,1.5,1.5,1.5,1.5
LFMD,2010-09-01,1.05,1.65,1.0,1.65
LFMD,2010-09-02,1.65,1.65,1.65,1.65
LFMD,2010-09-03,1.65,1.65,1.65,1.65
LFMD,2010-09-07,1.45,1.75,1.45,1.75
LFMD,2010-09-08,1.4,1.75,1.4,1.75
LFMD,2010-09-09,1.75,1.75,1.75,1.75
LFMD,2010-09-10,1.4,1.4,1.4,1.4
LFMD,2010-09-13,1.7,1.7,1.7,1.7
LFMD,2010-09-14,1.4,1.4,1.0,1.3
LFMD,2010-09-15,1.3,1.3,1.3,1.3
LFMD,2010-09-16,1.3,1.6,1.25,1.35
LFMD,2010-09-17,1.1,1.6,1.1,1.6
LFMD,2010-09-20,1.6,1.6,1.1,1.6
LFMD,2010-09-21,1.6,1.6,1.6,1.6
LFMD,2010-09-22,1.65,1.65,1.65,1.65
LFMD,2010-09-23,1.5,1.6,1.1,1.6
LFMD,2010-09-24,1.5,1.5,1.5,1.5
LFMD,2010-09-27,1.5,1.5,1.5,1.5
LFMD,2010-09-28,1.6,1.6,1.25,1.25
LFMD,2010-09-29,1.25,1.25,1.25,1.25
LFMD,2010-09-30,1.25,1.25,1.25,1.25
LFMD,2010-10-01,1.25,1.25,1.25,1.25
LFMD,2010-10-04,1.3,1.3,1.3,1.3
LFMD,2010-10-05,1.6,1.6,1.6,1.6
LFMD,2010-10-06,1.6,1.6,1.6,1.6
LFMD,2010-10-07,1.3,1.6,1.3,1.6
LFMD,2010-10-08,1.65,1.65,1.65,1.65
LFMD,2010-10-11,1.25,1.25,1.25,1.25
LFMD,2010-10-12,1.25,1.4,1.0,1.25
LFMD,2010-10-13,0.9,1.25,0.9,1.25
LFMD,2010-10-14,1.25,1.25,1.25,1.25
LFMD,2010-10-15,1.25,1.25,1.25,1.25
LFMD,2010-10-18,0.95,1.25,0.95,1.25
LFMD,2010-10-19,1.5,1.5,1.0,1.5
LFMD,2010-10-20,1.5,1.5,1.5,1.5
LFMD,2010-10-21,1.5,1.5,1.5,1.5
LFMD,2010-10-22,1.5,1.5,1.5,1.5
LFMD,2010-10-25,1.0,1.4,1.0,1.4
LFMD,2010-10-26,1.4,1.4,1.4,1.4
LFMD,2010-10-27,1.4,1.4,1.4,1.4
LFMD,2010-10-28,1.4,1.4,1.4,1.4
LFMD,2010-10-29,1.4,1.4,1.4,1.4
LFMD,2010-11-01,1.4,1.4,1.4,1.4
LFMD,2010-11-02,1.0,1.35,1.0,1.35
LFMD,2010-11-03,1.35,1.35,1.35,1.35
LFMD,2010-11-04,1.35,1.35,1.35,1.35
LFMD,2010-11-05,1.0,1.35,1.0,1.35
LFMD,2010-11-08,1.35,1.35,1.35,1.35
LFMD,2010-11-09,1.0,1.3,0.9,1.2
LFMD,2010-11-10,1.2,1.2,1.2,1.2
LFMD,2010-11-11,1.2,1.2,1.2,1.2
LFMD,2010-11-12,1.2,1.2,1.2,1.2
LFMD,2010-11-15,1.2,1.2,1.2,1.2
LFMD,2010-11-16,1.15,1.15,1.15,1.15
LFMD,2010-11-17,1.1,1.35,1.1,1.2
LFMD,2010-11-18,1.0,1.2,1.0,1.2
LFMD,2010-11-19,1.0,1.2,1.0,1.2
LFMD,2010-11-22,1.2,1.2,1.2,1.2
LFMD,2010-11-23,1.0,1.15,1.0,1.15
LFMD,2010-11-24,1.15,1.15,1.15,1.15
LFMD,2010-11-26,1.0,1.2,1.0,1.2
LFMD,2010-11-29,1.2,1.2,1.2,1.2
LFMD,2010-11-30,1.1,1.25,1.1,1.25
LFMD,2010-12-01,1.25,1.25,1.25,1.25
LFMD,2010-12-02,1.05,1.25,1.05,1.05
LFMD,2010-12-03,1.05,1.05,0.9,1.0
LFMD,2010-12-06,1.0,1.25,1.0,1.25
LFMD,2010-12-07,1.35,1.45,1.35,1.45
LFMD,2010-12-08,1.45,1.45,1.3,1.35
LFMD,2010-12-09,1.35,1.35,1.35,1.35
LFMD,2010-12-10,1.25,1.5,1.25,1.5
LFMD,2010-12-13,1.5,1.6,1.4,1.6
LFMD,2010-12-14,1.25,1.3,1.25,1.3
LFMD,2010-12-15,1.3,1.3,1.3,1.3
LFMD,2010-12-16,1.4,1.4,1.4,1.4
LFMD,2010-12-17,1.4,1.4,1.4,1.4
LFMD,2010-12-20,1.05,1.1,1.05,1.1
LFMD,2010-12-21,1.1,1.1,1.1,1.1
LFMD,2010-12-22,1.1,1.1,1.1,1.1
LFMD,2010-12-23,1.0,1.5,1.0,1.15
LFMD,2010-12-27,1.0,1.0,1.0,1.0
LFMD,2010-12-28,1.5,1.5,1.5,1.5
LFMD,2010-12-29,1.05,1.05,1.05,1.05
LFMD,2010-12-30,1.05,1.05,1.05,1.05
LFMD,2010-12-31,1.1,1.25,1.0,1.25
LFMD,2011-01-03,1.25,1.25,1.25,1.25
LFMD,2011-01-04,1.25,1.25,1.25,1.25
LFMD,2011-01-05,1.25,1.25,1.1,1.25
LFMD,2011-01-06,1.25,1.25,1.25,1.25
LFMD,2011-01-07,1.25,1.45,1.25,1.45
LFMD,2011-01-10,1.25,1.35,1.1,1.35
LFMD,2011-01-11,1.1,1.35,1.1,1.35
LFMD,2011-01-12,1.1,1.35,1.1,1.35
LFMD,2011-01-13,1.5,1.5,1.2,1.5
LFMD,2011-01-14,1.5,1.5,1.5,1.5
LFMD,2011-01-18,1.5,1.5,1.5,1.5
LFMD,2011-01-19,1.5,1.5,1.5,1.5
LFMD,2011-01-20,1.1,1.1,1.1,1.1
LFMD,2011-01-21,1.1,1.4,1.1,1.4
LFMD,2011-01-24,1.4,1.4,1.4,1.4
LFMD,2011-01-25,1.0,1.25,1.0,1.25
LFMD,2011-01-26,1.25,1.25,1.25,1.25
LFMD,2011-01-27,1.25,1.25,1.25,1.25
LFMD,2011-01-28,1.25,1.25,1.25,1.25
LFMD,2011-01-31,1.0,1.25,1.0,1.25
LFMD,2011-02-01,1.25,1.25,1.25,1.25
LFMD,2011-02-02,1.0,1.15,1.0,1.15
LFMD,2011-02-03,1.15,1.15,1.15,1.15
LFMD,2011-02-04,1.0,1.0,1.0,1.0
LFMD,2011-02-07,1.0,1.0,1.0,1.0
LFMD,2011-02-08,1.0,1.5,1.0,1.4
LFMD,2011-02-09,1.5,1.5,1.5,1.5
LFMD,2011-02-10,1.0,1.25,1.0,1.25
LFMD,2011-02-11,1.25,1.25,1.25,1.25
LFMD,2011-02-14,1.25,1.25,1.25,1.25
LFMD,2011-02-15,1.25,1.25,1.25,1.25
LFMD,2011-02-16,1.0,1.0,1.0,1.0
LFMD,2011-02-17,1.2,1.2,1.2,1.2
LFMD,2011-02-18,1.2,1.2,1.2,1.2
LFMD,2011-02-22,1.2,1.2,1.2,1.2
LFMD,2011-02-23,1.0,1.05,1.0,1.05
LFMD,2011-02-24,1.0,1.1,1.0,1.1
LFMD,2011-02-25,1.05,1.1,1.05,1.1
LFMD,2011-02-28,1.0,1.15,1.0,1.15
LFMD,2011-03-01,1.2,1.3,1.1,1.3
LFMD,2011-03-02,1.3,1.3,1.3,1.3
LFMD,2011-03-03,1.05,1.3,1.05,1.3
LFMD,2011-03-04,1.3,1.3,1.3,1.3
LFMD,2011-03-07,1.3,1.3,1.3,1.3
LFMD,2011-03-08,1.05,1.3,1.05,1.3
LFMD,2011-03-09,1.3,1.3,1.3,1.3
LFMD,2011-03-10,1.05,1.2,1.0,1.2
LFMD,2011-03-11,1.0,1.15,1.0,1.15
LFMD,2011-03-14,1.0,1.0,1.0,1.0
LFMD,2011-03-15,1.0,1.15,1.0,1.1
LFMD,2011-03-16,1.1,1.1,1.1,1.1
LFMD,2011-03-17,1.0,1.0,1.0,1.0
LFMD,2011-03-18,1.1,1.1,1.1,1.1
LFMD,2011-03-21,1.05,1.25,1.05,1.25
LFMD,2011-03-22,1.25,1.25,1.25,1.25
LFMD,2011-03-23,1.25,1.25,1.25,1.25
LFMD,2011-03-24,1.0,1.15,1.0,1.15
LFMD,2011-03-25,1.0,1.15,1.0,1.15
LFMD,2011-03-28,0.95,0.95,0.95,0.95
LFMD,2011-03-29,0.95,0.95,0.95,0.95
LFMD,2011-03-30,1.15,1.15,1.05,1.05
LFMD,2011-03-31,1.05,1.05,1.05,1.05
LFMD,2011-04-01,1.15,1.15,1.15,1.15
LFMD,2011-04-04,1.0,1.15,1.0,1.15
LFMD,2011-04-05,1.15,1.15,1.15,1.15
LFMD,2011-04-06,1.15,1.15,1.15,1.15
LFMD,2011-04-07,1.15,1.15,1.15,1.15
LFMD,2011-04-08,1.15,1.15,1.15,1.15
LFMD,2011-04-11,1.15,1.15,1.15,1.15
LFMD,2011-04-12,1.15,1.15,1.15,1.15
LFMD,2011-04-13,1.05,1.05,1.05,1.05
LFMD,2011-04-14,1.05,1.05,1.05,1.05
LFMD,2011-04-15,1.05,1.05,1.05,1.05
LFMD,2011-04-18,1.0,1.0,1.0,1.0
LFMD,2011-04-19,0.95,0.95,0.95,0.95
LFMD,2011-04-20,1.05,1.05,1.05,1.05
LFMD,2011-04-21,1.05,1.15,1.0,1.15
LFMD,2011-04-25,1.1,1.1,1.1,1.1
LFMD,2011-04-26,1.1,1.1,1.1,1.1
LFMD,2011-04-27,1.1,1.1,1.1,1.1
LFMD,2011-04-28,1.0,1.0,1.0,1.0
LFMD,2011-04-29,1.0,1.0,1.0,1.0
LFMD,2011-05-02,1.0,1.0,1.0,1.0
LFMD,2011-05-03,1.0,1.0,1.0,1.0
LFMD,2011-05-04,1.0,1.0,1.0,1.0
LFMD,2011-05-05,0.95,0.95,0.95,0.95
LFMD,2011-05-06,0.95,0.95,0.95,0.95
LFMD,2011-05-09,0.95,0.95,0.95,0.95
LFMD,2011-05-10,0.95,0.95,0.95,0.95
LFMD,2011-05-11,0.85,0.85,0.85,0.85
LFMD,2011-05-12,0.85,0.85,0.85,0.85
LFMD,2011-05-13,0.9,1.0,0.85,1.0
LFMD,2011-05-16,1.0,1.0,1.0,1.0
LFMD,2011-05-17,1.0,1.0,1.0,1.0
LFMD,2011-05-18,1.0,1.0,1.0,1.0
LFMD,2011-05-19,0.75,0.9,0.75,0.85
LFMD,2011-05-20,0.75,0.85,0.75,0.85
LFMD,2011-05-23,0.75,0.75,0.75,0.75
LFMD,2011-05-24,0.85,0.85,0.85,0.85
LFMD,2011-05-25,0.8,0.8,0.7,0.7
LFMD,2011-05-26,0.7,0.7,0.7,0.7
LFMD,2011-05-27,0.8,0.8,0.8,0.8
LFMD,2011-05-31,0.8,0.8,0.8,0.8
LFMD,2011-06-01,0.8,0.8,0.8,0.8
LFMD,2011-06-02,0.8,0.8,0.8,0.8
LFMD,2011-06-03,0.8,0.8,0.8,0.8
LFMD,2011-06-06,0.85,0.85,0.85,0.85
LFMD,2011-06-07,0.85,0.85,0.85,0.85
LFMD,2011-06-08,0.85,0.85,0.85,0.85
LFMD,2011-06-09,0.85,0.85,0.85,0.85
LFMD,2011-06-10,0.85,0.85,0.85,0.85
LFMD,2011-06-13,0.85,0.85,0.85,0.85
LFMD,2011-06-14,0.85,0.85,0.85,0.85
LFMD,2011-06-15,0.85,0.85,0.85,0.85
LFMD,2011-06-16,0.85,0.85,0.85,0.85
LFMD,2011-06-17,0.85,0.9,0.75,0.9
LFMD,2011-06-20,0.9,0.9,0.9,0.9
LFMD,2011-06-21,0.9,0.9,0.9,0.9
LFMD,2011-06-22,0.75,0.75,0.75,0.75
LFMD,2011-06-23,0.75,0.75,0.75,0.75
LFMD,2011-06-24,0.75,0.75,0.75,0.75
LFMD,2011-06-27,0.75,0.75,0.75,0.75
LFMD,2011-06-28,0.75,0.75,0.75,0.75
LFMD,2011-06-29,0.8,0.8,0.8,0.8
LFMD,2011-06-30,0.8,0.8,0.8,0.8
LFMD,2011-07-01,0.8,0.8,0.8,0.8
LFMD,2011-07-05,0.8,0.8,0.8,0.8
LFMD,2011-07-06,0.8,0.8,0.8,0.8
LFMD,2011-07-07,0.8,0.8,0.8,0.8
LFMD,2011-07-08,1.0,1.0,0.85,0.85
LFMD,2011-07-11,0.85,0.85,0.85,0.85
LFMD,2011-07-12,0.85,0.85,0.85,0.85
LFMD,2011-07-13,0.85,0.85,0.85,0.85
LFMD,2011-07-14,0.85,0.85,0.85,0.85
LFMD,2011-07-15,0.85,0.85,0.85,0.85
LFMD,2011-07-18,0.85,0.85,0.85,0.85
LFMD,2011-07-19,0.85,0.85,0.85,0.85
LFMD,2011-07-20,0.85,0.85,0.85,0.85
LFMD,2011-07-21,0.85,0.85,0.85,0.85
LFMD,2011-07-22,0.85,0.85,0.85,0.85
LFMD,2011-07-25,0.85,0.85,0.85,0.85
LFMD,2011-07-26,0.85,0.85,0.85,0.85
LFMD,2011-07-27,0.85,0.85,0.85,0.85
LFMD,2011-07-28,0.85,0.85,0.85,0.85
LFMD,2011-07-29,0.85,1.0,0.85,1.0
LFMD,2011-08-01,1.0,1.0,1.0,1.0
LFMD,2011-08-02,1.0,1.0,1.0,1.0
LFMD,2011-08-03,1.0,1.0,1.0,1.0
LFMD,2011-08-04,1.0,1.0,1.0,1.0
LFMD,2011-08-05,1.0,1.0,1.0,1.0
LFMD,2011-08-08,0.85,0.85,0.75,0.75
LFMD,2011-08-09,0.75,0.75,0.75,0.75
LFMD,2011-08-10,0.95,0.95,0.95,0.95
LFMD,2011-08-11,0.85,0.85,0.85,0.85
LFMD,2011-08-12,0.85,0.85,0.85,0.85
LFMD,2011-08-15,0.75,1.0,0.75,1.0
LFMD,2011-08-16,1.0,1.0,1.0,1.0
LFMD,2011-08-17,1.0,1.0,1.0,1.0
LFMD,2011-08-18,0.75,1.0,0.75,1.0
LFMD,2011-08-19,1.0,1.25,1.0,1.25
LFMD,2011-08-22,0.85,1.25,0.85,1.25
LFMD,2011-08-23,1.25,1.25,1.25,1.25
LFMD,2011-08-24,0.85,1.4,0.85,1.15
LFMD,2011-08-25,1.0,1.15,1.0,1.0
LFMD,2011-08-26,1.05,1.05,1.0,1.05
LFMD,2011-08-29,1.05,1.05,1.05,1.05
LFMD,2011-08-30,1.0,1.0,1.0,1.0
LFMD,2011-08-31,1.0,1.0,1.0,1.0
LFMD,2011-09-01,1.0,1.0,1.0,1.0
LFMD,2011-09-02,1.0,1.0,1.0,1.0
LFMD,2011-09-06,1.0,1.0,1.0,1.0
LFMD,2011-09-07,1.0,1.0,1.0,1.0
LFMD,2011-09-08,1.0,1.0,1.0,1.0
LFMD,2011-09-09,1.0,1.0,1.0,1.0
LFMD,2011-09-12,1.0,1.0,1.0,1.0
LFMD,2011-09-13,1.0,1.0,1.0,1.0
LFMD,2011-09-14,1.0,1.0,1.0,1.0
LFMD,2011-09-15,0.85,0.85,0.85,0.85
LFMD,2011-09-16,0.85,0.85,0.85,0.85
LFMD,2011-09-19,0.85,0.85,0.85,0.85
LFMD,2011-09-20,0.85,0.85,0.85,0.85
LFMD,2011-09-21,1.0,1.0,1.0,1.0
LFMD,2011-09-22,0.85,0.85,0.85,0.85
LFMD,2011-09-23,0.85,0.85,0.85,0.85
LFMD,2011-09-26,0.75,0.75,0.75,0.75
LFMD,2011-09-27,0.75,0.75,0.75,0.75
LFMD,2011-09-28,0.75,0.75,0.75,0.75
LFMD,2011-09-29,0.95,1.0,0.75,0.95
LFMD,2011-09-30,0.95,0.95,0.95,0.95
LFMD,2011-10-03,0.95,0.95,0.95,0.95
LFMD,2011-10-04,0.95,0.95,0.95,0.95
LFMD,2011-10-05,0.95,0.95,0.95,0.95
LFMD,2011-10-06,0.95,0.95,0.95,0.95
LFMD,2011-10-07,0.95,0.95,0.95,0.95
LFMD,2011-10-10,0.95,0.95,0.95,0.95
LFMD,2011-10-11,0.95,0.95,0.95,0.95
LFMD,2011-10-12,0.8,0.95,0.75,0.95
LFMD,2011-10-13,0.95,0.95,0.95,0.95
LFMD,2011-10-14,0.9,0.95,0.9,0.95
LFMD,2011-10-17,0.8,0.95,0.75,0.75
LFMD,2011-10-18,0.9,0.95,0.9,0.95
LFMD,2011-10-19,0.75,0.8,0.65,0.8
LFMD,2011-10-20,0.75,0.75,0.75,0.75
LFMD,2011-10-21,0.9,0.9,0.9,0.9
LFMD,2011-10-24,0.7,0.9,0.7,0.9
LFMD,2011-10-25,0.75,0.9,0.75,0.9
LFMD,2011-10-26,0.7,0.7,0.7,0.7
LFMD,2011-10-27,0.9,0.9,0.9,0.9
LFMD,2011-10-28,0.75,0.75,0.7,0.7
LFMD,2011-10-31,0.7,0.7,0.7,0.7
LFMD,2011-11-01,0.9,0.95,0.9,0.95
LFMD,2011-11-02,0.95,0.95,0.95,0.95
LFMD,2011-11-03,0.95,0.95,0.95,0.95
LFMD,2011-11-04,0.95,0.95,0.95,0.95
LFMD,2011-11-07,0.8,0.8,0.8,0.8
LFMD,2011-11-08,0.8,0.8,0.8,0.8
LFMD,2011-11-09,0.85,0.85,0.85,0.85
LFMD,2011-11-10,0.8,0.8,0.8,0.8
LFMD,2011-11-11,0.8,0.8,0.8,0.8
LFMD,2011-11-14,0.8,0.8,0.8,0.8
LFMD,2011-11-15,0.8,0.8,0.7,0.7
LFMD,2011-11-16,0.7,0.7,0.7,0.7
LFMD,2011-11-17,0.7,0.7,0.7,0.7
LFMD,2011-11-18,0.9,0.9,0.9,0.9
LFMD,2011-11-21,0.75,0.85,0.75,0.85
LFMD,2011-11-22,0.85,0.85,0.85,0.85
LFMD,2011-11-23,0.75,0.85,0.7,0.85
LFMD,2011-11-25,0.85,0.85,0.85,0.85
LFMD,2011-11-28,0.85,0.85,0.85,0.85
LFMD,2011-11-29,0.85,0.85,0.85,0.85
LFMD,2011-11-30,0.85,0.85,0.85,0.85
LFMD,2011-12-01,0.85,1.0,0.85,1.0
LFMD,2011-12-02,1.0,1.0,1.0,1.0
LFMD,2011-12-05,1.0,1.1,1.0,1.1
LFMD,2011-12-06,1.1,1.1,1.05,1.05
LFMD,2011-12-07,1.05,1.05,0.9,1.05
LFMD,2011-12-08,1.05,1.05,1.05,1.05
LFMD,2011-12-09,1.05,1.05,1.05,1.05
LFMD,2011-12-12,0.9,1.05,0.9,1.05
LFMD,2011-12-13,1.05,1.05,1.05,1.05
LFMD,2011-12-14,0.85,1.0,0.85,1.0
LFMD,2011-12-15,0.85,1.0,0.85,1.0
LFMD,2011-12-16,1.0,1.0,1.0,1.0
LFMD,2011-12-19,1.0,1.0,1.0,1.0
LFMD,2011-12-20,0.85,1.0,0.85,1.0
LFMD,2011-12-21,1.0,1.0,1.0,1.0
LFMD,2011-12-22,0.85,1.05,0.8,1.05
LFMD,2011-12-23,0.85,1.0,0.85,1.0
LFMD,2011-12-27,1.0,1.0,1.0,1.0
LFMD,2011-12-28,1.0,1.0,1.0,1.0
LFMD,2011-12-29,1.0,1.0,1.0,1.0
LFMD,2011-12-30,0.85,1.0,0.8,1.0
LFMD,2012-01-03,1.0,1.0,1.0,1.0
LFMD,2012-01-04,1.0,1.0,1.0,1.0
LFMD,2012-01-05,0.85,1.0,0.85,1.0
LFMD,2012-01-06,0.85,1.0,0.85,1.0
LFMD,2012-01-09,1.0,1.0,1.0,1.0
LFMD,2012-01-10,0.85,1.0,0.85,1.0
LFMD,2012-01-11,0.85,1.0,0.85,1.0
LFMD,2012-01-12,0.85,1.0,0.85,1.0
LFMD,2012-01-13,1.0,1.0,1.0,1.0
LFMD,2012-01-17,1.0,1.0,1.0,1.0
LFMD,2012-01-18,1.0,1.0,1.0,1.0
LFMD,2012-01-19,1.0,1.0,1.0,1.0
LFMD,2012-01-20,1.0,1.0,1.0,1.0
LFMD,2012-01-23,1.0,1.0,1.0,1.0
LFMD,2012-01-24,1.0,1.0,1.0,1.0
LFMD,2012-01-25,0.85,0.85,0.85,0.85
LFMD,2012-01-26,0.85,0.85,0.85,0.85
LFMD,2012-01-27,0.85,0.85,0.85,0.85
LFMD,2012-01-30,0.85,0.85,0.85,0.85
LFMD,2012-01-31,0.85,0.85,0.85,0.85
LFMD,2012-02-01,0.85,0.85,0.85,0.85
LFMD,2012-02-02,1.0,1.0,0.8,1.0
LFMD,2012-02-03,1.0,1.0,1.0,1.0
LFMD,2012-02-06,1.0,1.0,1.0,1.0
LFMD,2012-02-07,1.0,1.0,1.0,1.0
LFMD,2012-02-08,1.0,1.0,1.0,1.0
LFMD,2012-02-09,0.95,0.95,0.95,0.95
LFMD,2012-02-10,0.8,0.8,0.8,0.8
LFMD,2012-02-13,1.0,1.0,1.0,1.0
LFMD,2012-02-14,1.1,1.1,1.1,1.1
LFMD,2012-02-15,1.1,1.1,1.1,1.1
LFMD,2012-02-16,1.1,1.1,1.1,1.1
LFMD,2012-02-17,0.8,1.0,0.8,1.0
LFMD,2012-02-21,0.8,0.9,0.8,0.9
LFMD,2012-02-22,0.9,0.9,0.9,0.9
LFMD,2012-02-23,0.9,0.9,0.9,0.9
LFMD,2012-02-24,0.9,0.9,0.9,0.9
LFMD,2012-02-27,0.8,0.95,0.8,0.95
LFMD,2012-02-28,0.95,0.95,0.95,0.95
LFMD,2012-02-29,0.95,0.95,0.95,0.95
LFMD,2012-03-01,0.95,0.95,0.95,0.95
LFMD,2012-03-02,0.9,0.9,0.9,0.9
LFMD,2012-03-05,0.9,0.9,0.9,0.9
LFMD,2012-03-06,0.75,0.9,0.75,0.9
LFMD,2012-03-07,0.9,0.9,0.9,0.9
LFMD,2012-03-08,0.9,0.9,0.9,0.9
LFMD,2012-03-09,0.9,0.9,0.9,0.9
LFMD,2012-03-12,0.9,0.9,0.9,0.9
LFMD,2012-03-13,0.75,0.9,0.75,0.9
LFMD,2012-03-14,0.75,0.9,0.75,0.9
LFMD,2012-03-15,0.9,0.9,0.9,0.9
LFMD,2012-03-16,0.75,0.9,0.75,0.9
LFMD,2012-03-19,0.75,0.75,0.75,0.75
LFMD,2012-03-20,0.9,0.9,0.9,0.9
LFMD,2012-03-21,0.75,0.9,0.75,0.9
LFMD,2012-03-22,0.75,0.9,0.75,0.9
LFMD,2012-03-23,0.9,0.9,0.9,0.9
LFMD,2012-03-26,0.75,0.9,0.75,0.9
LFMD,2012-03-27,0.9,0.9,0.9,0.9
LFMD,2012-03-28,0.9,0.9,0.9,0.9
LFMD,2012-03-29,0.9,0.9,0.9,0.9
LFMD,2012-03-30,0.9,0.9,0.9,0.9
LFMD,2012-04-02,0.9,0.9,0.9,0.9
LFMD,2012-04-03,0.9,0.9,0.9,0.9
LFMD,2012-04-04,0.85,0.95,0.85,0.95
LFMD,2012-04-05,0.95,0.95,0.95,0.95
LFMD,2012-04-09,0.95,0.95,0.95,0.95
LFMD,2012-04-10,0.9,0.95,0.9,0.95
LFMD,2012-04-11,0.8,0.95,0.8,0.95
LFMD,2012-04-12,0.95,0.95,0.95,0.95
LFMD,2012-04-13,0.95,0.95,0.95,0.95
LFMD,2012-04-16,0.95,0.95,0.95,0.95
LFMD,2012-04-17,0.9,1.0,0.9,1.0
LFMD,2012-04-18,0.85,0.95,0.85,0.95
LFMD,2012-04-19,0.95,0.95,0.95,0.95
LFMD,2012-04-20,0.95,0.95,0.95,0.95
LFMD,2012-04-23,0.8,0.95,0.8,0.95
LFMD,2012-04-24,0.8,0.95,0.8,0.9
LFMD,2012-04-25,0.9,0.9,0.9,0.9
LFMD,2012-04-26,0.9,0.9,0.9,0.9
LFMD,2012-04-27,0.8,0.9,0.8,0.9
LFMD,2012-04-30,0.9,0.9,0.9,0.9
LFMD,2012-05-01,0.95,0.95,0.95,0.95
LFMD,2012-05-02,0.95,0.95,0.95,0.95
LFMD,2012-05-03,0.95,0.95,0.95,0.95
LFMD,2012-05-04,0.95,0.95,0.95,0.95
LFMD,2012-05-07,0.95,0.95,0.95,0.95
LFMD,2012-05-08,0.8,0.95,0.8,0.95
LFMD,2012-05-09,0.95,0.95,0.95,0.95
LFMD,2012-05-10,0.95,0.95,0.95,0.95
LFMD,2012-05-11,0.95,0.95,0.95,0.95
LFMD,2012-05-14,0.8,0.95,0.8,0.95
LFMD,2012-05-15,0.95,0.95,0.95,0.95
LFMD,2012-05-16,0.95,0.95,0.95,0.95
LFMD,2012-05-17,0.95,0.95,0.95,0.95
LFMD,2012-05-18,0.8,0.9,0.8,0.9
LFMD,2012-05-21,0.9,0.9,0.9,0.9
LFMD,2012-05-22,0.9,0.9,0.9,0.9
LFMD,2012-05-23,0.9,0.9,0.9,0.9
LFMD,2012-05-24,0.9,0.9,0.9,0.9
LFMD,2012-05-25,0.85,0.85,0.85,0.85
LFMD,2012-05-29,0.85,0.85,0.85,0.85
LFMD,2012-05-30,0.8,0.9,0.8,0.9
LFMD,2012-05-31,0.8,0.9,0.8,0.9
LFMD,2012-06-01,0.85,0.95,0.8,0.9
LFMD,2012-06-04,0.9,0.9,0.9,0.9
LFMD,2012-06-05,0.9,0.9,0.9,0.9
LFMD,2012-06-06,0.9,0.9,0.9,0.9
LFMD,2012-06-07,0.9,0.9,0.9,0.9
LFMD,2012-06-08,0.9,0.9,0.9,0.9
LFMD,2012-06-11,0.8,0.8,0.8,0.8
LFMD,2012-06-12,0.9,0.95,0.9,0.95
LFMD,2012-06-13,0.95,0.95,0.95,0.95
LFMD,2012-06-14,0.8,0.8,0.8,0.8
LFMD,2012-06-15,0.8,0.8,0.8,0.8
LFMD,2012-06-18,0.9,0.9,0.9,0.9
LFMD,2012-06-19,0.9,0.9,0.9,0.9
LFMD,2012-06-20,0.9,0.9,0.9,0.9
LFMD,2012-06-21,0.8,0.9,0.8,0.9
LFMD,2012-06-22,0.9,0.9,0.9,0.9
LFMD,2012-06-25,0.9,0.9,0.9,0.9
LFMD,2012-06-26,0.9,0.9,0.9,0.9
LFMD,2012-06-27,0.85,0.85,0.85,0.85
LFMD,2012-06-28,0.85,0.85,0.85,0.85
LFMD,2012-06-29,0.8,0.8,0.8,0.8
LFMD,2012-07-02,0.8,0.8,0.8,0.8
LFMD,2012-07-03,0.8,0.8,0.8,0.8
LFMD,2012-07-05,0.8,0.9,0.8,0.9
LFMD,2012-07-06,0.9,0.9,0.9,0.9
LFMD,2012-07-09,0.9,0.9,0.9,0.9
LFMD,2012-07-10,0.9,0.9,0.9,0.9
LFMD,2012-07-11,0.9,0.9,0.9,0.9
LFMD,2012-07-12,0.9,0.9,0.9,0.9
LFMD,2012-07-13,0.9,0.9,0.9,0.9
LFMD,2012-07-16,0.9,0.95,0.9,0.95
LFMD,2012-07-17,0.95,1.0,0.85,1.0
LFMD,2012-07-18,1.0,1.0,1.0,1.0
LFMD,2012-07-19,1.0,1.0,1.0,1.0
LFMD,2012-07-20,1.0,1.0,1.0,1.0
LFMD,2012-07-23,1.0,1.0,1.0,1.0
LFMD,2012-07-24,1.0,1.0,1.0,1.0
LFMD,2012-07-25,1.0,1.0,1.0,1.0
LFMD,2012-07-26,1.0,1.0,1.0,1.0
LFMD,2012-07-27,0.8,0.9,0.8,0.9
LFMD,2012-07-30,0.95,0.95,0.8,0.95
LFMD,2012-07-31,0.95,0.95,0.95,0.95
LFMD,2012-08-01,0.95,0.95,0.95,0.95
LFMD,2012-08-02,0.95,0.95,0.95,0.95
LFMD,2012-08-03,0.85,0.85,0.85,0.85
LFMD,2012-08-06,0.85,0.85,0.85,0.85
LFMD,2012-08-07,0.85,0.95,0.85,0.95
LFMD,2012-08-08,0.95,0.95,0.95,0.95
LFMD,2012-08-09,0.95,0.95,0.95,0.95
LFMD,2012-08-10,0.85,0.85,0.85,0.85
LFMD,2012-08-13,0.85,0.85,0.85,0.85
LFMD,2012-08-14,0.85,0.85,0.85,0.85
LFMD,2012-08-15,0.85,0.85,0.85,0.85
LFMD,2012-08-16,0.8,0.8,0.8,0.8
LFMD,2012-08-17,0.8,0.8,0.8,0.8
LFMD,2012-08-20,0.8,0.8,0.8,0.8
LFMD,2012-08-21,0.8,0.8,0.8,0.8
LFMD,2012-08-22,0.8,0.8,0.8,0.8
LFMD,2012-08-23,0.8,0.8,0.8,0.8
LFMD,2012-08-24,0.9,0.9,0.9,0.9
LFMD,2012-08-27,0.9,0.9,0.9,0.9
LFMD,2012-08-28,0.8,0.95,0.8,0.95
LFMD,2012-08-29,0.95,0.95,0.95,0.95
LFMD,2012-08-30,0.8,0.8,0.8,0.8
LFMD,2012-08-31,0.95,0.95,0.95,0.95
LFMD,2012-09-04,0.95,0.95,0.95,0.95
LFMD,2012-09-05,0.95,0.95,0.95,0.95
LFMD,2012-09-06,0.95,0.95,0.95,0.95
LFMD,2012-09-07,0.9,0.95,0.9,0.95
LFMD,2012-09-10,0.95,0.95,0.95,0.95
LFMD,2012-09-11,0.85,0.95,0.85,0.95
LFMD,2012-09-12,0.95,0.95,0.95,0.95
LFMD,2012-09-13,0.95,0.95,0.85,0.85
LFMD,2012-09-14,0.85,0.95,0.85,0.95
LFMD,2012-09-17,0.9,0.9,0.85,0.85
LFMD,2012-09-18,0.95,0.95,0.85,0.85
LFMD,2012-09-19,0.9,0.9,0.9,0.9
LFMD,2012-09-20,0.9,0.9,0.9,0.9
LFMD,2012-09-21,0.9,0.9,0.9,0.9
LFMD,2012-09-24,0.9,1.0,0.9,1.0
LFMD,2012-09-25,1.0,1.0,1.0,1.0
LFMD,2012-09-26,1.0,1.0,1.0,1.0
LFMD,2012-09-27,1.0,1.0,1.0,1.0
LFMD,2012-09-28,0.9,0.9,0.9,0.9
LFMD,2012-10-01,0.9,0.9,0.9,0.9
LFMD,2012-10-02,0.85,0.85,0.85,0.85
LFMD,2012-10-03,0.85,0.85,0.85,0.85
LFMD,2012-10-04,0.85,0.85,0.85,0.85
LFMD,2012-10-05,0.85,0.85,0.85,0.85
LFMD,2012-10-08,0.85,0.85,0.85,0.85
LFMD,2012-10-09,0.85,0.85,0.85,0.85
LFMD,2012-10-10,0.85,0.85,0.85,0.85
LFMD,2012-10-11,0.85,0.85,0.85,0.85
LFMD,2012-10-12,0.85,0.85,0.85,0.85
LFMD,2012-10-15,0.85,0.85,0.85,0.85
LFMD,2012-10-16,0.85,0.85,0.85,0.85
LFMD,2012-10-17,0.9,0.9,0.9,0.9
LFMD,2012-10-18,0.95,0.95,0.95,0.95
LFMD,2012-10-19,0.85,0.85,0.85,0.85
LFMD,2012-10-22,0.85,0.85,0.85,0.85
LFMD,2012-10-23,0.95,1.0,0.95,1.0
LFMD,2012-10-24,1.0,1.0,1.0,1.0
LFMD,2012-10-25,1.0,1.0,1.0,1.0
LFMD,2012-10-26,1.0,1.0,1.0,1.0
LFMD,2012-10-31,1.0,1.0,1.0,1.0
LFMD,2012-11-01,1.0,1.0,1.0,1.0
LFMD,2012-11-02,1.0,1.0,1.0,1.0
LFMD,2012-11-05,1.0,1.0,1.0,1.0
LFMD,2012-11-06,0.85,0.85,0.8,0.8
LFMD,2012-11-07,0.8,0.8,0.8,0.8
LFMD,2012-11-08,0.85,0.85,0.85,0.85
LFMD,2012-11-09,0.85,0.85,0.8,0.8
LFMD,2012-11-12,0.8,0.8,0.8,0.8
LFMD,2012-11-13,0.8,0.8,0.8,0.8
LFMD,2012-11-14,0.8,0.8,0.8,0.8
LFMD,2012-11-15,0.8,0.8,0.8,0.8
LFMD,2012-11-16,0.8,0.8,0.8,0.8
LFMD,2012-11-19,0.8,0.8,0.8,0.8
LFMD,2012-11-20,0.8,0.8,0.8,0.8
LFMD,2012-11-21,0.8,0.8,0.8,0.8
LFMD,2012-11-23,0.8,0.8,0.8,0.8
LFMD,2012-11-26,0.8,0.8,0.8,0.8
LFMD,2012-11-27,0.8,0.8,0.8,0.8
LFMD,2012-11-28,0.8,0.8,0.8,0.8
LFMD,2012-11-29,0.8,0.8,0.8,0.8
LFMD,2012-11-30,0.8,0.8,0.8,0.8
LFMD,2012-12-03,0.8,0.8,0.8,0.8
LFMD,2012-12-04,0.75,0.75,0.75,0.75
LFMD,2012-12-05,0.9,0.9,0.9,0.9
LFMD,2012-12-06,0.9,0.9,0.9,0.9
LFMD,2012-12-07,0.75,0.75,0.75,0.75
LFMD,2012-12-10,0.75,0.75,0.75,0.75
LFMD,2012-12-11,0.75,0.75,0.75,0.75
LFMD,2012-12-12,0.75,0.75,0.75,0.75
LFMD,2012-12-13,0.7,0.8,0.65,0.8
LFMD,2012-12-14,0.65,0.65,0.4,0.55
LFMD,2012-12-17,0.55,0.7,0.55,0.7
LFMD,2012-12-18,0.7,0.7,0.7,0.7
LFMD,2012-12-19,0.7,0.7,0.7,0.7
LFMD,2012-12-20,0.7,0.7,0.7,0.7
LFMD,2012-12-21,0.7,0.7,0.7,0.7
LFMD,2012-12-24,0.6,0.6,0.6,0.6
LFMD,2012-12-26,0.7,0.7,0.7,0.7
LFMD,2012-12-27,0.7,0.7,0.7,0.7
LFMD,2012-12-28,0.7,0.7,0.7,0.7
LFMD,2012-12-31,0.65,0.8,0.65,0.8
LFMD,2013-01-02,0.65,0.75,0.65,0.75
LFMD,2013-01-03,0.75,0.75,0.75,0.75
LFMD,2013-01-04,0.8,0.8,0.8,0.8
LFMD,2013-01-07,0.65,0.8,0.65,0.8
LFMD,2013-01-08,0.8,0.8,0.8,0.8
LFMD,2013-01-09,0.8,0.8,0.8,0.8
LFMD,2013-01-10,0.8,0.8,0.8,0.8
LFMD,2013-01-11,0.8,0.8,0.8,0.8
LFMD,2013-01-14,0.65,0.65,0.6,0.6
LFMD,2013-01-15,0.6,0.7,0.6,0.7
LFMD,2013-01-16,0.7,0.7,0.7,0.7
LFMD,2013-01-17,0.7,0.7,0.6,0.6
LFMD,2013-01-18,0.7,0.8,0.7,0.8
LFMD,2013-01-22,0.75,0.75,0.75,0.75
LFMD,2013-01-23,0.65,0.8,0.65,0.8
LFMD,2013-01-24,0.8,0.8,0.8,0.8
LFMD,2013-01-25,0.8,0.8,0.8,0.8
LFMD,2013-01-28,0.85,0.85,0.85,0.85
LFMD,2013-01-29,0.85,0.85,0.85,0.85
LFMD,2013-01-30,0.85,0.85,0.85,0.85
LFMD,2013-01-31,0.85,0.85,0.85,0.85
LFMD,2013-02-01,0.75,0.8,0.75,0.8
LFMD,2013-02-04,0.75,0.75,0.75,0.75
LFMD,2013-02-05,0.75,0.85,0.75,0.85
LFMD,2013-02-06,0.85,0.85,0.85,0.85
LFMD,2013-02-07,0.75,0.8,0.75,0.8
LFMD,2013-02-08,0.85,0.9,0.85,0.9
LFMD,2013-02-11,0.8,0.8,0.8,0.8
LFMD,2013-02-12,0.8,0.9,0.8,0.9
LFMD,2013-02-13,0.9,0.9,0.9,0.9
LFMD,2013-02-14,0.9,0.9,0.9,0.9
LFMD,2013-02-15,0.9,0.9,0.9,0.9
LFMD,2013-02-19,0.9,0.9,0.9,0.9
LFMD,2013-02-20,0.85,0.85,0.85,0.85
LFMD,2013-02-21,0.85,0.85,0.85,0.85
LFMD,2013-02-22,0.85,0.85,0.85,0.85
LFMD,2013-02-25,0.8,0.85,0.8,0.85
LFMD,2013-02-26,0.85,0.85,0.85,0.85
LFMD,2013-02-27,0.8,0.8,0.8,0.8
LFMD,2013-02-28,0.8,0.8,0.8,0.8
LFMD,2013-03-01,0.75,0.85,0.75,0.85
LFMD,2013-03-04,0.85,0.85,0.85,0.85
LFMD,2013-03-05,0.85,0.85,0.85,0.85
LFMD,2013-03-06,0.85,0.85,0.85,0.85
LFMD,2013-03-07,0.85,0.85,0.8,0.8
LFMD,2013-03-08,0.75,0.8,0.5,0.65
LFMD,2013-03-11,0.65,0.7,0.55,0.55
LFMD,2013-03-12,0.6,0.65,0.6,0.65
LFMD,2013-03-13,0.65,0.7,0.55,0.55
LFMD,2013-03-14,0.55,0.55,0.55,0.55
LFMD,2013-03-15,0.55,0.65,0.55,0.65
LFMD,2013-03-18,0.65,0.65,0.65,0.65
LFMD,2013-03-19,0.65,0.65,0.65,0.65
LFMD,2013-03-20,0.6,0.6,0.6,0.6
LFMD,2013-03-21,0.6,0.6,0.6,0.6
LFMD,2013-03-22,0.65,0.65,0.65,0.65
LFMD,2013-03-25,0.65,0.65,0.55,0.55
LFMD,2013-03-26,0.55,0.6,0.5,0.6
LFMD,2013-03-27,0.6,0.65,0.5,0.65
LFMD,2013-03-28,0.6,0.65,0.6,0.65
LFMD,2013-04-01,0.6,0.6,0.6,0.6
LFMD,2013-04-02,0.6,0.6,0.5,0.5
LFMD,2013-04-03,0.55,0.55,0.55,0.55
LFMD,2013-04-04,0.55,0.55,0.55,0.55
LFMD,2013-04-05,0.55,0.6,0.55,0.6
LFMD,2013-04-08,0.55,0.55,0.5,0.5
LFMD,2013-04-09,0.45,0.6,0.45,0.6
LFMD,2013-04-10,0.6,0.6,0.6,0.6
LFMD,2013-04-11,0.6,0.65,0.6,0.65
LFMD,2013-04-12,0.75,0.8,0.75,0.8
LFMD,2013-04-15,0.8,0.8,0.65,0.65
LFMD,2013-04-16,0.65,0.65,0.65,0.65
LFMD,2013-04-17,0.8,0.8,0.8,0.8
LFMD,2013-04-18,0.8,0.8,0.75,0.8
LFMD,2013-04-19,0.8,0.8,0.8,0.8
LFMD,2013-04-22,0.7,0.75,0.7,0.75
LFMD,2013-04-23,0.7,0.85,0.7,0.85
LFMD,2013-04-24,0.75,1.0,0.75,0.9
LFMD,2013-04-25,0.9,0.95,0.9,0.95
LFMD,2013-04-26,0.9,1.25,0.9,1.15
LFMD,2013-04-29,1.15,1.45,1.15,1.3
LFMD,2013-04-30,1.4,1.45,1.25,1.45
LFMD,2013-05-01,1.4,1.6,1.4,1.5
LFMD,2013-05-02,1.5,1.5,1.3,1.35
LFMD,2013-05-03,1.3,1.3,1.25,1.25
LFMD,2013-05-06,1.25,1.45,1.2,1.45
LFMD,2013-05-07,1.4,1.5,1.3,1.5
LFMD,2013-05-08,1.5,1.5,1.3,1.5
LFMD,2013-05-09,1.3,1.55,1.3,1.55
LFMD,2013-05-10,1.6,1.6,1.35,1.45
LFMD,2013-05-13,1.3,1.55,1.25,1.4
LFMD,2013-05-14,1.5,1.8,1.45,1.6
LFMD,2013-05-15,1.75,2.05,1.75,1.95
LFMD,2013-05-16,2.0,2.0,1.85,1.95
LFMD,2013-05-17,1.85,1.95,1.65,1.8
LFMD,2013-05-20,2.0,2.0,1.7,1.95
LFMD,2013-05-21,2.0,2.0,1.75,1.75
LFMD,2013-05-22,1.7,1.95,1.6,1.6
LFMD,2013-05-23,1.75,1.8,1.6,1.6
LFMD,2013-05-24,1.6,1.8,1.55,1.8
LFMD,2013-05-28,1.8,1.8,1.6,1.6
LFMD,2013-05-29,1.65,1.7,1.6,1.7
LFMD,2013-05-30,1.6,1.6,1.5,1.5
LFMD,2013-05-31,1.65,1.65,1.4,1.65
LFMD,2013-06-03,1.7,1.7,1.45,1.6
LFMD,2013-06-04,1.6,1.6,1.4,1.6
LFMD,2013-06-05,1.5,1.5,1.4,1.4
LFMD,2013-06-06,1.5,1.55,1.35,1.5
LFMD,2013-06-07,1.45,1.45,1.4,1.4
LFMD,2013-06-10,1.35,1.6,1.35,1.5
LFMD,2013-06-11,1.35,1.5,1.35,1.5
LFMD,2013-06-12,1.5,1.5,1.1,1.25
LFMD,2013-06-13,1.25,1.45,1.25,1.45
LFMD,2013-06-14,1.45,1.45,1.4,1.45
LFMD,2013-06-17,1.45,1.6,1.4,1.55
LFMD,2013-06-18,1.55,1.55,1.55,1.55
LFMD,2013-06-19,1.4,1.4,1.25,1.25
LFMD,2013-06-20,1.25,1.4,1.2,1.4
LFMD,2013-06-21,1.4,1.45,1.4,1.4
LFMD,2013-06-24,1.4,1.65,1.4,1.6
LFMD,2013-06-25,1.6,1.6,1.6,1.6
LFMD,2013-06-26,1.6,1.75,1.4,1.6
LFMD,2013-06-27,1.55,1.6,1.55,1.6
LFMD,2013-06-28,1.6,1.6,1.45,1.45
LFMD,2013-07-01,1.4,1.5,1.35,1.5
LFMD,2013-07-02,1.35,1.4,1.25,1.3
LFMD,2013-07-03,1.3,1.3,1.3,1.3
LFMD,2013-07-05,1.3,1.35,1.25,1.35
LFMD,2013-07-08,1.35,1.35,1.25,1.35
LFMD,2013-07-09,1.25,1.3,1.2,1.3
LFMD,2013-07-10,1.25,1.25,1.2,1.25
LFMD,2013-07-11,1.15,1.3,1.1,1.3
LFMD,2013-07-12,1.3,1.3,1.15,1.25
LFMD,2013-07-15,1.15,1.25,1.1,1.25
LFMD,2013-07-16,1.15,1.15,1.1,1.15
LFMD,2013-07-17,1.1,1.1,0.85,0.95
LFMD,2013-07-18,1.05,1.25,1.05,1.25
LFMD,2013-07-19,1.1,1.25,1.1,1.25
LFMD,2013-07-22,1.25,1.25,1.2,1.2
LFMD,2013-07-23,1.2,1.25,1.05,1.25
LFMD,2013-07-24,1.05,1.05,1.05,1.05
LFMD,2013-07-25,1.05,1.25,1.05,1.25
LFMD,2013-07-26,1.25,1.25,1.25,1.25
LFMD,2013-07-29,1.05,1.1,1.05,1.05
LFMD,2013-07-30,1.05,1.05,1.0,1.0
LFMD,2013-07-31,1.0,1.0,1.0,1.0
LFMD,2013-08-01,1.2,1.2,1.2,1.2
LFMD,2013-08-02,1.1,1.1,1.1,1.1
LFMD,2013-08-05,1.2,1.25,1.1,1.25
LFMD,2013-08-06,1.25,1.25,1.0,1.0
LFMD,2013-08-07,1.0,1.0,0.95,0.95
LFMD,2013-08-08,1.1,1.1,1.0,1.1
LFMD,2013-08-09,0.9,1.0,0.9,1.0
LFMD,2013-08-12,1.0,1.0,1.0,1.0
LFMD,2013-08-13,1.0,1.0,1.0,1.0
LFMD,2013-08-14,0.9,0.9,0.9,0.9
LFMD,2013-08-15,0.9,0.9,0.9,0.9
LFMD,2013-08-16,0.95,0.95,0.9,0.9
LFMD,2013-08-19,0.9,0.9,0.9,0.9
LFMD,2013-08-20,0.9,0.9,0.9,0.9
LFMD,2013-08-21,0.9,0.9,0.9,0.9
LFMD,2013-08-22,0.9,0.9,0.9,0.9
LFMD,2013-08-23,1.1,1.1,0.95,0.95
LFMD,2013-08-26,0.85,1.0,0.85,1.0
LFMD,2013-08-27,0.75,0.75,0.75,0.75
LFMD,2013-08-28,0.95,0.95,0.8,0.8
LFMD,2013-08-29,0.85,1.0,0.85,1.0
LFMD,2013-08-30,0.85,1.0,0.85,1.0
LFMD,2013-09-03,1.0,1.0,1.0,1.0
LFMD,2013-09-04,1.0,1.0,1.0,1.0
LFMD,2013-09-05,1.0,1.0,0.8,0.8
LFMD,2013-09-06,0.85,1.0,0.8,0.95
LFMD,2013-09-09,0.85,0.85,0.75,0.85
LFMD,2013-09-10,0.85,0.85,0.85,0.85
LFMD,2013-09-11,0.75,0.8,0.75,0.8
LFMD,2013-09-12,0.8,0.8,0.8,0.8
LFMD,2013-09-13,0.8,1.05,0.8,1.05
LFMD,2013-09-16,1.05,1.45,0.95,1.25
LFMD,2013-09-17,1.05,1.2,1.0,1.2
LFMD,2013-09-18,1.0,1.05,1.0,1.05
LFMD,2013-09-19,1.05,1.3,1.05,1.3
LFMD,2013-09-20,1.2,1.4,1.1,1.15
LFMD,2013-09-23,1.15,1.15,1.15,1.15
LFMD,2013-09-24,1.25,1.4,1.15,1.4
LFMD,2013-09-25,1.4,1.4,1.25,1.25
LFMD,2013-09-26,1.4,1.4,1.15,1.35
LFMD,2013-09-27,1.3,1.3,1.3,1.3
LFMD,2013-09-30,1.3,1.3,1.3,1.3
LFMD,2013-10-01,1.3,1.3,1.3,1.3
LFMD,2013-10-02,1.25,1.4,1.25,1.4
LFMD,2013-10-03,1.45,1.45,1.4,1.45
LFMD,2013-10-04,1.45,1.45,1.45,1.45
LFMD,2013-10-07,1.3,1.35,1.25,1.25
LFMD,2013-10-08,1.2,1.2,1.2,1.2
LFMD,2013-10-09,1.2,1.2,1.2,1.2
LFMD,2013-10-10,1.2,1.35,1.2,1.35
LFMD,2013-10-11,1.2,1.35,1.2,1.35
LFMD,2013-10-14,1.2,1.2,1.2,1.2
LFMD,2013-10-15,1.2,1.2,1.2,1.2
LFMD,2013-10-16,1.2,1.35,1.2,1.35
LFMD,2013-10-17,1.25,1.35,1.25,1.35
LFMD,2013-10-18,1.2,1.4,1.2,1.4
LFMD,2013-10-21,1.2,1.2,1.2,1.2
LFMD,2013-10-22,1.2,1.4,1.2,1.4
LFMD,2013-10-23,1.25,1.25,1.25,1.25
LFMD,2013-10-24,1.35,1.85,1.35,1.5
LFMD,2013-10-25,1.5,1.6,1.5,1.6
LFMD,2013-10-28,1.6,1.6,1.6,1.6
LFMD,2013-10-29,1.6,1.6,1.55,1.55
LFMD,2013-10-30,1.4,1.5,1.35,1.35
LFMD,2013-10-31,1.35,1.35,1.35,1.35
LFMD,2013-11-01,1.55,1.6,1.5,1.5
LFMD,2013-11-04,1.5,1.5,1.25,1.25
LFMD,2013-11-05,1.25,1.25,1.1,1.25
LFMD,2013-11-06,1.35,1.35,1.1,1.15
LFMD,2013-11-07,1.25,1.25,1.25,1.25
LFMD,2013-11-08,1.2,1.2,1.05,1.2
LFMD,2013-11-11,1.1,1.25,1.05,1.25
LFMD,2013-11-12,1.25,1.25,1.25,1.25
LFMD,2013-11-13,1.25,1.4,1.25,1.25
LFMD,2013-11-14,1.35,1.35,1.1,1.35
LFMD,2013-11-15,1.35,1.35,1.35,1.35
LFMD,2013-11-18,1.35,1.4,1.35,1.4
LFMD,2013-11-19,1.2,1.4,1.2,1.4
LFMD,2013-11-20,1.3,1.7,1.3,1.7
LFMD,2013-11-21,1.55,1.85,1.35,1.85
LFMD,2013-11-22,1.75,1.75,1.5,1.75
LFMD,2013-11-25,1.65,1.85,1.55,1.85
LFMD,2013-11-26,1.8,1.85,1.75,1.85
LFMD,2013-11-27,1.8,1.9,1.8,1.85
LFMD,2013-11-29,1.85,2.0,1.85,2.0
LFMD,2013-12-02,1.95,2.0,1.9,2.0
LFMD,2013-12-03,1.95,1.95,1.9,1.9
LFMD,2013-12-04,1.75,1.9,1.65,1.9
LFMD,2013-12-05,1.75,1.75,1.5,1.75
LFMD,2013-12-06,1.8,2.05,1.8,1.95
LFMD,2013-12-09,1.95,2.05,1.75,2.05
LFMD,2013-12-10,1.95,2.05,1.8,1.95
LFMD,2013-12-11,1.95,1.95,1.75,1.9
LFMD,2013-12-12,1.95,1.95,1.8,1.9
LFMD,2013-12-13,1.9,1.9,1.9,1.9
LFMD,2013-12-16,1.75,1.75,1.65,1.65
LFMD,2013-12-17,1.65,1.65,1.65,1.65
LFMD,2013-12-18,1.65,1.85,1.5,1.65
LFMD,2013-12-19,1.9,1.95,1.1,1.25
LFMD,2013-12-20,1.65,1.65,1.65,1.65
LFMD,2013-12-23,1.35,1.55,1.35,1.55
LFMD,2013-12-24,1.3,1.7,1.2,1.7
LFMD,2013-12-26,1.4,1.4,1.4,1.4
LFMD,2013-12-27,1.35,1.35,1.35,1.35
LFMD,2013-12-30,1.3,1.3,1.3,1.3
LFMD,2013-12-31,1.3,1.3,1.3,1.3
LFMD,2014-01-02,1.3,1.3,1.3,1.3
LFMD,2014-01-03,1.3,1.3,1.3,1.3
LFMD,2014-01-06,1.3,1.3,1.3,1.3
LFMD,2014-01-07,1.4,1.4,1.25,1.35
LFMD,2014-01-08,1.4,1.65,1.4,1.4
LFMD,2014-01-09,1.5,1.5,1.5,1.5
LFMD,2014-01-10,1.6,1.65,1.4,1.65
LFMD,2014-01-13,1.65,1.65,1.3,1.55
LFMD,2014-01-14,1.55,1.55,1.55,1.55
LFMD,2014-01-15,1.45,1.45,1.45,1.45
LFMD,2014-01-16,1.45,1.45,1.45,1.45
LFMD,2014-01-17,1.45,1.6,1.4,1.6
LFMD,2014-01-21,1.4,1.45,1.4,1.4
LFMD,2014-01-22,1.4,1.5,1.4,1.5
LFMD,2014-01-23,1.35,1.5,1.35,1.5
LFMD,2014-01-24,1.45,1.45,1.45,1.45
LFMD,2014-01-27,1.45,1.45,1.4,1.4
LFMD,2014-01-28,1.4,1.4,1.35,1.35
LFMD,2014-01-29,1.35,1.35,1.35,1.35
LFMD,2014-01-30,1.35,1.35,1.35,1.35
LFMD,2014-01-31,1.35,1.35,1.35,1.35
LFMD,2014-02-03,1.35,1.35,1.3,1.3
LFMD,2014-02-04,1.15,1.15,1.15,1.15
LFMD,2014-02-05,1.15,1.3,1.0,1.25
LFMD,2014-02-06,1.3,1.3,1.0,1.25
LFMD,2014-02-07,1.25,1.25,1.25,1.25
LFMD,2014-02-10,1.25,1.4,1.25,1.35
LFMD,2014-02-11,1.45,1.6,1.45,1.5
LFMD,2014-02-12,1.5,1.5,1.4,1.5
LFMD,2014-02-13,1.5,1.5,1.35,1.4
LFMD,2014-02-14,1.5,1.5,1.25,1.4
LFMD,2014-02-18,1.35,1.35,1.35,1.35
LFMD,2014-02-19,1.25,1.25,1.25,1.25
LFMD,2014-02-20,1.35,1.35,1.35,1.35
LFMD,2014-02-21,1.3,1.35,1.2,1.35
LFMD,2014-02-24,1.35,1.35,1.15,1.3
LFMD,2014-02-25,1.3,1.3,1.3,1.3
LFMD,2014-02-26,1.15,1.25,1.1,1.25
LFMD,2014-02-27,1.3,1.3,1.1,1.25
LFMD,2014-02-28,1.15,1.25,1.1,1.25
LFMD,2014-03-03,1.1,1.25,1.05,1.1
LFMD,2014-03-04,1.2,1.2,1.2,1.2
LFMD,2014-03-05,1.2,1.2,1.15,1.15
LFMD,2014-03-06,1.2,1.35,1.1,1.35
LFMD,2014-03-07,1.25,1.4,1.25,1.4
LFMD,2014-03-10,1.25,1.35,1.1,1.35
LFMD,2014-03-11,1.2,1.25,1.1,1.25
LFMD,2014-03-12,1.25,1.25,1.25,1.25
LFMD,2014-03-13,1.15,1.2,1.05,1.2
LFMD,2014-03-14,1.2,1.2,1.2,1.2
LFMD,2014-03-17,1.2,1.2,1.2,1.2
LFMD,2014-03-18,1.25,1.3,1.25,1.3
LFMD,2014-03-19,1.1,1.3,1.1,1.3
LFMD,2014-03-20,1.15,1.35,1.15,1.35
LFMD,2014-03-21,1.35,1.35,1.35,1.35
LFMD,2014-03-24,1.2,1.2,1.05,1.2
LFMD,2014-03-25,1.05,1.2,1.05,1.2
LFMD,2014-03-26,1.2,1.2,1.2,1.2
LFMD,2014-03-27,1.2,1.2,1.2,1.2
LFMD,2014-03-28,1.1,1.25,1.1,1.25
LFMD,2014-03-31,1.25,1.25,1.25,1.25
LFMD,2014-04-01,1.1,1.1,1.1,1.1
LFMD,2014-04-02,1.1,1.15,0.95,0.95
LFMD,2014-04-03,0.95,1.15,0.9,0.9
LFMD,2014-04-04,0.9,1.1,0.9,1.1
LFMD,2014-04-07,1.1,1.1,1.1,1.1
LFMD,2014-04-08,1.1,1.1,1.1,1.1
LFMD,2014-04-09,1.1,1.1,1.1,1.1
LFMD,2014-04-10,0.8,1.1,0.8,1.05
LFMD,2014-04-11,0.8,1.05,0.8,1.05
LFMD,2014-04-14,0.8,0.8,0.7,0.8
LFMD,2014-04-15,0.8,0.9,0.8,0.9
LFMD,2014-04-16,0.95,1.25,0.95,1.25
LFMD,2014-04-17,1.25,1.25,1.25,1.25
LFMD,2014-04-21,1.15,1.2,0.8,0.8
LFMD,2014-04-22,0.8,1.0,0.8,1.0
LFMD,2014-04-23,0.85,0.85,0.85,0.85
LFMD,2014-04-24,0.85,0.85,0.85,0.85
LFMD,2014-04-25,0.8,0.8,0.8,0.8
LFMD,2014-04-28,0.8,0.8,0.8,0.8
LFMD,2014-04-29,0.95,0.95,0.95,0.95
LFMD,2014-04-30,0.95,0.95,0.95,0.95
LFMD,2014-05-01,0.95,0.95,0.95,0.95
LFMD,2014-05-02,0.95,0.95,0.95,0.95
LFMD,2014-05-05,0.8,0.8,0.8,0.8
LFMD,2014-05-06,0.8,0.8,0.8,0.8
LFMD,2014-05-07,0.8,0.95,0.7,0.95
LFMD,2014-05-08,0.9,0.9,0.7,0.9
LFMD,2014-05-09,0.9,0.9,0.9,0.9
LFMD,2014-05-12,0.85,0.85,0.85,0.85
LFMD,2014-05-13,0.85,0.85,0.85,0.85
LFMD,2014-05-14,0.85,0.85,0.85,0.85
LFMD,2014-05-15,0.85,0.85,0.85,0.85
LFMD,2014-05-16,0.85,1.0,0.85,1.0
LFMD,2014-05-19,1.0,1.0,1.0,1.0
LFMD,2014-05-20,1.0,1.0,1.0,1.0
LFMD,2014-05-21,1.0,1.0,1.0,1.0
LFMD,2014-05-22,1.0,1.0,1.0,1.0
LFMD,2014-05-23,1.0,1.0,1.0,1.0
LFMD,2014-05-27,0.7,0.7,0.7,0.7
LFMD,2014-05-28,0.75,0.75,0.75,0.75
LFMD,2014-05-29,0.75,0.75,0.75,0.75
LFMD,2014-05-30,0.75,0.75,0.75,0.75
LFMD,2014-06-02,0.75,0.75,0.75,0.75
LFMD,2014-06-03,0.75,0.75,0.75,0.75
LFMD,2014-06-04,0.75,0.85,0.6,0.85
LFMD,2014-06-05,0.75,0.9,0.7,0.9
LFMD,2014-06-06,0.9,0.9,0.9,0.9
LFMD,2014-06-09,0.9,0.9,0.9,0.9
LFMD,2014-06-10,0.55,0.85,0.55,0.85
LFMD,2014-06-11,0.5,0.7,0.45,0.7
LFMD,2014-06-12,0.7,0.7,0.7,0.7
LFMD,2014-06-13,0.7,0.7,0.7,0.7
LFMD,2014-06-16,0.6,0.65,0.6,0.65
LFMD,2014-06-17,0.6,0.7,0.55,0.7
LFMD,2014-06-18,0.55,0.55,0.5,0.5
LFMD,2014-06-19,0.55,0.55,0.45,0.45
LFMD,2014-06-20,0.45,0.45,0.45,0.45
LFMD,2014-06-23,0.45,0.7,0.45,0.7
LFMD,2014-06-24,0.5,0.7,0.5,0.7
LFMD,2014-06-25,0.7,0.7,0.7,0.7
LFMD,2014-06-26,0.7,0.7,0.7,0.7
LFMD,2014-06-27,0.7,0.7,0.7,0.7
LFMD,2014-06-30,0.6,0.7,0.6,0.7
LFMD,2014-07-01,0.7,0.7,0.7,0.7
LFMD,2014-07-02,0.7,0.7,0.7,0.7
LFMD,2014-07-03,0.7,0.7,0.7,0.7
LFMD,2014-07-07,0.6,0.7,0.55,0.6
LFMD,2014-07-08,0.7,0.7,0.7,0.7
LFMD,2014-07-09,0.6,0.7,0.55,0.55
LFMD,2014-07-10,0.55,0.55,0.5,0.5
LFMD,2014-07-11,0.5,0.5,0.5,0.5
LFMD,2014-07-14,0.5,0.5,0.5,0.5
LFMD,2014-07-15,0.6,0.6,0.6,0.6
LFMD,2014-07-16,0.6,0.6,0.5,0.5
LFMD,2014-07-17,0.5,0.5,0.5,0.5
LFMD,2014-07-18,0.5,0.5,0.5,0.5
LFMD,2014-07-21,0.5,0.5,0.5,0.5
LFMD,2014-07-22,0.5,0.6,0.45,0.6
LFMD,2014-07-23,0.5,0.6,0.5,0.6
LFMD,2014-07-24,0.55,0.55,0.4,0.4
LFMD,2014-07-25,0.4,0.4,0.4,0.4
LFMD,2014-07-28,0.4,0.4,0.4,0.4
LFMD,2014-07-29,0.4,0.4,0.4,0.4
LFMD,2014-07-30,0.4,0.4,0.4,0.4
LFMD,2014-07-31,0.6,0.6,0.6,0.6
LFMD,2014-08-01,0.6,0.6,0.6,0.6
LFMD,2014-08-04,0.6,0.6,0.6,0.6
LFMD,2014-08-05,0.6,0.6,0.6,0.6
LFMD,2014-08-06,0.6,0.6,0.6,0.6
LFMD,2014-08-07,0.45,0.6,0.45,0.6
LFMD,2014-08-08,0.45,0.6,0.45,0.6
LFMD,2014-08-11,0.6,0.6,0.6,0.6
LFMD,2014-08-12,0.6,0.6,0.6,0.6
LFMD,2014-08-13,0.6,0.6,0.6,0.6
LFMD,2014-08-14,0.6,0.6,0.6,0.6
LFMD,2014-08-15,0.45,0.45,0.45,0.45
LFMD,2014-08-18,0.45,0.45,0.45,0.45
LFMD,2014-08-19,0.45,0.45,0.45,0.45
LFMD,2014-08-20,0.45,0.45,0.45,0.45
LFMD,2014-08-21,0.5,0.55,0.45,0.55
LFMD,2014-08-22,0.45,0.55,0.45,0.55
LFMD,2014-08-25,0.55,0.55,0.55,0.55
LFMD,2014-08-26,0.45,0.45,0.45,0.45
LFMD,2014-08-27,0.45,0.45,0.45,0.45
LFMD,2014-08-28,0.45,0.55,0.45,0.55
LFMD,2014-08-29,0.55,0.55,0.55,0.55
LFMD,2014-09-02,0.55,0.55,0.55,0.55
LFMD,2014-09-03,0.55,0.55,0.55,0.55
LFMD,2014-09-04,0.5,0.5,0.5,0.5
LFMD,2014-09-05,0.5,0.5,0.5,0.5
LFMD,2014-09-08,0.45,0.55,0.4,0.55
LFMD,2014-09-09,0.4,0.4,0.35,0.35
LFMD,2014-09-10,0.35,0.35,0.35,0.35
LFMD,2014-09-11,0.35,0.35,0.35,0.35
LFMD,2014-09-12,0.3,0.55,0.3,0.55
LFMD,2014-09-15,0.55,0.55,0.55,0.55
LFMD,2014-09-16,0.55,0.55,0.55,0.55
LFMD,2014-09-17,0.55,0.55,0.55,0.55
LFMD,2014-09-18,0.55,0.55,0.55,0.55
LFMD,2014-09-19,0.3,0.55,0.3,0.55
LFMD,2014-09-22,0.55,0.55,0.55,0.55
LFMD,2014-09-23,0.3,0.5,0.3,0.5
LFMD,2014-09-24,0.5,0.55,0.4,0.4
LFMD,2014-09-25,0.5,0.55,0.4,0.55
LFMD,2014-09-26,0.55,0.55,0.55,0.55
LFMD,2014-09-29,0.55,0.55,0.55,0.55
LFMD,2014-09-30,0.55,0.65,0.55,0.65
LFMD,2014-10-01,0.45,0.55,0.4,0.5
LFMD,2014-10-02,0.5,0.5,0.5,0.5
LFMD,2014-10-03,0.4,0.5,0.4,0.5
LFMD,2014-10-06,0.5,0.5,0.5,0.5
LFMD,2014-10-07,0.35,0.4,0.35,0.4
LFMD,2014-10-08,0.4,0.4,0.25,0.35
LFMD,2014-10-09,0.35,0.45,0.35,0.45
LFMD,2014-10-10,0.45,0.55,0.45,0.55
LFMD,2014-10-13,0.55,0.55,0.55,0.55
LFMD,2014-10-14,0.35,0.45,0.3,0.3
LFMD,2014-10-15,0.3,0.6,0.3,0.4
LFMD,2014-10-16,0.35,0.35,0.35,0.35
LFMD,2014-10-17,0.3,0.4,0.3,0.4
LFMD,2014-10-20,0.3,0.45,0.3,0.45
LFMD,2014-10-21,0.45,0.45,0.45,0.45
LFMD,2014-10-22,0.3,0.4,0.25,0.35
LFMD,2014-10-23,0.35,0.35,0.35,0.35
LFMD,2014-10-24,0.35,0.35,0.35,0.35
LFMD,2014-10-27,0.35,0.35,0.35,0.35
LFMD,2014-10-28,0.35,0.4,0.35,0.35
LFMD,2014-10-29,0.35,0.35,0.35,0.35
LFMD,2014-10-30,0.4,0.4,0.35,0.35
LFMD,2014-10-31,0.35,0.55,0.35,0.55
LFMD,2014-11-03,0.45,0.45,0.45,0.45
LFMD,2014-11-04,0.6,0.6,0.6,0.6
LFMD,2014-11-05,0.6,0.6,0.45,0.45
LFMD,2014-11-06,0.45,0.45,0.45,0.45
LFMD,2014-11-07,0.45,0.45,0.45,0.45
LFMD,2014-11-10,0.45,0.45,0.45,0.45
LFMD,2014-11-11,0.45,0.45,0.45,0.45
LFMD,2014-11-12,0.45,0.55,0.45,0.55
LFMD,2014-11-13,0.55,0.75,0.55,0.75
LFMD,2014-11-14,0.45,0.7,0.4,0.7
LFMD,2014-11-17,0.4,0.45,0.4,0.45
LFMD,2014-11-18,0.5,0.55,0.5,0.55
LFMD,2014-11-19,0.5,0.5,0.5,0.5
LFMD,2014-11-20,0.5,0.5,0.5,0.5
LFMD,2014-11-21,0.5,0.7,0.5,0.7
LFMD,2014-11-24,0.5,0.7,0.5,0.7
LFMD,2014-11-25,0.7,0.7,0.7,0.7
LFMD,2014-11-26,0.7,0.7,0.7,0.7
LFMD,2014-11-28,0.7,0.7,0.7,0.7
LFMD,2014-12-01,0.7,0.7,0.7,0.7
LFMD,2014-12-02,0.7,0.7,0.7,0.7
LFMD,2014-12-03,0.7,0.7,0.7,0.7
LFMD,2014-12-04,0.45,0.6,0.45,0.6
LFMD,2014-12-05,0.6,0.65,0.5,0.6
LFMD,2014-12-08,0.5,0.7,0.5,0.7
LFMD,2014-12-09,0.7,0.7,0.7,0.7
LFMD,2014-12-10,0.6,0.75,0.6,0.75
LFMD,2014-12-11,0.55,0.75,0.5,0.75
LFMD,2014-12-12,0.75,0.75,0.75,0.75
LFMD,2014-12-15,0.75,0.75,0.75,0.75
LFMD,2014-12-16,0.5,0.7,0.5,0.7
LFMD,2014-12-17,0.7,0.7,0.7,0.7
LFMD,2014-12-18,0.7,0.7,0.5,0.7
LFMD,2014-12-19,0.7,0.7,0.7,0.7
LFMD,2014-12-22,0.45,0.5,0.45,0.5
LFMD,2014-12-23,0.45,0.5,0.45,0.5
LFMD,2014-12-24,0.5,0.5,0.5,0.5
LFMD,2014-12-26,0.5,0.5,0.5,0.5
LFMD,2014-12-29,0.4,0.45,0.4,0.45
LFMD,2014-12-30,0.45,0.45,0.45,0.45
LFMD,2014-12-31,0.45,0.6,0.45,0.5
LFMD,2015-01-02,0.7,0.8,0.7,0.8
LFMD,2015-01-05,0.65,0.7,0.65,0.7
LFMD,2015-01-06,0.5,0.55,0.5,0.5
LFMD,2015-01-07,0.5,0.5,0.5,0.5
LFMD,2015-01-08,0.5,0.5,0.5,0.5
LFMD,2015-01-09,0.45,0.45,0.45,0.45
LFMD,2015-01-12,0.45,0.55,0.45,0.45
LFMD,2015-01-13,0.75,0.75,0.5,0.5
LFMD,2015-01-14,0.5,0.5,0.5,0.5
LFMD,2015-01-15,0.55,0.55,0.55,0.55
LFMD,2015-01-16,0.55,0.55,0.55,0.55
LFMD,2015-01-20,0.55,0.55,0.55,0.55
LFMD,2015-01-21,0.6,0.6,0.6,0.6
LFMD,2015-01-22,0.5,0.55,0.5,0.55
LFMD,2015-01-23,0.55,0.55,0.55,0.55
LFMD,2015-01-26,0.6,0.6,0.6,0.6
LFMD,2015-01-27,0.65,0.75,0.65,0.75
LFMD,2015-01-28,0.7,0.7,0.7,0.7
LFMD,2015-01-29,0.7,0.9,0.7,0.9
LFMD,2015-01-30,0.7,0.9,0.7,0.9
LFMD,2015-02-02,0.8,0.95,0.8,0.95
LFMD,2015-02-03,0.85,0.85,0.85,0.85
LFMD,2015-02-04,0.95,1.15,0.95,1.15
LFMD,2015-02-05,1.0,1.0,1.0,1.0
LFMD,2015-02-06,1.0,1.0,1.0,1.0
LFMD,2015-02-09,1.0,1.0,1.0,1.0
LFMD,2015-02-10,1.0,1.0,1.0,1.0
LFMD,2015-02-11,0.85,1.0,0.85,1.0
LFMD,2015-02-12,0.85,1.0,0.85,1.0
LFMD,2015-02-13,0.75,0.75,0.75,0.75
LFMD,2015-02-17,0.8,1.0,0.8,1.0
LFMD,2015-02-18,1.0,1.0,1.0,1.0
LFMD,2015-02-19,1.0,1.0,1.0,1.0
LFMD,2015-02-20,1.0,1.0,1.0,1.0
LFMD,2015-02-23,1.0,1.0,1.0,1.0
LFMD,2015-02-24,1.0,1.0,1.0,1.0
LFMD,2015-02-25,1.0,1.0,1.0,1.0
LFMD,2015-02-26,0.6,1.0,0.6,1.0
LFMD,2015-02-27,0.85,0.85,0.85,0.85
LFMD,2015-03-02,0.85,0.85,0.85,0.85
LFMD,2015-03-03,0.85,0.85,0.85,0.85
LFMD,2015-03-04,0.85,0.85,0.85,0.85
LFMD,2015-03-05,1.0,1.0,1.0,1.0
LFMD,2015-03-06,0.95,0.95,0.95,0.95
LFMD,2015-03-09,0.55,1.0,0.55,1.0
LFMD,2015-03-10,1.0,1.0,1.0,1.0
LFMD,2015-03-11,0.85,0.85,0.8,0.8
LFMD,2015-03-12,0.8,0.8,0.8,0.8
LFMD,2015-03-13,0.65,0.9,0.6,0.9
LFMD,2015-03-16,0.9,0.9,0.9,0.9
LFMD,2015-03-17,0.6,0.6,0.6,0.6
LFMD,2015-03-18,0.6,0.6,0.6,0.6
LFMD,2015-03-19,0.6,0.6,0.6,0.6
LFMD,2015-03-20,0.6,0.6,0.6,0.6
LFMD,2015-03-23,0.65,0.65,0.65,0.65
LFMD,2015-03-24,0.65,0.65,0.65,0.65
LFMD,2015-03-25,0.65,0.65,0.65,0.65
LFMD,2015-03-26,0.9,0.9,0.9,0.9
LFMD,2015-03-27,0.9,0.9,0.9,0.9
LFMD,2015-03-30,0.9,0.9,0.9,0.9
LFMD,2015-03-31,0.9,0.9,0.9,0.9
LFMD,2015-04-01,0.6,0.6,0.6,0.6
LFMD,2015-04-02,0.6,0.6,0.6,0.6
LFMD,2015-04-06,0.6,0.6,0.6,0.6
LFMD,2015-04-07,0.6,0.6,0.6,0.6
LFMD,2015-04-08,0.6,0.6,0.6,0.6
LFMD,2015-04-09,0.9,0.9,0.9,0.9
LFMD,2015-04-10,0.9,0.9,0.9,0.9
LFMD,2015-04-13,0.9,0.9,0.9,0.9
LFMD,2015-04-14,0.6,0.8,0.6,0.8
LFMD,2015-04-15,0.6,0.75,0.6,0.75
LFMD,2015-04-16,0.9,0.9,0.7,0.7
LFMD,2015-04-17,0.5,0.8,0.5,0.8
LFMD,2015-04-20,0.55,0.55,0.55,0.55
LFMD,2015-04-21,0.55,0.55,0.55,0.55
LFMD,2015-04-22,0.8,0.8,0.8,0.8
LFMD,2015-04-23,0.8,0.8,0.8,0.8
LFMD,2015-04-24,0.7,0.7,0.7,0.7
LFMD,2015-04-27,0.7,0.7,0.7,0.7
LFMD,2015-04-28,0.7,0.7,0.7,0.7
LFMD,2015-04-29,0.7,0.7,0.7,0.7
LFMD,2015-04-30,0.7,0.7,0.7,0.7
LFMD,2015-05-01,0.7,0.7,0.7,0.7
LFMD,2015-05-04,0.7,0.7,0.7,0.7
LFMD,2015-05-05,0.6,0.6,0.6,0.6
LFMD,2015-05-06,0.6,0.6,0.6,0.6
LFMD,2015-05-07,0.6,0.6,0.6,0.6
LFMD,2015-05-08,0.6,0.65,0.4,0.5
LFMD,2015-05-11,0.5,0.5,0.5,0.5
LFMD,2015-05-12,0.5,0.5,0.5,0.5
LFMD,2015-05-13,0.5,0.6,0.5,0.6
LFMD,2015-05-14,0.6,0.6,0.6,0.6
LFMD,2015-05-15,0.6,0.6,0.6,0.6
LFMD,2015-05-18,0.6,0.6,0.6,0.6
LFMD,2015-05-19,0.6,0.6,0.6,0.6
LFMD,2015-05-20,0.6,0.6,0.6,0.6
LFMD,2015-05-21,0.5,0.7,0.45,0.7
LFMD,2015-05-22,0.7,0.7,0.35,0.45
LFMD,2015-05-26,0.45,0.5,0.45,0.45
LFMD,2015-05-27,0.45,0.45,0.45,0.45
LFMD,2015-05-28,0.5,0.5,0.5,0.5
LFMD,2015-05-29,0.5,0.5,0.5,0.5
LFMD,2015-06-01,0.5,0.5,0.5,0.5
LFMD,2015-06-02,0.5,0.5,0.5,0.5
LFMD,2015-06-03,0.5,0.5,0.5,0.5
LFMD,2015-06-04,0.45,0.6,0.45,0.6
LFMD,2015-06-05,0.45,0.5,0.45,0.5
LFMD,2015-06-08,0.45,0.45,0.45,0.45
LFMD,2015-06-09,0.45,0.45,0.45,0.45
LFMD,2015-06-10,0.45,0.65,0.45,0.65
LFMD,2015-06-11,0.45,0.45,0.45,0.45
LFMD,2015-06-12,0.45,0.45,0.45,0.45
LFMD,2015-06-15,0.5,0.5,0.5,0.5
LFMD,2015-06-16,0.4,0.45,0.15,0.45
LFMD,2015-06-17,0.45,0.45,0.45,0.45
LFMD,2015-06-18,0.45,0.45,0.45,0.45
LFMD,2015-06-19,0.45,0.45,0.45,0.45
LFMD,2015-06-22,0.4,0.4,0.4,0.4
LFMD,2015-06-23,0.5,0.5,0.5,0.5
LFMD,2015-06-24,0.5,0.5,0.5,0.5
LFMD,2015-06-25,0.4,0.4,0.4,0.4
LFMD,2015-06-26,0.4,0.4,0.4,0.4
LFMD,2015-06-29,0.4,0.4,0.4,0.4
LFMD,2015-06-30,0.45,0.45,0.45,0.45
LFMD,2015-07-01,0.45,0.45,0.45,0.45
LFMD,2015-07-02,0.45,0.45,0.45,0.45
LFMD,2015-07-06,0.45,0.45,0.45,0.45
LFMD,2015-07-07,0.45,0.45,0.45,0.45
LFMD,2015-07-08,0.45,0.45,0.45,0.45
LFMD,2015-07-09,0.4,0.45,0.4,0.45
LFMD,2015-07-10,0.45,0.45,0.45,0.45
LFMD,2015-07-13,0.4,0.5,0.4,0.45
LFMD,2015-07-14,0.45,0.5,0.45,0.5
LFMD,2015-07-15,0.5,0.5,0.5,0.5
LFMD,2015-07-16,0.45,0.45,0.45,0.45
LFMD,2015-07-17,0.5,0.7,0.4,0.55
LFMD,2015-07-20,0.65,0.65,0.5,0.65
LFMD,2015-07-21,0.65,0.65,0.65,0.65
LFMD,2015-07-22,0.5,0.5,0.5,0.5
LFMD,2015-07-23,0.5,0.7,0.5,0.7
LFMD,2015-07-24,0.7,0.7,0.7,0.7
LFMD,2015-07-27,0.65,0.65,0.65,0.65
LFMD,2015-07-28,0.65,0.65,0.65,0.65
LFMD,2015-07-29,0.65,0.7,0.65,0.7
LFMD,2015-07-30,0.7,0.7,0.7,0.7
LFMD,2015-07-31,0.5,0.65,0.45,0.65
LFMD,2015-08-03,0.45,0.45,0.45,0.45
LFMD,2015-08-04,0.5,0.5,0.45,0.45
LFMD,2015-08-05,0.45,0.45,0.45,0.45
LFMD,2015-08-06,0.65,0.7,0.65,0.7
LFMD,2015-08-07,0.6,0.7,0.5,0.6
LFMD,2015-08-10,0.6,0.6,0.6,0.6
LFMD,2015-08-11,0.5,0.5,0.5,0.5
LFMD,2015-08-12,0.65,0.65,0.5,0.5
LFMD,2015-08-13,0.65,0.65,0.65,0.65
LFMD,2015-08-14,0.35,0.65,0.35,0.65
LFMD,2015-08-17,0.65,0.65,0.65,0.65
LFMD,2015-08-18,0.65,0.65,0.65,0.65
LFMD,2015-08-19,0.65,0.65,0.65,0.65
LFMD,2015-08-20,0.65,0.65,0.65,0.65
LFMD,2015-08-21,0.4,0.55,0.4,0.55
LFMD,2015-08-24,0.55,0.55,0.55,0.55
LFMD,2015-08-25,0.35,0.35,0.35,0.35
LFMD,2015-08-26,0.35,0.35,0.35,0.35
LFMD,2015-08-27,0.35,0.35,0.35,0.35
LFMD,2015-08-28,0.55,0.55,0.35,0.35
LFMD,2015-08-31,0.55,0.55,0.55,0.55
LFMD,2015-09-01,0.55,0.55,0.55,0.55
LFMD,2015-09-02,0.55,0.55,0.55,0.55
LFMD,2015-09-03,0.55,0.55,0.55,0.55
LFMD,2015-09-04,0.55,0.55,0.55,0.55
LFMD,2015-09-08,0.55,0.55,0.55,0.55
LFMD,2015-09-09,0.55,0.55,0.55,0.55
LFMD,2015-09-10,0.5,0.5,0.5,0.5
LFMD,2015-09-11,0.5,0.5,0.5,0.5
LFMD,2015-09-14,0.5,0.5,0.5,0.5
LFMD,2015-09-15,0.35,0.35,0.35,0.35
LFMD,2015-09-16,0.4,0.4,0.4,0.4
LFMD,2015-09-17,0.4,0.4,0.4,0.4
LFMD,2015-09-18,0.4,0.4,0.4,0.4
LFMD,2015-09-21,0.5,0.5,0.35,0.5
LFMD,2015-09-22,0.5,0.5,0.5,0.5
LFMD,2015-09-23,0.5,0.5,0.5,0.5
LFMD,2015-09-24,0.5,0.5,0.5,0.5
LFMD,2015-09-25,0.5,0.5,0.5,0.5
LFMD,2015-09-28,0.35,0.35,0.35,0.35
LFMD,2015-09-29,0.35,0.35,0.35,0.35
LFMD,2015-09-30,0.25,0.25,0.25,0.25
LFMD,2015-10-01,0.25,0.25,0.25,0.25
LFMD,2015-10-02,0.25,0.25,0.25,0.25
LFMD,2015-10-05,0.25,0.25,0.25,0.25
LFMD,2015-10-06,0.3,0.45,0.3,0.45
LFMD,2015-10-07,0.35,0.4,0.35,0.4
LFMD,2015-10-08,0.45,0.5,0.45,0.5
LFMD,2015-10-09,0.5,0.5,0.5,0.5
LFMD,2015-10-12,0.5,0.5,0.5,0.5
LFMD,2015-10-13,0.5,0.5,0.5,0.5
LFMD,2015-10-14,0.45,0.45,0.45,0.45
LFMD,2015-10-15,0.5,0.5,0.5,0.5
LFMD,2015-10-16,0.4,0.5,0.4,0.5
LFMD,2015-10-19,0.5,0.5,0.5,0.5
LFMD,2015-10-20,0.35,0.35,0.35,0.35
LFMD,2015-10-21,0.35,0.35,0.35,0.35
LFMD,2015-10-22,0.35,0.5,0.35,0.5
LFMD,2015-10-23,0.5,0.5,0.5,0.5
LFMD,2015-10-26,0.5,0.5,0.5,0.5
LFMD,2015-10-27,0.5,0.5,0.5,0.5
LFMD,2015-10-28,0.5,0.5,0.5,0.5
LFMD,2015-10-29,0.5,0.5,0.5,0.5
LFMD,2015-10-30,0.65,0.65,0.65,0.65
LFMD,2015-11-02,0.65,0.65,0.65,0.65
LFMD,2015-11-03,0.65,0.65,0.65,0.65
LFMD,2015-11-04,0.6,0.75,0.6,0.75
LFMD,2015-11-05,0.7,0.7,0.7,0.7
LFMD,2015-11-06,0.65,0.65,0.65,0.65
LFMD,2015-11-09,0.65,0.65,0.65,0.65
LFMD,2015-11-10,0.65,0.65,0.65,0.65
LFMD,2015-11-11,0.5,0.5,0.5,0.5
LFMD,2015-11-12,0.5,0.5,0.5,0.5
LFMD,2015-11-13,0.5,0.5,0.5,0.5
LFMD,2015-11-16,0.5,0.5,0.5,0.5
LFMD,2015-11-17,0.35,0.35,0.35,0.35
LFMD,2015-11-18,0.35,0.35,0.35,0.35
LFMD,2015-11-19,0.4,0.4,0.4,0.4
LFMD,2015-11-20,0.45,0.45,0.45,0.45
LFMD,2015-11-23,0.45,0.45,0.45,0.45
LFMD,2015-11-24,0.45,0.6,0.45,0.6
LFMD,2015-11-25,0.6,0.6,0.6,0.6
LFMD,2015-11-27,0.6,0.6,0.6,0.6
LFMD,2015-11-30,0.35,0.35,0.35,0.35
LFMD,2015-12-01,0.4,0.6,0.4,0.6
LFMD,2015-12-02,0.6,0.6,0.6,0.6
LFMD,2015-12-03,0.4,0.4,0.4,0.4
LFMD,2015-12-04,0.6,0.6,0.6,0.6
LFMD,2015-12-07,0.35,0.6,0.35,0.6
LFMD,2015-12-08,0.6,0.6,0.6,0.6
LFMD,2015-12-09,0.6,0.6,0.6,0.6
LFMD,2015-12-10,0.6,0.6,0.6,0.6
LFMD,2015-12-11,0.35,0.5,0.3,0.3
LFMD,2015-12-14,0.5,0.5,0.5,0.5
LFMD,2015-12-15,0.5,0.5,0.5,0.5
LFMD,2015-12-16,0.55,0.6,0.55,0.6
LFMD,2015-12-17,0.6,0.65,0.55,0.65
LFMD,2015-12-18,0.4,0.6,0.4,0.6
LFMD,2015-12-21,0.6,0.85,0.6,0.85
LFMD,2015-12-22,0.6,0.6,0.6,0.6
LFMD,2015-12-23,0.6,0.85,0.6,0.7
LFMD,2015-12-24,0.5,0.5,0.5,0.5
LFMD,2015-12-28,0.5,0.5,0.5,0.5
LFMD,2015-12-29,0.7,0.7,0.7,0.7
LFMD,2015-12-30,0.7,0.7,0.7,0.7
LFMD,2015-12-31,0.5,0.6,0.5,0.6
LFMD,2016-01-04,0.5,0.5,0.5,0.5
LFMD,2016-01-05,0.55,0.55,0.55,0.55
LFMD,2016-01-06,0.5,0.75,0.5,0.65
LFMD,2016-01-07,0.65,0.7,0.65,0.65
LFMD,2016-01-08,0.7,0.85,0.7,0.75
LFMD,2016-01-11,0.75,0.75,0.75,0.75
LFMD,2016-01-12,0.7,0.7,0.7,0.7
LFMD,2016-01-13,0.7,0.75,0.7,0.7
LFMD,2016-01-14,0.7,0.7,0.7,0.7
LFMD,2016-01-15,0.7,0.75,0.7,0.75
LFMD,2016-01-19,0.7,0.7,0.7,0.7
LFMD,2016-01-20,0.75,0.8,0.7,0.7
LFMD,2016-01-21,0.8,0.9,0.8,0.8
LFMD,2016-01-22,0.8,0.85,0.65,0.65
LFMD,2016-01-25,0.75,0.75,0.7,0.7
LFMD,2016-01-26,0.75,0.75,0.7,0.75
LFMD,2016-01-27,0.75,0.85,0.7,0.8
LFMD,2016-01-28,0.8,0.8,0.8,0.8
LFMD,2016-01-29,0.8,0.8,0.75,0.75
LFMD,2016-02-01,0.75,0.75,0.7,0.7
LFMD,2016-02-02,0.7,0.7,0.7,0.7
LFMD,2016-02-03,0.65,0.65,0.65,0.65
LFMD,2016-02-04,0.65,0.65,0.65,0.65
LFMD,2016-02-05,0.65,0.65,0.65,0.65
LFMD,2016-02-08,0.7,0.7,0.7,0.7
LFMD,2016-02-09,0.7,0.7,0.7,0.7
LFMD,2016-02-10,0.7,0.7,0.65,0.7
LFMD,2016-02-11,0.7,0.75,0.7,0.75
LFMD,2016-02-12,0.75,0.85,0.75,0.85
LFMD,2016-02-16,0.75,0.85,0.75,0.85
LFMD,2016-02-17,0.85,0.95,0.85,0.95
LFMD,2016-02-18,1.0,1.0,0.95,1.0
LFMD,2016-02-19,1.05,1.05,0.95,1.0
LFMD,2016-02-22,0.95,1.0,0.95,1.0
LFMD,2016-02-23,0.95,1.15,0.95,1.15
LFMD,2016-02-24,1.15,1.15,1.15,1.15
LFMD,2016-02-25,1.15,1.3,1.15,1.25
LFMD,2016-02-26,1.25,1.4,1.25,1.4
LFMD,2016-02-29,1.25,1.5,1.25,1.25
LFMD,2016-03-01,1.45,1.45,1.15,1.3
LFMD,2016-03-02,1.25,1.3,1.05,1.05
LFMD,2016-03-03,1.2,1.2,1.0,1.1
LFMD,2016-03-04,1.15,1.35,1.1,1.2
LFMD,2016-03-07,1.3,1.3,1.15,1.2
LFMD,2016-03-08,1.15,1.15,0.95,0.95
LFMD,2016-03-09,1.15,1.15,0.95,1.05
LFMD,2016-03-10,1.15,1.15,1.05,1.15
LFMD,2016-03-11,1.15,1.15,1.0,1.0
LFMD,2016-03-14,0.95,1.0,0.85,1.0
LFMD,2016-03-15,1.0,1.0,0.9,0.95
LFMD,2016-03-16,0.95,0.95,0.95,0.95
LFMD,2016-03-17,1.0,1.25,0.9,1.2
LFMD,2016-03-18,1.25,1.25,1.1,1.2
LFMD,2016-03-21,1.2,1.5,1.15,1.25
LFMD,2016-03-22,1.3,1.3,1.05,1.2
LFMD,2016-03-23,1.2,1.4,1.2,1.35
LFMD,2016-03-24,1.45,1.45,1.3,1.4
LFMD,2016-03-28,1.4,1.4,1.25,1.4
LFMD,2016-03-29,1.35,1.35,1.35,1.35
LFMD,2016-03-30,1.35,1.4,1.3,1.3
LFMD,2016-03-31,1.25,1.65,1.25,1.5
LFMD,2016-04-01,1.5,1.5,1.5,1.5
LFMD,2016-04-04,1.6,1.6,1.4,1.5
LFMD,2016-04-05,1.5,1.5,1.35,1.4
LFMD,2016-04-06,1.4,1.4,1.25,1.3
LFMD,2016-04-07,1.3,1.5,1.25,1.5
LFMD,2016-04-08,1.65,1.65,1.5,1.6
LFMD,2016-04-11,1.6,1.9,1.6,1.75
LFMD,2016-04-12,1.9,2.0,1.7,1.8
LFMD,2016-04-13,1.8,1.8,1.55,1.6
LFMD,2016-04-14,1.6,1.9,1.55,1.6
LFMD,2016-04-15,1.8,1.8,1.7,1.75
LFMD,2016-04-18,1.8,1.9,1.8,1.9
LFMD,2016-04-19,1.9,1.9,1.85,1.85
LFMD,2016-04-20,1.7,1.8,1.55,1.8
LFMD,2016-04-21,1.8,1.85,1.55,1.85
LFMD,2016-04-22,1.7,1.9,1.05,1.2
LFMD,2016-04-25,1.3,1.55,1.3,1.35
LFMD,2016-04-26,1.45,1.5,1.35,1.5
LFMD,2016-04-27,1.5,1.5,1.25,1.25
LFMD,2016-04-28,1.3,1.35,1.2,1.35
LFMD,2016-04-29,1.2,1.35,1.2,1.2
LFMD,2016-05-02,1.3,1.35,1.2,1.2
LFMD,2016-05-03,1.35,1.35,1.2,1.25
LFMD,2016-05-04,1.35,1.35,1.35,1.35
LFMD,2016-05-05,1.2,1.25,1.2,1.2
LFMD,2016-05-06,1.2,1.35,1.2,1.2
LFMD,2016-05-09,1.45,1.45,1.2,1.4
LFMD,2016-05-10,1.4,1.4,1.4,1.4
LFMD,2016-05-11,1.2,1.25,1.2,1.25
LFMD,2016-05-12,1.2,1.2,1.15,1.15
LFMD,2016-05-13,1.15,1.2,1.15,1.15
LFMD,2016-05-16,1.2,1.25,1.2,1.25
LFMD,2016-05-17,1.2,1.3,1.2,1.3
LFMD,2016-05-18,1.2,1.25,1.05,1.15
LFMD,2016-05-19,1.15,1.2,1.0,1.0
LFMD,2016-05-20,1.0,1.15,1.0,1.05
LFMD,2016-05-23,1.05,1.05,1.0,1.05
LFMD,2016-05-24,1.05,1.05,0.9,0.95
LFMD,2016-05-25,0.95,0.95,0.9,0.9
LFMD,2016-05-26,0.85,1.1,0.85,1.1
LFMD,2016-05-27,1.1,1.2,1.1,1.15
LFMD,2016-05-31,1.2,1.45,1.2,1.45
LFMD,2016-06-01,1.5,1.7,1.5,1.55
LFMD,2016-06-02,1.7,1.7,1.4,1.4
LFMD,2016-06-03,1.35,1.4,1.3,1.35
LFMD,2016-06-06,1.35,1.35,1.3,1.3
LFMD,2016-06-07,1.35,1.35,1.25,1.25
LFMD,2016-06-08,1.4,1.4,1.1,1.15
LFMD,2016-06-09,1.1,1.25,1.1,1.15
LFMD,2016-06-10,1.15,1.5,1.15,1.3
LFMD,2016-06-13,1.35,1.4,1.2,1.3
LFMD,2016-06-14,1.3,1.3,1.3,1.3
LFMD,2016-06-15,1.25,1.45,1.25,1.4
LFMD,2016-06-16,1.35,1.35,1.3,1.35
LFMD,2016-06-17,1.35,1.35,1.25,1.35
LFMD,2016-06-20,1.35,1.35,1.35,1.35
LFMD,2016-06-21,1.45,1.45,1.4,1.4
LFMD,2016-06-22,1.4,1.6,1.3,1.35
LFMD,2016-06-23,1.55,1.55,1.4,1.45
LFMD,2016-06-24,1.35,1.5,1.25,1.4
LFMD,2016-06-27,1.3,1.3,1.3,1.3
LFMD,2016-06-28,1.35,1.35,1.3,1.3
LFMD,2016-06-29,1.3,1.3,1.25,1.25
LFMD,2016-06-30,1.25,1.3,1.25,1.3
LFMD,2016-07-01,1.3,1.3,1.3,1.3
LFMD,2016-07-05,1.45,1.7,1.4,1.55
LFMD,2016-07-06,1.4,1.7,1.4,1.6
LFMD,2016-07-07,1.65,1.65,1.45,1.6
LFMD,2016-07-08,1.6,1.6,1.4,1.4
LFMD,2016-07-11,1.5,1.5,1.5,1.5
LFMD,2016-07-12,1.5,1.55,1.4,1.55
LFMD,2016-07-13,1.55,1.55,1.55,1.55
LFMD,2016-07-14,1.5,1.5,1.4,1.5
LFMD,2016-07-15,1.5,1.5,1.45,1.45
LFMD,2016-07-18,1.35,1.35,1.25,1.25
LFMD,2016-07-19,1.35,1.45,1.35,1.45
LFMD,2016-07-20,1.4,1.4,1.4,1.4
LFMD,2016-07-21,1.4,1.4,1.4,1.4
LFMD,2016-07-22,1.45,1.45,1.35,1.4
LFMD,2016-07-25,1.35,1.35,1.35,1.35
LFMD,2016-07-26,1.35,1.35,1.3,1.35
LFMD,2016-07-27,1.35,1.35,1.3,1.35
LFMD,2016-07-28,1.35,1.35,1.3,1.3
LFMD,2016-07-29,1.3,1.35,1.3,1.3
LFMD,2016-08-01,1.35,1.35,1.35,1.35
LFMD,2016-08-02,1.3,1.35,1.3,1.3
LFMD,2016-08-03,1.3,1.3,1.25,1.25
LFMD,2016-08-04,1.2,1.25,1.2,1.25
LFMD,2016-08-05,1.3,1.3,1.2,1.25
LFMD,2016-08-08,1.25,1.25,1.25,1.25
LFMD,2016-08-09,1.25,1.35,1.25,1.35
LFMD,2016-08-10,1.35,1.35,1.35,1.35
LFMD,2016-08-11,1.35,1.35,1.35,1.35
LFMD,2016-08-12,1.2,1.35,1.2,1.25
LFMD,2016-08-15,1.35,1.35,1.3,1.35
LFMD,2016-08-16,1.4,1.4,1.25,1.25
LFMD,2016-08-17,1.25,1.3,1.05,1.25
LFMD,2016-08-18,1.15,1.25,1.0,1.25
LFMD,2016-08-19,1.05,1.2,1.05,1.15
LFMD,2016-08-22,1.15,1.15,1.1,1.1
LFMD,2016-08-23,1.15,1.35,1.1,1.1
LFMD,2016-08-24,1.3,1.3,1.15,1.15
LFMD,2016-08-25,1.25,1.25,1.15,1.15
LFMD,2016-08-26,1.25,1.3,1.25,1.25
LFMD,2016-08-29,1.25,1.25,1.15,1.15
LFMD,2016-08-30,1.15,1.15,1.15,1.15
LFMD,2016-08-31,1.2,1.2,1.2,1.2
LFMD,2016-09-01,1.2,1.3,1.2,1.3
LFMD,2016-09-02,1.35,1.35,1.35,1.35
LFMD,2016-09-06,1.35,1.35,1.35,1.35
LFMD,2016-09-07,1.25,1.25,1.2,1.25
LFMD,2016-09-08,1.35,1.35,1.35,1.35
LFMD,2016-09-09,1.35,1.4,1.15,1.25
LFMD,2016-09-12,1.2,1.3,1.2,1.2
LFMD,2016-09-13,1.2,1.3,1.2,1.3
LFMD,2016-09-14,1.15,1.3,1.15,1.3
LFMD,2016-09-15,1.3,1.3,1.3,1.3
LFMD,2016-09-16,1.25,1.25,1.25,1.25
LFMD,2016-09-19,1.25,1.25,1.1,1.15
LFMD,2016-09-20,1.15,1.2,1.05,1.05
LFMD,2016-09-21,1.1,1.1,1.1,1.1
LFMD,2016-09-22,1.2,1.2,1.1,1.1
LFMD,2016-09-23,1.2,1.25,1.15,1.25
LFMD,2016-09-26,1.3,1.3,1.15,1.15
LFMD,2016-09-27,1.3,1.3,1.3,1.3
LFMD,2016-09-28,1.25,1.35,1.2,1.35
LFMD,2016-09-29,1.25,1.35,1.25,1.35
LFMD,2016-09-30,1.3,1.3,1.3,1.3
LFMD,2016-10-03,1.35,1.4,1.3,1.35
LFMD,2016-10-04,1.35,1.35,1.3,1.3
LFMD,2016-10-05,1.3,1.3,1.3,1.3
LFMD,2016-10-06,1.35,1.35,1.35,1.35
LFMD,2016-10-07,1.35,1.4,1.3,1.4
LFMD,2016-10-10,1.35,1.4,1.3,1.4
LFMD,2016-10-11,1.4,1.4,1.4,1.4
LFMD,2016-10-12,1.4,1.4,1.2,1.25
LFMD,2016-10-13,1.25,1.35,1.2,1.35
LFMD,2016-10-14,1.25,1.35,1.25,1.35
LFMD,2016-10-17,1.25,1.35,1.25,1.3
LFMD,2016-10-18,1.3,1.4,1.2,1.4
LFMD,2016-10-19,1.4,1.4,1.25,1.25
LFMD,2016-10-20,1.4,1.4,1.35,1.4
LFMD,2016-10-21,1.45,1.45,1.3,1.3
LFMD,2016-10-24,1.25,1.35,1.25,1.35
LFMD,2016-10-25,1.3,1.3,1.3,1.3
LFMD,2016-10-26,1.3,1.45,1.3,1.45
LFMD,2016-10-27,1.4,1.4,1.35,1.4
LFMD,2016-10-28,1.35,1.35,1.35,1.35
LFMD,2016-10-31,1.35,1.35,1.35,1.35
LFMD,2016-11-01,1.35,1.35,1.2,1.2
LFMD,2016-11-02,1.2,1.2,1.15,1.15
LFMD,2016-11-03,1.35,1.35,1.35,1.35
LFMD,2016-11-04,1.2,1.2,1.15,1.15
LFMD,2016-11-07,1.2,1.3,1.2,1.3
LFMD,2016-11-08,1.25,1.3,1.25,1.3
LFMD,2016-11-09,1.3,1.3,1.25,1.3
LFMD,2016-11-10,1.3,1.3,1.25,1.25
LFMD,2016-11-11,1.25,1.3,1.25,1.3
LFMD,2016-11-14,1.3,1.3,1.25,1.3
LFMD,2016-11-15,1.3,1.4,1.15,1.25
LFMD,2016-11-16,1.3,1.3,1.25,1.25
LFMD,2016-11-17,1.35,1.4,1.35,1.4
LFMD,2016-11-18,1.4,1.5,1.3,1.5
LFMD,2016-11-21,1.5,1.5,1.4,1.4
LFMD,2016-11-22,1.5,1.5,1.35,1.35
LFMD,2016-11-23,1.5,1.5,1.35,1.35
LFMD,2016-11-25,1.45,1.45,1.45,1.45
LFMD,2016-11-28,1.4,1.45,1.35,1.45
LFMD,2016-11-29,1.35,1.45,1.35,1.45
LFMD,2016-11-30,1.45,1.45,1.3,1.45
LFMD,2016-12-01,1.25,1.25,1.25,1.25
LFMD,2016-12-02,1.45,1.45,1.05,1.4
LFMD,2016-12-05,1.2,1.45,1.15,1.2
LFMD,2016-12-06,1.4,1.4,1.2,1.2
LFMD,2016-12-07,1.35,1.35,1.2,1.3
LFMD,2016-12-08,1.3,1.3,1.2,1.2
LFMD,2016-12-09,1.2,1.2,1.1,1.1
LFMD,2016-12-12,1.2,1.2,1.15,1.2
LFMD,2016-12-13,1.15,1.15,1.1,1.15
LFMD,2016-12-14,1.15,1.15,1.15,1.15
LFMD,2016-12-15,1.15,1.15,1.15,1.15
LFMD,2016-12-16,1.15,1.25,1.1,1.1
LFMD,2016-12-19,1.15,1.15,1.1,1.1
LFMD,2016-12-20,1.15,1.25,1.1,1.25
LFMD,2016-12-21,1.2,1.2,1.2,1.2
LFMD,2016-12-22,1.2,1.3,1.2,1.3
LFMD,2016-12-23,1.2,1.2,1.2,1.2
LFMD,2016-12-27,1.2,1.2,1.2,1.2
LFMD,2016-12-28,1.2,1.2,1.2,1.2
LFMD,2016-12-29,1.2,1.25,1.2,1.25
LFMD,2016-12-30,1.2,1.3,1.2,1.3
LFMD,2017-01-03,1.1,1.3,1.1,1.2
LFMD,2017-01-04,1.3,1.3,1.2,1.2
LFMD,2017-01-05,1.25,1.25,1.2,1.2
LFMD,2017-01-06,1.2,1.25,1.2,1.25
LFMD,2017-01-09,1.2,1.25,1.2,1.25
LFMD,2017-01-10,1.25,1.25,1.25,1.25
LFMD,2017-01-11,1.2,1.25,1.2,1.25
LFMD,2017-01-12,1.2,1.25,1.2,1.25
LFMD,2017-01-13,1.2,1.3,1.2,1.3
LFMD,2017-01-17,1.3,1.3,1.3,1.3
LFMD,2017-01-18,1.2,1.2,1.2,1.2
LFMD,2017-01-19,1.3,1.3,1.3,1.3
LFMD,2017-01-20,1.3,1.3,1.3,1.3
LFMD,2017-01-23,1.3,1.3,1.3,1.3
LFMD,2017-01-24,1.3,1.3,1.3,1.3
LFMD,2017-01-25,1.25,1.3,1.2,1.3
LFMD,2017-01-26,1.3,1.3,1.3,1.3
LFMD,2017-01-27,1.2,1.25,1.2,1.25
LFMD,2017-01-30,1.25,1.25,1.25,1.25
LFMD,2017-01-31,1.25,1.25,1.2,1.2
LFMD,2017-02-01,1.2,1.2,1.2,1.2
LFMD,2017-02-02,1.2,1.2,1.2,1.2
LFMD,2017-02-03,1.2,1.2,1.2,1.2
LFMD,2017-02-06,1.05,1.2,1.05,1.2
LFMD,2017-02-07,1.25,1.25,1.2,1.2
LFMD,2017-02-08,1.25,1.25,1.25,1.25
LFMD,2017-02-09,1.2,1.2,1.2,1.2
LFMD,2017-02-10,1.2,1.25,1.2,1.25
LFMD,2017-02-13,1.25,1.25,1.25,1.25
LFMD,2017-02-14,1.2,1.25,1.2,1.25
LFMD,2017-02-15,1.2,1.2,1.2,1.2
LFMD,2017-02-16,1.2,1.25,1.2,1.25
LFMD,2017-02-17,1.2,1.45,1.2,1.45
LFMD,2017-02-21,1.45,1.45,1.2,1.4
LFMD,2017-02-22,1.4,1.4,1.2,1.2
LFMD,2017-02-23,1.4,1.4,1.25,1.25
LFMD,2017-02-24,1.2,1.2,1.2,1.2
LFMD,2017-02-27,1.2,1.4,1.2,1.3
LFMD,2017-02-28,1.2,1.4,1.2,1.4
LFMD,2017-03-01,1.2,1.4,1.2,1.4
LFMD,2017-03-02,1.35,1.65,1.3,1.6
LFMD,2017-03-03,1.6,2.2,1.5,2.15
LFMD,2017-03-06,2.2,4.75,1.8,3.95
LFMD,2017-03-07,4.05,4.2,3.15,3.4
LFMD,2017-03-08,3.65,3.65,2.25,2.75
LFMD,2017-03-09,2.2,2.7,2.15,2.45
LFMD,2017-03-10,2.45,3.25,2.45,2.65
LFMD,2017-03-13,2.75,3.25,2.7,2.8
LFMD,2017-03-14,3.05,3.05,2.85,2.95
LFMD,2017-03-15,3.05,3.75,3.0,3.35
LFMD,2017-03-16,3.5,3.7,3.2,3.25
LFMD,2017-03-17,3.3,3.3,2.9,3.0
LFMD,2017-03-20,3.1,3.1,2.95,3.0
LFMD,2017-03-21,3.0,3.0,2.35,2.5
LFMD,2017-03-22,2.55,2.65,2.45,2.55
LFMD,2017-03-23,2.6,3.25,2.6,2.7
LFMD,2017-03-24,2.7,3.1,2.6,2.9
LFMD,2017-03-27,2.85,2.9,2.45,2.8
LFMD,2017-03-28,2.45,2.8,2.45,2.6
LFMD,2017-03-29,2.6,2.8,2.4,2.5
LFMD,2017-03-30,2.5,2.55,2.45,2.55
LFMD,2017-03-31,2.5,2.55,2.45,2.5
LFMD,2017-04-03,2.55,3.1,2.5,2.6
LFMD,2017-04-04,2.75,2.75,2.6,2.65
LFMD,2017-04-05,2.7,2.95,2.6,2.65
LFMD,2017-04-06,2.6,2.75,2.6,2.65
LFMD,2017-04-07,2.7,2.75,2.7,2.75
LFMD,2017-04-10,2.7,2.8,2.6,2.8
LFMD,2017-04-11,2.8,2.85,2.55,2.55
LFMD,2017-04-12,2.85,2.9,2.6,2.75
LFMD,2017-04-13,2.9,3.0,2.5,2.6
LFMD,2017-04-17,2.65,2.65,2.45,2.5
LFMD,2017-04-18,2.5,2.6,2.45,2.45
LFMD,2017-04-19,2.45,2.5,2.4,2.5
LFMD,2017-04-20,2.4,2.4,2.3,2.35
LFMD,2017-04-21,2.3,2.3,2.0,2.15
LFMD,2017-04-24,2.05,2.15,2.05,2.05
LFMD,2017-04-25,2.15,2.15,1.75,2.0
LFMD,2017-04-26,1.8,2.1,1.8,2.0
LFMD,2017-04-27,2.0,2.15,1.9,2.1
LFMD,2017-04-28,2.1,2.15,2.0,2.15
LFMD,2017-05-01,2.15,2.15,1.85,2.1
LFMD,2017-05-02,2.1,2.15,1.9,2.15
LFMD,2017-05-03,2.15,2.15,1.85,2.15
LFMD,2017-05-04,2.15,2.15,2.1,2.1
LFMD,2017-05-05,1.85,2.15,1.8,1.85
LFMD,2017-05-08,1.85,2.2,1.85,2.05
LFMD,2017-05-09,2.1,2.2,1.9,2.2
LFMD,2017-05-10,1.85,2.5,1.85,2.25
LFMD,2017-05-11,2.3,2.5,2.1,2.25
LFMD,2017-05-12,2.1,2.25,2.1,2.2
LFMD,2017-05-15,2.15,2.35,2.15,2.3
LFMD,2017-05-16,2.3,2.3,1.9,2.15
LFMD,2017-05-17,1.95,2.1,1.9,1.95
LFMD,2017-05-18,2.0,2.1,1.55,1.75
LFMD,2017-05-19,1.7,1.85,1.7,1.85
LFMD,2017-05-22,1.85,2.0,1.8,1.9
LFMD,2017-05-23,2.0,2.0,1.8,1.85
LFMD,2017-05-24,1.9,2.15,1.9,2.0
LFMD,2017-05-25,2.05,2.2,2.0,2.0
LFMD,2017-05-26,2.0,2.0,1.95,2.0
LFMD,2017-05-30,1.65,1.85,1.65,1.75
LFMD,2017-05-31,1.75,2.15,1.75,1.8
LFMD,2017-06-01,1.75,1.8,1.75,1.8
LFMD,2017-06-02,1.95,1.95,1.6,1.65
LFMD,2017-06-05,1.55,2.0,1.55,2.0
LFMD,2017-06-06,2.0,2.0,1.75,1.8
LFMD,2017-06-07,1.8,1.95,1.65,1.65
LFMD,2017-06-08,1.75,1.75,1.6,1.75
LFMD,2017-06-09,1.75,1.85,1.6,1.6
LFMD,2017-06-12,1.6,1.6,1.55,1.55
LFMD,2017-06-13,1.7,1.7,1.7,1.7
LFMD,2017-06-14,1.6,1.6,1.55,1.55
LFMD,2017-06-15,1.55,1.6,1.4,1.4
LFMD,2017-06-16,1.4,1.5,1.4,1.5
LFMD,2017-06-19,1.35,1.45,1.3,1.35
LFMD,2017-06-20,1.35,1.4,1.35,1.35
LFMD,2017-06-21,1.35,1.5,1.35,1.5
LFMD,2017-06-22,1.45,1.45,1.35,1.45
LFMD,2017-06-23,1.45,1.5,1.45,1.5
LFMD,2017-06-26,1.4,1.5,1.4,1.4
LFMD,2017-06-27,1.45,1.5,1.2,1.25
LFMD,2017-06-28,1.2,1.45,1.2,1.45
LFMD,2017-06-29,1.4,1.5,1.4,1.5
LFMD,2017-06-30,1.5,1.6,1.25,1.5
LFMD,2017-07-03,1.5,1.8,1.5,1.75
LFMD,2017-07-05,2.0,2.0,1.7,1.7
LFMD,2017-07-06,1.7,1.75,1.55,1.55
LFMD,2017-07-07,1.75,1.8,1.4,1.45
LFMD,2017-07-10,1.6,1.85,1.5,1.7
LFMD,2017-07-11,1.75,2.3,1.75,2.3
LFMD,2017-07-12,2.35,2.35,2.1,2.25
LFMD,2017-07-13,2.3,2.5,2.15,2.35
LFMD,2017-07-14,2.4,2.4,2.15,2.4
LFMD,2017-07-17,2.3,2.4,2.3,2.4
LFMD,2017-07-18,2.5,2.7,2.4,2.7
LFMD,2017-07-19,2.65,2.65,2.3,2.45
LFMD,2017-07-20,2.3,2.5,2.25,2.45
LFMD,2017-07-21,2.35,2.35,2.3,2.3
LFMD,2017-07-24,2.3,2.3,1.75,2.05
LFMD,2017-07-25,1.95,2.05,1.85,2.05
LFMD,2017-07-26,2.0,2.05,1.95,1.95
LFMD,2017-07-27,2.05,2.1,2.05,2.1
LFMD,2017-07-28,2.1,2.1,1.95,2.1
LFMD,2017-07-31,2.0,2.1,2.0,2.1
LFMD,2017-08-01,2.1,2.1,2.0,2.05
LFMD,2017-08-02,1.95,2.05,1.9,2.05
LFMD,2017-08-03,2.05,2.05,2.05,2.05
LFMD,2017-08-04,2.0,2.05,1.75,1.9
LFMD,2017-08-07,1.9,2.05,1.8,2.0
LFMD,2017-08-08,2.0,2.1,2.0,2.0
LFMD,2017-08-09,2.1,2.1,2.0,2.0
LFMD,2017-08-10,1.8,1.9,1.8,1.8
LFMD,2017-08-11,1.8,1.9,1.75,1.8
LFMD,2017-08-14,1.8,1.8,1.65,1.65
LFMD,2017-08-15,1.8,2.05,1.8,1.95
LFMD,2017-08-16,1.75,2.0,1.75,2.0
LFMD,2017-08-17,1.95,2.0,1.75,2.0
LFMD,2017-08-18,2.0,2.0,1.75,1.85
LFMD,2017-08-21,1.8,1.9,1.8,1.9
LFMD,2017-08-22,1.85,1.9,1.7,1.7
LFMD,2017-08-23,1.8,1.9,1.8,1.9
LFMD,2017-08-24,1.9,1.9,1.7,1.9
LFMD,2017-08-25,1.9,1.9,1.65,1.9
LFMD,2017-08-28,1.9,1.9,1.9,1.9
LFMD,2017-08-29,1.7,1.95,1.7,1.7
LFMD,2017-08-30,1.95,2.05,1.8,1.8
LFMD,2017-08-31,2.0,2.0,1.85,1.85
LFMD,2017-09-01,1.9,1.9,1.85,1.9
LFMD,2017-09-05,1.9,1.9,1.9,1.9
LFMD,2017-09-06,1.7,1.7,1.7,1.7
LFMD,2017-09-07,1.7,1.9,1.7,1.9
LFMD,2017-09-08,1.8,1.9,1.8,1.9
LFMD,2017-09-11,1.75,1.75,1.65,1.75
LFMD,2017-09-12,1.65,1.9,1.65,1.9
LFMD,2017-09-13,1.9,1.95,1.9,1.95
LFMD,2017-09-14,1.95,2.1,1.95,2.05
LFMD,2017-09-15,2.1,2.3,2.0,2.3
LFMD,2017-09-18,2.3,2.45,2.3,2.4
LFMD,2017-09-19,2.15,2.45,2.15,2.45
LFMD,2017-09-20,2.45,2.45,2.25,2.4
LFMD,2017-09-21,2.45,2.45,2.25,2.25
LFMD,2017-09-22,2.2,2.2,2.0,2.2
LFMD,2017-09-25,2.0,2.25,1.9,1.95
LFMD,2017-09-26,1.85,2.05,1.85,2.05
LFMD,2017-09-27,2.0,2.0,1.8,2.0
LFMD,2017-09-28,2.0,2.0,2.0,2.0
LFMD,2017-09-29,1.9,2.15,1.9,2.15
LFMD,2017-10-02,2.15,2.15,2.15,2.15
LFMD,2017-10-03,2.1,2.35,2.1,2.35
LFMD,2017-10-04,2.3,2.3,2.0,2.05
LFMD,2017-10-05,2.05,2.05,2.0,2.05
LFMD,2017-10-06,2.05,2.2,1.9,2.05
LFMD,2017-10-09,1.9,2.25,1.9,2.1
LFMD,2017-10-10,1.95,2.2,1.95,2.0
LFMD,2017-10-11,2.2,2.2,1.95,2.1
LFMD,2017-10-12,2.05,2.1,2.05,2.1
LFMD,2017-10-13,2.1,2.1,1.95,1.95
LFMD,2017-10-16,2.0,2.0,2.0,2.0
LFMD,2017-10-17,1.95,2.2,1.9,1.9
LFMD,2017-10-18,1.9,2.1,1.9,2.1
LFMD,2017-10-19,2.1,2.25,2.0,2.15
LFMD,2017-10-20,2.2,2.4,2.15,2.15
LFMD,2017-10-23,2.3,2.3,2.1,2.1
LFMD,2017-10-24,2.05,2.1,2.0,2.1
LFMD,2017-10-25,2.1,2.15,2.1,2.15
LFMD,2017-10-26,2.1,2.3,1.9,2.3
LFMD,2017-10-27,2.1,2.3,2.1,2.1
LFMD,2017-10-30,2.15,2.2,2.1,2.2
LFMD,2017-10-31,2.2,2.2,2.05,2.15
LFMD,2017-11-01,2.2,2.2,1.95,2.05
LFMD,2017-11-02,2.15,2.15,2.1,2.15
LFMD,2017-11-03,2.0,2.1,1.8,2.1
LFMD,2017-11-06,2.1,2.15,2.05,2.15
LFMD,2017-11-07,2.05,2.25,2.05,2.25
LFMD,2017-11-08,2.2,2.2,2.0,2.15
LFMD,2017-11-09,2.15,2.25,2.0,2.25
LFMD,2017-11-10,2.05,2.25,2.05,2.25
LFMD,2017-11-13,2.05,2.1,2.05,2.1
LFMD,2017-11-14,2.1,2.25,2.1,2.15
LFMD,2017-11-15,2.1,2.2,2.1,2.2
LFMD,2017-11-16,2.2,2.25,2.0,2.0
LFMD,2017-11-17,2.2,2.2,2.0,2.2
LFMD,2017-11-20,2.15,2.2,2.05,2.2
LFMD,2017-11-21,2.2,2.2,2.0,2.2
LFMD,2017-11-22,2.15,2.2,2.0,2.2
LFMD,2017-11-24,2.0,2.0,2.0,2.0
LFMD,2017-11-27,2.2,2.3,2.0,2.1
LFMD,2017-11-28,2.05,2.15,1.95,1.95
LFMD,2017-11-29,2.2,2.2,1.95,2.05
LFMD,2017-11-30,2.1,2.1,1.95,1.95
LFMD,2017-12-01,2.1,2.1,2.05,2.1
LFMD,2017-12-04,2.0,2.0,1.95,1.95
LFMD,2017-12-05,1.95,1.95,1.8,1.8
LFMD,2017-12-06,1.9,2.0,1.9,2.0
LFMD,2017-12-07,1.9,1.9,1.9,1.9
LFMD,2017-12-08,1.85,2.0,1.85,2.0
LFMD,2017-12-11,2.05,2.05,1.8,1.95
LFMD,2017-12-12,1.9,2.1,1.8,2.0
LFMD,2017-12-13,1.9,1.95,1.8,1.9
LFMD,2017-12-14,1.8,2.25,1.8,2.25
LFMD,2017-12-15,2.25,2.55,2.0,2.0
LFMD,2017-12-18,2.1,2.35,1.9,2.1
LFMD,2017-12-19,1.95,2.05,1.9,2.05
LFMD,2017-12-20,1.9,2.35,1.9,2.25
LFMD,2017-12-21,2.1,2.35,2.0,2.2
LFMD,2017-12-22,2.2,2.2,1.85,1.9
LFMD,2017-12-26,1.95,2.0,1.85,2.0
LFMD,2017-12-27,1.85,2.0,1.85,2.0
LFMD,2017-12-28,2.0,2.0,1.75,1.85
LFMD,2017-12-29,1.75,1.85,1.7,1.7
LFMD,2018-01-02,1.85,1.85,1.75,1.8
LFMD,2018-01-03,1.8,1.85,1.75,1.85
LFMD,2018-01-04,1.9,1.9,1.7,1.85
LFMD,2018-01-05,1.75,1.9,1.75,1.85
LFMD,2018-01-08,1.85,1.85,1.7,1.7
LFMD,2018-01-09,1.75,1.75,1.75,1.75
LFMD,2018-01-10,1.9,1.9,1.75,1.75
LFMD,2018-01-11,1.9,1.9,1.75,1.8
LFMD,2018-01-12,1.75,1.75,1.5,1.65
LFMD,2018-01-16,1.6,1.65,1.5,1.5
LFMD,2018-01-17,1.5,1.65,1.4,1.65
LFMD,2018-01-18,1.7,1.95,1.5,1.65
LFMD,2018-01-19,1.75,1.75,1.6,1.75
LFMD,2018-01-22,1.6,1.7,1.6,1.7
LFMD,2018-01-23,1.75,1.75,1.5,1.5
LFMD,2018-01-24,1.5,1.55,1.5,1.55
LFMD,2018-01-25,1.5,1.55,1.5,1.55
LFMD,2018-01-26,1.55,1.7,1.5,1.7
LFMD,2018-01-29,1.55,1.7,1.3,1.5
LFMD,2018-01-30,1.5,1.6,1.4,1.4
LFMD,2018-01-31,1.35,1.4,1.1,1.4
LFMD,2018-02-01,1.25,1.35,1.25,1.35
LFMD,2018-02-02,1.35,1.35,1.25,1.25
LFMD,2018-02-05,1.25,1.4,1.25,1.4
LFMD,2018-02-06,1.25,1.3,1.25,1.25
LFMD,2018-02-07,1.25,1.65,1.15,1.5
LFMD,2018-02-08,1.5,1.5,1.35,1.35
LFMD,2018-02-09,1.35,1.45,1.35,1.45
LFMD,2018-02-12,1.4,1.5,1.3,1.45
LFMD,2018-02-13,1.5,1.5,1.35,1.4
LFMD,2018-02-14,1.5,1.65,1.5,1.5
LFMD,2018-02-15,1.45,1.5,1.4,1.5
LFMD,2018-02-16,1.4,1.5,1.4,1.45
LFMD,2018-02-20,1.4,1.5,1.35,1.4
LFMD,2018-02-21,1.35,1.4,1.3,1.4
LFMD,2018-02-22,1.4,1.4,1.4,1.4
LFMD,2018-02-23,1.35,1.65,1.3,1.6
LFMD,2018-02-26,1.55,1.55,1.45,1.5
LFMD,2018-02-27,1.55,1.55,1.5,1.5
LFMD,2018-02-28,1.5,1.5,1.35,1.35
LFMD,2018-03-01,1.35,1.45,1.25,1.3
LFMD,2018-03-02,1.3,1.35,1.3,1.35
LFMD,2018-03-05,1.3,1.35,1.3,1.35
LFMD,2018-03-06,1.35,1.35,1.35,1.35
LFMD,2018-03-07,1.3,1.45,1.3,1.45
LFMD,2018-03-08,1.3,1.5,1.3,1.5
LFMD,2018-03-09,1.35,1.5,1.35,1.5
LFMD,2018-03-12,1.5,1.5,1.45,1.45
LFMD,2018-03-13,1.35,1.35,1.35,1.35
LFMD,2018-03-14,1.5,1.5,1.5,1.5
LFMD,2018-03-15,1.35,1.4,1.35,1.35
LFMD,2018-03-16,1.35,1.45,1.25,1.25
LFMD,2018-03-19,1.35,1.35,1.3,1.3
LFMD,2018-03-20,1.25,1.45,1.2,1.2
LFMD,2018-03-21,1.2,1.2,1.2,1.2
LFMD,2018-03-22,1.3,1.3,1.3,1.3
LFMD,2018-03-23,1.3,1.35,1.2,1.2
LFMD,2018-03-26,1.2,1.2,1.2,1.2
LFMD,2018-03-27,1.3,1.35,1.3,1.35
LFMD,2018-03-28,1.35,1.5,1.35,1.5
LFMD,2018-03-29,1.25,1.4,1.25,1.4
LFMD,2018-04-02,1.4,1.45,1.4,1.45
LFMD,2018-04-03,1.3,1.65,1.3,1.3
LFMD,2018-04-04,1.3,1.3,1.3,1.3
LFMD,2018-04-05,1.4,1.5,1.4,1.5
LFMD,2018-04-06,1.5,1.5,1.5,1.5
LFMD,2018-04-09,1.35,1.5,1.35,1.5
LFMD,2018-04-10,1.5,1.5,1.4,1.4
LFMD,2018-04-11,1.55,1.55,1.55,1.55
LFMD,2018-04-12,1.45,1.6,1.35,1.6
LFMD,2018-04-13,1.45,1.45,1.45,1.45
LFMD,2018-04-16,1.45,1.5,1.45,1.5
LFMD,2018-04-17,1.6,1.6,1.55,1.6
LFMD,2018-04-18,1.4,1.4,1.4,1.4
LFMD,2018-04-19,1.4,1.6,1.4,1.6
LFMD,2018-04-20,1.4,1.55,1.4,1.55
LFMD,2018-04-23,1.55,1.55,1.55,1.55
LFMD,2018-04-24,1.55,1.55,1.5,1.55
LFMD,2018-04-25,1.55,1.55,1.55,1.55
LFMD,2018-04-26,1.55,1.6,1.5,1.5
LFMD,2018-04-27,1.65,1.8,1.5,1.5
LFMD,2018-04-30,1.5,1.7,1.35,1.4
LFMD,2018-05-01,1.4,1.4,1.25,1.3
LFMD,2018-05-02,1.3,1.35,1.3,1.3
LFMD,2018-05-03,1.25,1.25,1.2,1.25
LFMD,2018-05-04,1.25,1.25,1.25,1.25
LFMD,2018-05-07,1.25,1.35,1.25,1.3
LFMD,2018-05-08,1.25,1.3,1.25,1.3
LFMD,2018-05-09,1.3,1.3,1.15,1.25
LFMD,2018-05-10,1.3,1.3,1.25,1.3
LFMD,2018-05-11,1.3,1.3,1.25,1.3
LFMD,2018-05-14,1.3,1.3,1.25,1.25
LFMD,2018-05-15,1.25,1.3,1.2,1.25
LFMD,2018-05-16,1.25,1.25,1.2,1.2
LFMD,2018-05-17,1.25,1.25,1.25,1.25
LFMD,2018-05-18,1.2,1.25,1.2,1.2
LFMD,2018-05-21,1.2,1.2,1.05,1.05
LFMD,2018-05-22,1.15,1.2,1.05,1.2
LFMD,2018-05-23,1.2,1.2,1.0,1.15
LFMD,2018-05-24,1.15,1.25,1.15,1.25
LFMD,2018-05-25,1.35,1.35,1.2,1.3
LFMD,2018-05-29,1.3,1.35,1.2,1.2
LFMD,2018-05-30,1.2,1.2,1.1,1.2
LFMD,2018-05-31,1.15,1.15,1.15,1.15
LFMD,2018-06-01,1.15,1.2,1.1,1.2
LFMD,2018-06-04,1.2,1.2,1.1,1.2
LFMD,2018-06-05,1.2,1.2,1.1,1.1
LFMD,2018-06-06,1.1,1.25,1.1,1.2
LFMD,2018-06-07,1.2,1.25,1.2,1.25
LFMD,2018-06-08,1.25,1.25,1.2,1.2
LFMD,2018-06-11,1.25,1.25,1.2,1.25
LFMD,2018-06-12,1.25,1.25,1.0,1.1
LFMD,2018-06-13,1.05,1.1,1.0,1.0
LFMD,2018-06-14,1.0,1.25,0.95,0.95
LFMD,2018-06-15,1.0,1.2,1.0,1.0
LFMD,2018-06-18,1.05,1.05,0.95,0.95
LFMD,2018-06-19,1.0,1.3,0.9,1.15
LFMD,2018-06-20,1.15,1.15,1.0,1.1
LFMD,2018-06-21,1.1,1.2,1.05,1.1
LFMD,2018-06-22,1.2,1.2,1.0,1.15
LFMD,2018-06-25,1.1,1.1,0.85,1.0
LFMD,2018-06-26,0.9,1.05,0.85,1.0
LFMD,2018-06-27,1.05,1.15,0.95,1.15
LFMD,2018-06-28,1.0,1.0,0.9,0.95
LFMD,2018-06-29,1.15,1.15,0.85,1.1
LFMD,2018-07-02,1.1,1.1,1.1,1.1
LFMD,2018-07-03,0.85,1.1,0.85,1.1
LFMD,2018-07-05,0.85,0.85,0.85,0.85
LFMD,2018-07-06,0.85,0.85,0.85,0.85
LFMD,2018-07-09,0.85,1.05,0.85,1.05
LFMD,2018-07-10,1.1,1.1,1.1,1.1
LFMD,2018-07-11,1.05,1.05,1.05,1.05
LFMD,2018-07-12,1.05,1.05,1.05,1.05
LFMD,2018-07-13,1.05,1.05,1.05,1.05
LFMD,2018-07-16,1.0,1.0,1.0,1.0
LFMD,2018-07-17,1.05,1.05,1.05,1.05
LFMD,2018-07-18,1.05,1.05,0.9,1.05
LFMD,2018-07-19,1.05,1.05,1.05,1.05
LFMD,2018-07-20,1.15,1.15,1.1,1.1
LFMD,2018-07-23,1.15,1.15,1.15,1.15
LFMD,2018-07-24,1.15,1.15,1.0,1.1
LFMD,2018-07-25,1.1,1.1,1.05,1.1
LFMD,2018-07-26,1.15,1.35,1.15,1.2
LFMD,2018-07-27,1.2,1.25,1.05,1.2
LFMD,2018-07-30,1.25,1.25,1.15,1.2
LFMD,2018-07-31,1.2,1.2,1.1,1.2
LFMD,2018-08-01,1.2,1.2,1.05,1.2
LFMD,2018-08-02,1.15,1.25,1.05,1.2
LFMD,2018-08-03,1.2,1.25,1.0,1.2
LFMD,2018-08-06,1.2,1.2,1.1,1.2
LFMD,2018-08-07,1.2,1.2,1.1,1.1
LFMD,2018-08-08,1.15,1.15,1.05,1.05
LFMD,2018-08-09,1.05,1.2,1.05,1.15
LFMD,2018-08-10,1.2,1.2,1.05,1.15
LFMD,2018-08-13,1.25,1.6,1.2,1.35
LFMD,2018-08-14,1.5,1.7,1.35,1.4
LFMD,2018-08-15,1.6,1.6,1.35,1.45
LFMD,2018-08-16,1.5,1.5,1.3,1.35
LFMD,2018-08-17,1.35,1.55,1.3,1.3
LFMD,2018-08-20,1.4,1.45,1.25,1.25
LFMD,2018-08-21,1.3,1.4,1.3,1.3
LFMD,2018-08-22,1.3,1.35,1.15,1.3
LFMD,2018-08-23,1.3,1.3,1.2,1.25
LFMD,2018-08-24,1.25,1.35,1.25,1.35
LFMD,2018-08-27,1.4,1.45,1.25,1.35
LFMD,2018-08-28,1.45,1.45,1.35,1.4
LFMD,2018-08-29,1.4,1.4,1.3,1.35
LFMD,2018-08-30,1.35,1.4,1.3,1.35
LFMD,2018-08-31,1.3,1.4,1.3,1.4
LFMD,2018-09-04,1.3,1.45,1.25,1.4
LFMD,2018-09-05,1.25,1.35,1.2,1.25
LFMD,2018-09-06,1.25,1.3,1.2,1.25
LFMD,2018-09-07,1.25,1.25,1.2,1.2
LFMD,2018-09-10,1.2,1.3,1.2,1.3
LFMD,2018-09-11,1.3,1.35,1.2,1.25
LFMD,2018-09-12,1.35,1.35,1.25,1.25
LFMD,2018-09-13,1.25,1.3,1.25,1.25
LFMD,2018-09-14,1.2,1.3,1.2,1.25
LFMD,2018-09-17,1.2,1.25,1.2,1.2
LFMD,2018-09-18,1.2,1.2,1.2,1.2
LFMD,2018-09-19,1.2,1.2,1.2,1.2
LFMD,2018-09-20,1.15,1.2,1.15,1.15
LFMD,2018-09-21,1.15,1.15,1.1,1.1
LFMD,2018-09-24,1.15,1.15,1.0,1.05
LFMD,2018-09-25,1.05,1.1,0.95,1.1
LFMD,2018-09-26,1.15,1.15,0.95,0.95
LFMD,2018-09-27,1.1,1.1,1.05,1.05
LFMD,2018-09-28,1.0,1.1,0.9,1.0
LFMD,2018-10-01,1.0,1.1,0.9,1.05
LFMD,2018-10-02,1.05,1.05,1.05,1.05
LFMD,2018-10-03,1.25,1.3,1.05,1.25
LFMD,2018-10-04,1.1,1.25,1.05,1.1
LFMD,2018-10-05,1.1,1.1,1.1,1.1
LFMD,2018-10-08,1.15,1.2,1.05,1.2
LFMD,2018-10-09,1.05,1.2,1.05,1.05
LFMD,2018-10-10,1.2,1.2,1.05,1.1
LFMD,2018-10-11,1.1,1.1,1.0,1.05
LFMD,2018-10-12,1.05,1.2,1.05,1.2
LFMD,2018-10-15,1.2,1.2,1.05,1.15
LFMD,2018-10-16,1.25,1.25,1.1,1.2
LFMD,2018-10-17,1.15,1.2,1.15,1.2
LFMD,2018-10-18,1.25,1.25,1.1,1.1
LFMD,2018-10-19,1.1,1.15,0.95,1.15
LFMD,2018-10-22,1.2,1.2,0.95,1.0
LFMD,2018-10-23,0.95,1.05,0.95,1.0
LFMD,2018-10-24,1.0,1.0,0.95,0.95
LFMD,2018-10-25,0.95,1.0,0.9,1.0
LFMD,2018-10-26,1.0,1.1,1.0,1.1
LFMD,2018-10-29,1.0,1.0,0.9,0.9
LFMD,2018-10-30,0.9,0.95,0.9,0.95
LFMD,2018-10-31,1.0,1.1,1.0,1.0
LFMD,2018-11-01,1.1,1.1,1.0,1.05
LFMD,2018-11-02,0.95,0.95,0.95,0.95
LFMD,2018-11-05,1.1,1.1,0.95,0.95
LFMD,2018-11-06,1.0,1.15,1.0,1.1
LFMD,2018-11-07,1.15,1.15,1.0,1.05
LFMD,2018-11-08,1.0,1.2,1.0,1.05
LFMD,2018-11-09,1.1,1.1,1.05,1.05
LFMD,2018-11-12,1.0,1.0,1.0,1.0
LFMD,2018-11-13,1.0,1.05,1.0,1.05
LFMD,2018-11-14,1.1,1.1,1.0,1.0
LFMD,2018-11-15,1.0,1.05,1.0,1.05
LFMD,2018-11-16,1.0,1.0,0.9,0.9
LFMD,2018-11-19,0.9,0.9,0.6,0.85
LFMD,2018-11-20,0.75,0.85,0.7,0.85
LFMD,2018-11-21,0.85,0.95,0.85,0.95
LFMD,2018-11-23,0.95,0.95,0.95,0.95
LFMD,2018-11-26,0.95,0.95,0.85,0.95
LFMD,2018-11-27,0.85,0.95,0.85,0.95
LFMD,2018-11-28,1.0,1.0,0.85,0.95
LFMD,2018-11-29,0.8,0.85,0.75,0.8
LFMD,2018-11-30,0.85,1.0,0.85,1.0
LFMD,2018-12-03,1.05,1.05,1.0,1.0
LFMD,2018-12-04,0.85,1.0,0.85,1.0
LFMD,2018-12-06,0.95,0.95,0.85,0.9
LFMD,2018-12-07,0.9,0.9,0.8,0.8
LFMD,2018-12-10,0.9,0.95,0.8,0.85
LFMD,2018-12-11,0.95,0.95,0.9,0.9
LFMD,2018-12-12,0.9,0.9,0.9,0.9
LFMD,2018-12-13,0.95,0.95,0.9,0.95
LFMD,2018-12-14,0.85,0.9,0.85,0.85
LFMD,2018-12-17,0.8,0.8,0.8,0.8
LFMD,2018-12-18,0.85,0.85,0.7,0.85
LFMD,2018-12-19,0.7,0.85,0.7,0.85
LFMD,2018-12-20,0.85,0.95,0.7,0.95
LFMD,2018-12-21,0.7,0.95,0.7,0.75
LFMD,2018-12-24,0.75,0.95,0.75,0.8
LFMD,2018-12-26,0.8,0.85,0.8,0.8
LFMD,2018-12-27,0.85,0.85,0.75,0.75
LFMD,2018-12-28,0.8,0.8,0.8,0.8
LFMD,2018-12-31,0.8,0.8,0.7,0.7
LFMD,2019-01-02,0.7,0.75,0.6,0.75
LFMD,2019-01-03,0.75,0.85,0.7,0.8
LFMD,2019-01-04,0.75,0.9,0.65,0.9
LFMD,2019-01-07,0.9,0.95,0.85,0.85
LFMD,2019-01-08,0.9,0.9,0.85,0.85
LFMD,2019-01-09,0.9,0.9,0.8,0.8
LFMD,2019-01-10,0.85,0.85,0.85,0.85
LFMD,2019-01-11,0.85,0.85,0.85,0.85
LFMD,2019-01-14,0.85,0.85,0.8,0.8
LFMD,2019-01-15,0.8,0.85,0.8,0.85
LFMD,2019-01-16,0.8,0.85,0.8,0.85
LFMD,2019-01-17,0.85,0.85,0.85,0.85
LFMD,2019-01-18,0.75,0.75,0.75,0.75
LFMD,2019-01-22,0.75,0.75,0.75,0.75
LFMD,2019-01-23,0.75,0.75,0.75,0.75
LFMD,2019-01-24,0.75,0.8,0.75,0.8
LFMD,2019-01-25,0.8,0.8,0.8,0.8
LFMD,2019-01-28,0.8,0.85,0.8,0.8
LFMD,2019-01-29,0.75,0.8,0.75,0.8
LFMD,2019-01-30,0.8,0.8,0.8,0.8
LFMD,2019-01-31,0.8,0.85,0.8,0.85
LFMD,2019-02-01,0.85,0.85,0.8,0.8
LFMD,2019-02-04,0.75,0.8,0.75,0.8
LFMD,2019-02-05,0.75,0.75,0.75,0.75
LFMD,2019-02-06,0.75,1.0,0.75,0.85
LFMD,2019-02-07,0.85,0.85,0.85,0.85
LFMD,2019-02-08,0.8,0.8,0.75,0.8
LFMD,2019-02-11,0.75,0.8,0.75,0.75
LFMD,2019-02-12,0.8,0.9,0.75,0.75
LFMD,2019-02-13,0.75,0.75,0.75,0.75
LFMD,2019-02-14,0.75,0.75,0.75,0.75
LFMD,2019-02-15,0.75,0.8,0.6,0.75
LFMD,2019-02-19,0.8,0.8,0.65,0.75
LFMD,2019-02-20,0.75,0.8,0.65,0.75
LFMD,2019-02-21,0.7,0.75,0.6,0.7
LFMD,2019-02-22,0.65,0.7,0.65,0.7
LFMD,2019-02-25,0.8,0.85,0.8,0.85
LFMD,2019-02-26,0.85,0.85,0.85,0.85
LFMD,2019-02-27,0.7,0.8,0.7,0.8
LFMD,2019-02-28,0.75,0.75,0.7,0.7
LFMD,2019-03-01,0.75,0.75,0.7,0.7
LFMD,2019-03-04,0.75,0.75,0.75,0.75
LFMD,2019-03-05,0.7,0.85,0.7,0.85
LFMD,2019-03-06,0.7,0.85,0.7,0.85
LFMD,2019-03-07,0.7,0.7,0.7,0.7
LFMD,2019-03-08,0.7,0.7,0.65,0.65
LFMD,2019-03-11,0.6,0.65,0.6,0.65
LFMD,2019-03-12,0.65,0.65,0.65,0.65
LFMD,2019-03-13,0.65,0.7,0.65,0.7
LFMD,2019-03-14,0.65,0.7,0.65,0.65
LFMD,2019-03-15,0.65,0.7,0.65,0.7
LFMD,2019-03-18,0.7,0.75,0.7,0.75
LFMD,2019-03-19,0.65,0.75,0.65,0.7
LFMD,2019-03-20,0.7,0.7,0.7,0.7
LFMD,2019-03-21,0.7,0.75,0.7,0.75
LFMD,2019-03-22,0.7,0.8,0.7,0.8
LFMD,2019-03-25,0.8,0.8,0.7,0.7
LFMD,2019-03-26,0.75,0.75,0.75,0.75
LFMD,2019-03-27,0.7,0.75,0.7,0.75
LFMD,2019-03-28,0.75,0.8,0.75,0.8
LFMD,2019-03-29,0.8,0.8,0.75,0.75
LFMD,2019-04-01,0.7,0.85,0.65,0.85
LFMD,2019-04-02,0.85,0.85,0.8,0.8
LFMD,2019-04-03,0.8,0.8,0.8,0.8
LFMD,2019-04-04,0.85,0.85,0.8,0.8
LFMD,2019-04-05,0.85,0.85,0.8,0.85
LFMD,2019-04-08,0.9,1.0,0.85,0.95
LFMD,2019-04-09,0.95,0.95,0.95,0.95
LFMD,2019-04-10,0.95,1.0,0.9,0.95
LFMD,2019-04-11,0.95,0.95,0.95,0.95
LFMD,2019-04-12,0.95,1.0,0.9,0.9
LFMD,2019-04-15,0.95,0.95,0.85,0.85
LFMD,2019-04-16,0.85,0.85,0.75,0.75
LFMD,2019-04-17,0.75,0.9,0.75,0.9
LFMD,2019-04-18,0.9,0.9,0.75,0.75
LFMD,2019-04-22,0.75,0.8,0.75,0.75
LFMD,2019-04-23,0.75,0.75,0.75,0.75
LFMD,2019-04-24,0.8,0.8,0.75,0.75
LFMD,2019-04-25,0.8,0.8,0.75,0.8
LFMD,2019-04-26,0.75,0.9,0.7,0.9
LFMD,2019-04-29,0.9,0.9,0.9,0.9
LFMD,2019-04-30,0.9,0.9,0.9,0.9
LFMD,2019-05-01,0.9,0.9,0.75,0.75
LFMD,2019-05-02,0.75,0.75,0.75,0.75
LFMD,2019-05-03,0.8,0.8,0.75,0.75
LFMD,2019-05-06,0.8,0.8,0.75,0.75
LFMD,2019-05-07,0.75,0.75,0.75,0.75
LFMD,2019-05-08,0.7,0.7,0.7,0.7
LFMD,2019-05-09,0.7,0.7,0.7,0.7
LFMD,2019-05-10,0.75,0.9,0.7,0.85
LFMD,2019-05-13,0.75,0.8,0.75,0.75
LFMD,2019-05-14,0.75,0.75,0.75,0.75
LFMD,2019-05-15,0.75,0.9,0.75,0.9
LFMD,2019-05-16,0.8,0.9,0.8,0.85
LFMD,2019-05-17,0.85,0.85,0.85,0.85
LFMD,2019-05-20,0.85,0.85,0.65,0.85
LFMD,2019-05-21,0.7,0.7,0.7,0.7
LFMD,2019-05-22,0.7,0.7,0.7,0.7
LFMD,2019-05-23,0.7,0.9,0.7,0.75
LFMD,2019-05-24,0.7,0.75,0.7,0.75
LFMD,2019-05-28,0.7,0.75,0.7,0.75
LFMD,2019-05-29,0.75,0.75,0.75,0.75
LFMD,2019-05-30,0.7,0.7,0.7,0.7
LFMD,2019-05-31,0.7,0.7,0.7,0.7
LFMD,2019-06-03,0.65,0.65,0.6,0.6
LFMD,2019-06-04,0.7,0.75,0.7,0.75
LFMD,2019-06-05,0.75,0.75,0.75,0.75
LFMD,2019-06-06,0.65,0.75,0.65,0.75
LFMD,2019-06-07,0.65,0.75,0.65,0.7
LFMD,2019-06-10,0.65,0.7,0.6,0.7
LFMD,2019-06-11,0.7,0.7,0.7,0.7
LFMD,2019-06-12,0.7,0.7,0.7,0.7
LFMD,2019-06-13,0.6,0.75,0.6,0.65
LFMD,2019-06-14,0.65,0.65,0.6,0.6
LFMD,2019-06-17,0.65,0.65,0.6,0.6
LFMD,2019-06-18,0.6,0.6,0.55,0.55
LFMD,2019-06-19,0.6,0.65,0.6,0.65
LFMD,2019-06-20,0.65,0.65,0.45,0.55
LFMD,2019-06-21,0.6,0.6,0.6,0.6
LFMD,2019-06-24,0.6,0.6,0.45,0.6
LFMD,2019-06-25,0.55,0.55,0.5,0.5
LFMD,2019-06-26,0.6,0.6,0.55,0.55
LFMD,2019-06-27,0.5,0.6,0.5,0.6
LFMD,2019-06-28,0.6,0.6,0.55,0.55
LFMD,2019-07-01,0.55,0.55,0.55,0.55
LFMD,2019-07-02,0.55,0.55,0.5,0.55
LFMD,2019-07-03,0.55,0.55,0.55,0.55
LFMD,2019-07-05,0.55,0.55,0.55,0.55
LFMD,2019-07-08,0.55,0.55,0.55,0.55
LFMD,2019-07-09,0.55,0.55,0.55,0.55
LFMD,2019-07-10,0.5,0.5,0.5,0.5
LFMD,2019-07-11,0.45,0.5,0.4,0.5
LFMD,2019-07-12,0.5,0.6,0.45,0.6
LFMD,2019-07-15,0.5,0.65,0.5,0.65
LFMD,2019-07-16,0.6,0.6,0.6,0.6
LFMD,2019-07-17,0.6,0.75,0.6,0.75
LFMD,2019-07-18,0.75,0.75,0.75,0.75
LFMD,2019-07-19,0.75,0.75,0.65,0.65
LFMD,2019-07-22,0.75,0.75,0.65,0.65
LFMD,2019-07-23,0.7,0.7,0.65,0.65
LFMD,2019-07-24,0.65,0.8,0.65,0.75
LFMD,2019-07-25,0.8,0.8,0.75,0.75
LFMD,2019-07-26,0.7,0.8,0.65,0.65
LFMD,2019-07-29,0.7,0.75,0.6,0.6
LFMD,2019-07-30,0.7,0.7,0.7,0.7
LFMD,2019-07-31,0.65,0.7,0.55,0.7
LFMD,2019-08-01,0.6,0.65,0.6,0.6
LFMD,2019-08-02,0.6,0.6,0.6,0.6
LFMD,2019-08-05,0.55,0.65,0.55,0.6
LFMD,2019-08-06,0.55,0.65,0.55,0.65
LFMD,2019-08-07,0.6,0.6,0.6,0.6
LFMD,2019-08-08,0.65,0.7,0.6,0.65
LFMD,2019-08-09,0.65,0.65,0.65,0.65
LFMD,2019-08-12,0.65,0.65,0.6,0.6
LFMD,2019-08-13,0.65,0.65,0.6,0.65
LFMD,2019-08-14,0.65,0.8,0.65,0.8
LFMD,2019-08-15,0.65,0.7,0.65,0.65
LFMD,2019-08-16,0.65,0.65,0.65,0.65
LFMD,2019-08-19,0.65,0.75,0.6,0.75
LFMD,2019-08-20,0.6,0.7,0.55,0.7
LFMD,2019-08-21,0.6,0.7,0.6,0.65
LFMD,2019-08-22,0.65,0.65,0.65,0.65
LFMD,2019-08-23,0.65,0.65,0.55,0.65
LFMD,2019-08-26,0.6,0.65,0.6,0.6
LFMD,2019-08-27,0.6,0.65,0.6,0.6
LFMD,2019-08-28,0.6,0.65,0.6,0.65
LFMD,2019-08-29,0.65,0.65,0.65,0.65
LFMD,2019-08-30,0.55,0.65,0.55,0.65
LFMD,2019-09-03,0.6,0.65,0.6,0.6
LFMD,2019-09-04,0.65,0.65,0.55,0.6
LFMD,2019-09-05,0.65,0.65,0.6,0.6
LFMD,2019-09-06,0.6,0.6,0.6,0.6
LFMD,2019-09-09,0.55,0.6,0.55,0.55
LFMD,2019-09-10,0.6,0.6,0.6,0.6
LFMD,2019-09-11,0.6,0.7,0.6,0.7
LFMD,2019-09-12,0.7,0.75,0.6,0.75
LFMD,2019-09-13,0.7,0.7,0.7,0.7
LFMD,2019-09-16,0.7,0.7,0.7,0.7
LFMD,2019-09-17,0.7,0.85,0.7,0.85
LFMD,2019-09-18,0.85,0.9,0.8,0.9
LFMD,2019-09-19,0.9,0.9,0.8,0.9
LFMD,2019-09-20,0.9,0.9,0.9,0.9
LFMD,2019-09-23,0.9,0.9,0.65,0.9
LFMD,2019-09-24,0.8,0.8,0.7,0.8
LFMD,2019-09-25,0.85,0.85,0.8,0.8
LFMD,2019-09-26,0.8,0.8,0.8,0.8
LFMD,2019-09-27,0.8,0.85,0.7,0.85
LFMD,2019-09-30,0.8,0.85,0.7,0.85
LFMD,2019-10-01,0.8,0.85,0.8,0.85
LFMD,2019-10-02,0.85,0.85,0.75,0.85
LFMD,2019-10-03,0.8,0.85,0.8,0.85
LFMD,2019-10-04,0.75,0.8,0.75,0.75
LFMD,2019-10-07,0.85,0.85,0.85,0.85
LFMD,2019-10-08,0.8,0.8,0.75,0.8
LFMD,2019-10-09,0.75,0.8,0.7,0.8
LFMD,2019-10-10,0.8,0.85,0.75,0.85
LFMD,2019-10-11,0.9,0.9,0.75,0.75
LFMD,2019-10-14,0.85,0.85,0.6,0.8
LFMD,2019-10-15,0.8,0.8,0.8,0.8
LFMD,2019-10-16,0.65,0.8,0.6,0.8
LFMD,2019-10-17,0.85,0.85,0.75,0.8
LFMD,2019-10-18,0.9,0.9,0.7,0.75
LFMD,2019-10-21,0.85,0.85,0.7,0.7
LFMD,2019-10-22,0.85,0.85,0.7,0.8
LFMD,2019-10-23,0.8,0.8,0.7,0.8
LFMD,2019-10-24,0.8,0.8,0.8,0.8
LFMD,2019-10-25,0.8,0.8,0.7,0.8
LFMD,2019-10-28,0.7,0.8,0.7,0.8
LFMD,2019-10-29,0.8,0.8,0.7,0.7
LFMD,2019-10-30,0.7,0.85,0.7,0.85
LFMD,2019-10-31,0.85,0.85,0.75,0.85
LFMD,2019-11-01,0.75,0.8,0.75,0.8
LFMD,2019-11-04,0.75,0.85,0.75,0.75
LFMD,2019-11-05,0.75,0.8,0.75,0.75
LFMD,2019-11-06,0.75,0.85,0.75,0.85
LFMD,2019-11-07,0.85,0.9,0.8,0.9
LFMD,2019-11-08,0.9,0.95,0.8,0.85
LFMD,2019-11-11,0.85,0.85,0.8,0.85
LFMD,2019-11-12,0.8,0.85,0.8,0.8
LFMD,2019-11-13,0.85,0.85,0.8,0.85
LFMD,2019-11-14,0.8,0.85,0.8,0.8
LFMD,2019-11-15,0.8,0.85,0.8,0.85
LFMD,2019-11-18,0.85,0.85,0.8,0.8
LFMD,2019-11-19,0.85,0.95,0.8,0.95
LFMD,2019-11-20,0.8,0.95,0.8,0.95
LFMD,2019-11-21,0.95,0.95,0.85,0.85
LFMD,2019-11-22,0.9,0.9,0.8,0.8
LFMD,2019-11-25,0.8,0.85,0.8,0.85
LFMD,2019-11-26,0.8,0.85,0.8,0.85
LFMD,2019-11-27,0.85,0.85,0.8,0.8
LFMD,2019-11-29,0.85,0.85,0.8,0.85
LFMD,2019-12-02,0.85,0.85,0.8,0.8
LFMD,2019-12-03,0.85,0.85,0.8,0.8
LFMD,2019-12-04,0.8,0.85,0.8,0.85
LFMD,2019-12-05,0.8,0.8,0.75,0.75
LFMD,2019-12-06,0.8,0.8,0.8,0.8
LFMD,2019-12-09,0.65,0.8,0.65,0.75
LFMD,2019-12-10,0.65,0.8,0.55,0.7
LFMD,2019-12-11,0.7,0.7,0.65,0.65
LFMD,2019-12-12,0.7,0.7,0.65,0.7
LFMD,2019-12-13,0.65,0.7,0.65,0.7
LFMD,2019-12-16,0.65,0.7,0.65,0.7
LFMD,2019-12-17,0.55,0.75,0.55,0.75
LFMD,2019-12-18,0.75,0.75,0.75,0.75
LFMD,2019-12-19,0.7,0.75,0.65,0.65
LFMD,2019-12-20,0.75,0.75,0.65,0.65
LFMD,2019-12-23,0.7,0.7,0.7,0.7
LFMD,2019-12-24,0.55,0.7,0.55,0.65
LFMD,2019-12-26,0.65,0.65,0.6,0.65
LFMD,2019-12-27,0.65,0.65,0.6,0.65
LFMD,2019-12-30,0.65,0.7,0.55,0.65
LFMD,2019-12-31,0.7,0.7,0.6,0.6
LFMD,2020-01-02,0.7,0.7,0.6,0.65
LFMD,2020-01-03,0.7,0.7,0.6,0.7
LFMD,2020-01-06,0.55,0.6,0.55,0.6
LFMD,2020-01-07,0.55,0.55,0.55,0.55
LFMD,2020-01-08,0.6,0.7,0.6,0.6
LFMD,2020-01-09,0.6,0.7,0.55,0.7
LFMD,2020-01-10,0.6,0.7,0.55,0.7
LFMD,2020-01-13,0.7,0.7,0.55,0.6
LFMD,2020-01-14,0.55,0.7,0.55,0.7
LFMD,2020-01-15,0.7,0.7,0.65,0.7
LFMD,2020-01-16,0.7,0.7,0.6,0.7
LFMD,2020-01-17,0.75,0.75,0.6,0.7
LFMD,2020-01-21,0.6,0.65,0.6,0.65
LFMD,2020-01-22,0.6,0.6,0.6,0.6
LFMD,2020-01-23,0.6,0.7,0.6,0.7
LFMD,2020-01-24,0.6,0.65,0.6,0.6
LFMD,2020-01-27,0.6,0.65,0.6,0.65
LFMD,2020-01-28,0.55,0.65,0.55,0.65
LFMD,2020-01-29,0.55,0.65,0.55,0.65
LFMD,2020-01-30,0.7,0.7,0.65,0.65
LFMD,2020-01-31,0.65,0.7,0.65,0.7
LFMD,2020-02-03,0.7,0.7,0.65,0.7
LFMD,2020-02-04,0.7,0.7,0.5,0.65
LFMD,2020-02-05,0.5,0.65,0.5,0.65
LFMD,2020-02-06,0.6,0.65,0.55,0.65
LFMD,2020-02-07,0.65,0.65,0.6,0.65
LFMD,2020-02-10,0.65,0.75,0.6,0.75
LFMD,2020-02-11,0.75,0.75,0.7,0.75
LFMD,2020-02-12,0.75,0.75,0.7,0.75
LFMD,2020-02-13,0.75,0.75,0.65,0.7
LFMD,2020-02-14,0.7,0.7,0.55,0.7
LFMD,2020-02-18,0.75,0.75,0.6,0.75
LFMD,2020-02-19,0.75,0.75,0.65,0.7
LFMD,2020-02-20,0.75,0.75,0.65,0.7
LFMD,2020-02-21,0.7,0.7,0.6,0.7
LFMD,2020-02-24,0.6,0.7,0.6,0.7
LFMD,2020-02-25,0.65,0.7,0.65,0.65
LFMD,2020-02-26,0.65,0.65,0.55,0.6
LFMD,2020-02-27,0.6,0.6,0.6,0.6
LFMD,2020-02-28,0.65,0.65,0.6,0.65
LFMD,2020-03-02,0.65,0.65,0.55,0.65
LFMD,2020-03-03,0.65,0.65,0.65,0.65
LFMD,2020-03-04,0.65,0.65,0.6,0.6
LFMD,2020-03-05,0.65,0.65,0.6,0.65
LFMD,2020-03-06,0.6,0.65,0.6,0.65
LFMD,2020-03-09,0.65,0.65,0.55,0.6
LFMD,2020-03-10,0.6,0.65,0.6,0.6
LFMD,2020-03-11,0.6,0.65,0.6,0.65
LFMD,2020-03-12,0.55,0.6,0.5,0.5
LFMD,2020-03-13,0.5,0.6,0.5,0.6
LFMD,2020-03-16,0.55,0.7,0.55,0.7
LFMD,2020-03-17,0.75,1.15,0.7,0.9
LFMD,2020-03-18,0.9,1.1,0.85,0.9
LFMD,2020-03-19,1.0,1.3,0.95,1.2
LFMD,2020-03-20,1.3,1.85,1.25,1.25
LFMD,2020-03-23,1.4,1.4,0.8,0.8
LFMD,2020-03-24,0.9,0.95,0.75,0.95
LFMD,2020-03-25,1.05,1.05,0.9,0.95
LFMD,2020-03-26,1.0,1.15,0.95,1.1
LFMD,2020-03-27,1.1,1.2,1.0,1.1
LFMD,2020-03-30,1.2,1.25,1.05,1.2
LFMD,2020-03-31,1.4,1.45,1.0,1.05
LFMD,2020-04-01,1.15,1.3,1.05,1.25
LFMD,2020-04-02,1.3,1.3,1.1,1.1
LFMD,2020-04-03,1.1,1.15,1.0,1.05
LFMD,2020-04-06,1.2,1.65,1.0,1.45
LFMD,2020-04-07,1.55,1.55,1.25,1.35
LFMD,2020-04-08,1.45,1.45,1.3,1.3
LFMD,2020-04-09,1.3,1.4,1.2,1.35
LFMD,2020-04-13,1.45,1.55,1.35,1.5
LFMD,2020-04-14,1.5,1.55,1.45,1.55
LFMD,2020-04-15,1.55,1.6,1.5,1.55
LFMD,2020-04-16,1.6,1.6,1.5,1.5
LFMD,2020-04-17,1.5,1.55,1.3,1.4
LFMD,2020-04-20,1.5,1.5,1.35,1.4
LFMD,2020-04-21,1.45,1.6,1.35,1.4
LFMD,2020-04-22,1.5,1.65,1.35,1.4
LFMD,2020-04-23,1.45,1.5,1.4,1.4
LFMD,2020-04-24,1.5,1.5,1.3,1.35
LFMD,2020-04-27,1.3,1.45,1.3,1.35
LFMD,2020-04-28,1.4,1.4,1.3,1.35
LFMD,2020-04-29,1.35,1.4,1.35,1.4
LFMD,2020-04-30,1.4,1.4,1.3,1.35
LFMD,2020-05-01,1.35,1.4,1.25,1.3
LFMD,2020-05-04,1.25,1.35,1.25,1.35
LFMD,2020-05-05,1.35,1.5,1.3,1.5
LFMD,2020-05-06,1.5,1.8,1.4,1.75
LFMD,2020-05-07,1.7,2.0,1.65,1.75
LFMD,2020-05-08,1.65,1.7,1.4,1.55
LFMD,2020-05-11,1.55,1.6,1.45,1.55
LFMD,2020-05-12,1.55,1.7,1.55,1.6
LFMD,2020-05-13,1.65,1.65,1.55,1.6
LFMD,2020-05-14,1.6,1.7,1.6,1.6
LFMD,2020-05-15,1.7,1.7,1.6,1.6
LFMD,2020-05-18,1.65,1.65,1.5,1.6
LFMD,2020-05-19,1.5,1.7,1.5,1.7
LFMD,2020-05-20,1.7,1.7,1.55,1.65
LFMD,2020-05-21,1.7,1.7,1.6,1.6
LFMD,2020-05-22,1.65,1.65,1.55,1.55
LFMD,2020-05-26,1.6,1.65,1.5,1.6
LFMD,2020-05-27,1.6,1.6,1.35,1.45
LFMD,2020-05-28,1.45,1.6,1.35,1.5
LFMD,2020-05-29,1.55,1.55,1.4,1.45
LFMD,2020-06-01,1.45,1.55,1.4,1.5
LFMD,2020-06-02,1.55,1.65,1.5,1.55
LFMD,2020-06-03,1.55,1.55,1.45,1.5
LFMD,2020-06-04,1.5,1.55,1.45,1.55
LFMD,2020-06-05,1.55,1.55,1.4,1.5
LFMD,2020-06-08,1.5,1.5,1.4,1.45
LFMD,2020-06-09,1.5,1.7,1.45,1.7
LFMD,2020-06-10,1.6,1.75,1.6,1.75
LFMD,2020-06-11,1.8,1.8,1.6,1.65
LFMD,2020-06-12,1.7,1.7,1.6,1.7
LFMD,2020-06-15,1.75,1.75,1.6,1.7
LFMD,2020-06-16,1.7,1.7,1.55,1.65
LFMD,2020-06-17,1.65,1.7,1.65,1.65
LFMD,2020-06-18,1.6,1.7,1.45,1.55
LFMD,2020-06-19,1.5,1.7,1.45,1.65
LFMD,2020-06-22,1.65,1.7,1.55,1.65
LFMD,2020-06-23,1.6,1.65,1.5,1.55
LFMD,2020-06-24,1.55,1.55,1.5,1.5
LFMD,2020-06-25,1.55,1.55,1.4,1.5
LFMD,2020-06-26,1.5,1.5,1.4,1.5
LFMD,2020-06-29,1.4,1.5,1.4,1.5
LFMD,2020-06-30,1.45,1.5,1.4,1.5
LFMD,2020-07-01,1.55,1.7,1.55,1.65
LFMD,2020-07-02,1.7,1.85,1.65,1.85
LFMD,2020-07-06,2.0,2.8,1.9,2.4
LFMD,2020-07-07,2.3,2.5,1.95,2.3
LFMD,2020-07-08,2.4,2.65,2.15,2.6
LFMD,2020-07-09,2.7,3.75,2.65,3.7
LFMD,2020-07-10,4.0,4.9,3.75,4.65
LFMD,2020-07-13,4.75,4.75,3.25,3.4
LFMD,2020-07-14,3.55,4.35,3.5,3.95
LFMD,2020-07-15,4.25,4.8,4.0,4.2
LFMD,2020-07-16,4.55,4.55,3.95,3.95
LFMD,2020-07-17,4.15,4.25,3.95,4.2
LFMD,2020-07-20,4.4,4.65,4.1,4.25
LFMD,2020-07-21,4.6,5.6,4.25,5.6
LFMD,2020-07-22,5.45,5.5,4.8,5.0
LFMD,2020-07-23,5.0,5.0,4.55,5.0
LFMD,2020-07-24,4.75,5.7,4.75,5.2
LFMD,2020-07-27,5.3,5.6,5.25,5.3
LFMD,2020-07-28,5.45,5.45,5.1,5.1
LFMD,2020-07-29,5.05,5.35,5.05,5.3
LFMD,2020-07-30,5.35,5.4,5.1,5.2
LFMD,2020-07-31,5.2,5.2,4.55,4.7
LFMD,2020-08-03,4.7,5.25,4.4,5.2
LFMD,2020-08-04,5.3,6.5,5.1,6.4
LFMD,2020-08-05,6.45,6.45,5.85,6.2
LFMD,2020-08-06,6.0,6.25,5.85,5.9
LFMD,2020-08-07,6.05,6.8,5.9,6.5
LFMD,2020-08-10,6.65,8.25,6.45,7.8
LFMD,2020-08-11,8.0,8.65,7.75,8.25
LFMD,2020-08-12,8.4,8.75,7.9,8.2
LFMD,2020-08-13,8.05,8.95,7.9,8.75
LFMD,2020-08-14,8.75,10.7,8.6,10.0
LFMD,2020-08-17,10.0,10.5,6.85,8.25
LFMD,2020-08-18,8.3,8.5,5.35,6.25
LFMD,2020-08-19,6.45,7.85,5.5,7.35
LFMD,2020-08-20,7.5,8.0,5.95,6.35
LFMD,2020-08-21,6.5,6.75,4.65,4.9
LFMD,2020-08-24,5.05,5.5,4.4,4.65
LFMD,2020-08-25,4.5,5.5,4.5,5.05
LFMD,2020-08-26,5.5,5.7,5.05,5.6
LFMD,2020-08-27,5.75,5.75,4.7,4.85
LFMD,2020-08-28,4.9,5.35,4.75,5.2
LFMD,2020-08-31,5.7,7.15,5.3,6.75
LFMD,2020-09-01,7.1,7.25,5.85,7.0
LFMD,2020-09-02,7.2,7.45,6.4,7.05
LFMD,2020-09-03,7.35,7.35,6.5,6.55
LFMD,2020-09-04,6.75,6.9,6.5,6.6
LFMD,2020-09-08,6.6,6.6,6.05,6.25
LFMD,2020-09-09,6.25,6.25,5.5,5.8
LFMD,2020-09-10,5.8,6.5,5.8,6.0
LFMD,2020-09-11,6.15,6.55,6.1,6.25
LFMD,2020-09-14,6.25,6.4,6.05,6.1
LFMD,2020-09-15,6.2,6.45,5.75,5.8
LFMD,2020-09-16,6.15,6.3,5.8,5.95
LFMD,2020-09-17,6.2,6.25,5.95,6.1
LFMD,2020-09-18,6.1,6.4,5.9,6.0
LFMD,2020-09-21,5.9,6.05,5.7,5.9
LFMD,2020-09-22,5.75,6.2,5.6,6.1
LFMD,2020-09-23,6.15,6.15,5.75,6.1
LFMD,2020-09-24,6.05,6.3,5.85,6.3
LFMD,2020-09-25,6.4,6.5,6.15,6.35
LFMD,2020-09-28,6.45,7.25,6.3,7.2
LFMD,2020-09-29,7.4,8.25,7.3,7.95
LFMD,2020-09-30,7.8,8.45,7.8,8.25
LFMD,2020-10-01,8.25,8.5,7.1,7.75
LFMD,2020-10-02,7.8,7.9,6.55,6.75
LFMD,2020-10-05,6.75,7.55,6.4,7.3
LFMD,2020-10-06,7.3,8.35,7.3,7.85
LFMD,2020-10-07,7.75,7.8,6.85,7.3
LFMD,2020-10-08,7.5,7.5,6.75,6.8
LFMD,2020-10-09,7.0,7.25,6.65,7.05
LFMD,2020-10-12,7.2,7.5,7.05,7.2
LFMD,2020-10-13,7.15,7.25,6.4,6.7
LFMD,2020-10-14,7.0,8.0,6.9,7.45
LFMD,2020-10-15,7.4,7.75,6.16,6.75
LFMD,2020-10-16,6.98,6.98,6.18,6.75
LFMD,2020-10-19,6.75,6.75,5.75,5.9
LFMD,2020-10-20,6.0,6.2,5.26,5.78
LFMD,2020-10-21,5.71,6.35,5.5,6.01
LFMD,2020-10-22,6.18,6.18,5.52,5.89
LFMD,2020-10-23,5.85,6.2,5.55,5.9
LFMD,2020-10-26,6.5,6.65,5.97,6.15
LFMD,2020-10-27,6.3,6.49,5.95,6.49
LFMD,2020-10-28,6.59,6.59,6.0,6.24
LFMD,2020-10-29,5.85,6.1,5.85,5.94
LFMD,2020-10-30,5.96,6.19,5.92,5.99
LFMD,2020-11-02,6.0,6.25,5.6,5.98
LFMD,2020-11-03,5.98,6.1,5.96,6.06
LFMD,2020-11-04,6.06,6.06,5.82,5.95
LFMD,2020-11-05,6.03,6.07,5.72,5.8
LFMD,2020-11-06,5.81,6.08,5.75,6.03
LFMD,2020-11-09,6.0,6.23,5.59,5.74
LFMD,2020-11-10,5.85,5.85,5.45,5.65
LFMD,2020-11-11,5.69,5.99,5.63,5.8
LFMD,2020-11-12,5.85,5.99,5.05,5.66
LFMD,2020-11-13,5.73,5.83,5.45,5.52
LFMD,2020-11-16,5.68,5.9,5.51,5.87
LFMD,2020-11-17,5.85,6.45,5.85,6.22
LFMD,2020-11-18,6.38,7.81,6.35,7.21
LFMD,2020-11-19,7.31,7.73,7.11,7.55
LFMD,2020-11-20,7.62,10.53,7.45,9.24
LFMD,2020-11-23,9.0,10.03,9.0,9.38
LFMD,2020-11-24,9.38,9.38,8.25,8.67
LFMD,2020-11-25,8.35,8.61,8.0,8.0
LFMD,2020-11-27,8.1,8.74,7.75,8.71
LFMD,2020-11-30,8.71,9.2,8.5,8.9
LFMD,2020-12-01,8.85,9.0,8.62,8.81
LFMD,2020-12-02,8.75,8.9,8.25,8.25
LFMD,2020-12-03,8.15,8.35,7.9,7.98
LFMD,2020-12-04,7.93,8.5,7.93,8.47
LFMD,2020-12-07,8.48,8.55,7.92,7.92
LFMD,2020-12-08,7.81,8.2,7.79,8.0
LFMD,2020-12-09,8.0,9.05,8.0,9.03
LFMD,2020-12-10,9.92,10.0,7.56,7.85
LFMD,2020-12-11,7.8,8.6625,7.75,7.81
LFMD,2020-12-14,7.81,8.94,7.21,7.6
LFMD,2020-12-15,7.9,8.1,7.43,7.63
LFMD,2020-12-16,8.0,8.0438,7.6511,7.7
LFMD,2020-12-17,7.95,8.0,7.3,7.4
LFMD,2020-12-18,7.5,7.55,6.63,6.85
LFMD,2020-12-21,7.01,7.46,6.85,7.2
LFMD,2020-12-22,7.2,7.53,6.8624,6.95
LFMD,2020-12-23,7.13,7.34,7.0,7.3
LFMD,2020-12-24,7.33,8.25,7.04,7.84
LFMD,2020-12-28,7.95,7.9981,7.245,7.27
LFMD,2020-12-29,7.49,7.53,6.75,7.08
LFMD,2020-12-30,7.01,7.2,6.8951,7.0
LFMD,2020-12-31,6.9,7.0,6.38,6.53
LFMD,2021-01-04,6.52,6.9,5.81,6.44
LFMD,2021-01-05,6.5,6.85,5.97,6.0
LFMD,2021-01-06,6.0,6.4,5.82,5.99
LFMD,2021-01-07,6.64,7.7523,6.3001,7.5
LFMD,2021-01-08,7.51,8.0,7.3,7.48
LFMD,2021-01-11,7.48,7.88,7.2,7.35
LFMD,2021-01-12,7.5,7.98,7.16,7.42
LFMD,2021-01-13,7.54,7.54,6.61,7.07
LFMD,2021-01-14,7.1,7.4,7.08,7.31
LFMD,2021-01-15,7.41,7.41,6.9289,6.98
LFMD,2021-01-19,7.4396,7.96,7.25,7.75
LFMD,2021-01-20,7.69,8.5,7.6,8.45
LFMD,2021-01-21,8.56,10.5,8.29,9.9
LFMD,2021-01-22,9.71,13.5,9.66,11.08
LFMD,2021-01-25,11.91,14.43,11.5,12.87
LFMD,2021-01-26,13.0279,18.44,12.51,17.72
LFMD,2021-01-27,18.41,18.41,15.31,15.51
LFMD,2021-01-28,15.9213,22.07,15.8,19.33
LFMD,2021-01-29,18.74,22.0,18.73,20.82
LFMD,2021-02-01,23.1712,25.51,20.0,23.75
LFMD,2021-02-02,26.37,27.97,21.0,21.89
LFMD,2021-02-03,23.3,23.3021,20.0,22.51
LFMD,2021-02-04,23.27,23.8852,20.5,21.02
LFMD,2021-02-05,23.0,23.4199,21.75,22.13
LFMD,2021-02-08,23.0,27.76,22.8,26.65
LFMD,2021-02-09,28.0247,31.01,26.65,28.14
LFMD,2021-02-10,29.15,33.02,28.32,30.5
LFMD,2021-02-11,30.01,30.9,27.0,27.33
LFMD,2021-02-12,28.59,29.85,27.1,29.23
LFMD,2021-02-16,31.7376,32.3999,27.8601,30.15
LFMD,2021-02-17,28.23,31.45,27.544,30.55
LFMD,2021-02-18,29.05,31.06,29.01,29.31
LFMD,2021-02-19,29.27,30.33,28.55,29.4
LFMD,2021-02-22,28.5,31.95,26.0501,26.45
LFMD,2021-02-23,24.0,24.2595,19.0,21.53
LFMD,2021-02-24,21.72,24.5,21.7,22.45
LFMD,2021-02-25,22.45,23.86,19.71,20.51
LFMD,2021-02-26,20.72,22.24,19.62,21.94
LFMD,2021-03-01,22.29,23.4499,20.87,21.31
LFMD,2021-03-02,21.32,21.6,18.81,18.88
LFMD,2021-03-03,18.5,19.1099,15.22,16.3
LFMD,2021-03-04,15.28,16.0,13.51,14.48
LFMD,2021-03-05,16.9,16.9,13.2501,15.96
LFMD,2021-03-08,15.81,16.75,14.51,15.44
LFMD,2021-03-09,16.21,18.25,15.98,17.35
LFMD,2021-03-10,18.0,18.48,15.82,16.21
LFMD,2021-03-11,16.53,18.39,16.35,17.94
LFMD,2021-03-12,17.69,18.448,16.555,18.14
LFMD,2021-03-15,18.42,20.28,18.08,19.61
LFMD,2021-03-16,19.65,21.4,19.61,20.02
LFMD,2021-03-17,19.54,20.648,18.5856,20.08
LFMD,2021-03-18,20.19,20.5,19.201,19.83
LFMD,2021-03-19,19.63,21.15,19.5,20.49
LFMD,2021-03-22,20.98,21.95,19.19,21.33
LFMD,2021-03-23,21.33,21.49,19.38,19.82
LFMD,2021-03-24,20.25,20.3999,17.5,17.8
LFMD,2021-03-25,17.48,18.875,16.75,18.75
LFMD,2021-03-26,19.4,20.45,18.95,19.24
LFMD,2021-03-29,20.1,20.5,18.75,18.87
LFMD,2021-03-30,17.5,17.59,14.63,15.98
LFMD,2021-03-31,15.85,16.84,15.525,15.82
LFMD,2021-04-01,16.19,18.0,16.01,17.26
LFMD,2021-04-05,17.81,18.0,16.06,17.28
LFMD,2021-04-06,17.1,17.4206,16.29,16.61
LFMD,2021-04-07,16.53,17.0,16.06,16.25
LFMD,2021-04-08,16.01,16.31,14.4101,14.84
LFMD,2021-04-09,15.42,15.5,14.22,14.5
LFMD,2021-04-12,14.35,14.93,13.35,13.45
LFMD,2021-04-13,14.3447,14.3447,11.68,11.84
LFMD,2021-04-14,10.85,11.4305,8.52,9.0
LFMD,2021-04-15,8.75,9.33,8.41,8.68
LFMD,2021-04-16,8.98,10.36,7.79,9.97
LFMD,2021-04-19,11.17,11.29,8.1,8.25
LFMD,2021-04-20,8.0,8.2452,7.53,7.53
LFMD,2021-04-21,7.51,9.04,7.4,8.65
LFMD,2021-04-22,8.68,9.15,8.35,8.62
LFMD,2021-04-23,8.6,9.197,8.35,8.78
LFMD,2021-04-26,8.87,9.74,8.59,9.55
LFMD,2021-04-27,9.95,9.95,9.09,9.56
LFMD,2021-04-28,9.46,9.78,9.1,9.72
LFMD,2021-04-29,9.8,9.86,9.3201,9.72
LFMD,2021-04-30,9.65,9.86,9.31,9.71
LFMD,2021-05-03,9.97,10.45,9.35,9.42
LFMD,2021-05-04,9.44,9.44,8.4801,8.77
LFMD,2021-05-05,8.88,9.0,8.25,8.4
LFMD,2021-05-06,8.32,8.495,7.91,8.23
LFMD,2021-05-07,8.36,8.71,8.19,8.28
LFMD,2021-05-10,8.21,8.28,7.34,7.44
LFMD,2021-05-11,7.0,7.38,6.681,7.08
LFMD,2021-05-12,7.13,7.31,6.8,6.88
LFMD,2021-05-13,7.0,7.12,6.16,6.51
LFMD,2021-05-14,7.3,9.16,7.3,8.78
LFMD,2021-05-17,8.82,9.53,7.65,7.73
LFMD,2021-05-18,7.91,9.1918,7.85,8.86
LFMD,2021-05-19,8.54,10.69,8.5,10.33
LFMD,2021-05-20,10.6129,12.6399,10.33,12.13
LFMD,2021-05-21,12.6,13.44,11.68,12.71
LFMD,2021-05-24,12.64,12.9172,10.72,11.26
LFMD,2021-05-25,11.84,12.87,11.57,11.64
LFMD,2021-05-26,11.55,12.1,10.93,11.0
LFMD,2021-05-27,10.94,12.32,10.5101,12.14
LFMD,2021-05-28,12.15,13.75,12.15,12.88
LFMD,2021-06-01,12.97,13.4,12.1,12.69
LFMD,2021-06-02,12.81,14.48,12.73,14.32
LFMD,2021-06-03,14.02,14.0946,13.16,13.59
LFMD,2021-06-04,13.56,13.96,13.33,13.58
LFMD,2021-06-07,13.58,13.8,13.0403,13.14
LFMD,2021-06-08,13.1,15.99,13.0806,15.85
LFMD,2021-06-09,15.48,16.28,15.28,15.62
LFMD,2021-06-10,15.44,15.5,13.51,14.04
LFMD,2021-06-11,14.07,14.44,13.15,13.46
LFMD,2021-06-14,14.24,14.28,13.05,13.52
LFMD,2021-06-15,13.4,13.65,12.9,13.55
LFMD,2021-06-16,13.69,14.6,13.22,13.78
LFMD,2021-06-17,13.78,14.59,13.63,13.96
LFMD,2021-06-18,13.5,14.01,13.24,13.28
LFMD,2021-06-21,13.5,13.65,12.0,12.21
LFMD,2021-06-22,12.15,12.63,11.67,12.38
LFMD,2021-06-23,12.48,13.75,12.4,13.51
LFMD,2021-06-24,13.65,14.06,13.0501,13.74
LFMD,2021-06-25,13.62,13.79,12.4,12.65
LFMD,2021-06-28,12.78,13.1,12.11,12.46
LFMD,2021-06-29,12.68,12.68,11.56,11.56
LFMD,2021-06-30,11.51,12.15,11.01,11.78
LFMD,2021-07-01,11.95,11.95,11.2501,11.59
LFMD,2021-07-02,11.29,11.4,10.58,10.93
LFMD,2021-07-06,11.0,11.04,10.6201,10.87
LFMD,2021-07-07,10.9,11.4399,10.28,10.36
LFMD,2021-07-08,10.03,10.64,9.69,10.41
LFMD,2021-07-09,10.49,10.86,10.26,10.83
LFMD,2021-07-12,10.93,11.0,10.41,10.72
LFMD,2021-07-13,10.54,10.7399,9.71,9.72
LFMD,2021-07-14,9.76,9.79,9.18,9.39
LFMD,2021-07-15,9.45,9.8617,9.01,9.52
LFMD,2021-07-16,9.69,10.08,9.35,9.44
LFMD,2021-07-19,9.11,9.64,8.8,9.54
LFMD,2021-07-20,9.64,9.64,9.15,9.22
LFMD,2021-07-21,9.18,10.35,9.18,10.35
LFMD,2021-07-22,10.22,10.32,9.75,10.1
LFMD,2021-07-23,10.11,10.25,9.79,10.06
LFMD,2021-07-26,10.13,10.3,9.6403,9.76
LFMD,2021-07-27,9.63,9.99,9.13,9.7
LFMD,2021-07-28,9.66,10.3,9.66,10.17
LFMD,2021-07-29,10.15,10.2255,9.86,9.97
LFMD,2021-07-30,9.87,10.26,9.7901,9.81
LFMD,2021-08-02,9.89,10.11,9.65,9.9
LFMD,2021-08-03,9.95,9.96,9.64,9.69
LFMD,2021-08-04,9.6,9.9399,9.44,9.72
LFMD,2021-08-05,9.75,10.32,9.6373,10.02
LFMD,2021-08-06,10.02,10.18,9.73,9.83
LFMD,2021-08-09,9.84,10.25,9.7189,9.98
LFMD,2021-08-10,9.91,10.14,9.28,9.32
LFMD,2021-08-11,9.27,9.47,8.37,8.7
LFMD,2021-08-12,8.6,9.25,8.6,9.11
LFMD,2021-08-13,8.0,8.48,7.32,7.4
LFMD,2021-08-16,7.33,7.36,6.8114,7.02
LFMD,2021-08-17,6.9,7.3718,6.7,6.81
LFMD,2021-08-18,6.91,7.6,6.65,7.3
LFMD,2021-08-19,7.3,7.83,7.0712,7.24
LFMD,2021-08-20,7.28,7.73,6.98,7.19
LFMD,2021-08-23,7.22,7.869,7.1,7.58
LFMD,2021-08-24,7.66,8.16,7.56,8.07
LFMD,2021-08-25,8.13,8.29,7.57,8.02
LFMD,2021-08-26,7.98,8.15,7.58,7.68
LFMD,2021-08-27,7.65,8.0,7.65,7.81
LFMD,2021-08-30,7.92,8.05,7.6479,7.91
LFMD,2021-08-31,7.96,8.17,7.85,7.88
LFMD,2021-09-01,7.91,8.02,7.76,7.86
LFMD,2021-09-02,7.88,8.15,7.58,7.7
LFMD,2021-09-03,7.68,7.78,7.15,7.27
LFMD,2021-09-07,7.28,7.5,7.17,7.4
LFMD,2021-09-08,7.32,7.4,7.02,7.07
LFMD,2021-09-09,7.08,7.49,7.04,7.33
LFMD,2021-09-10,7.3,7.33,7.11,7.18
LFMD,2021-09-13,7.18,7.2,6.85,6.99
LFMD,2021-09-14,7.0,7.15,6.57,6.71
LFMD,2021-09-15,6.94,7.48,6.61,7.33
LFMD,2021-09-16,7.47,8.09,7.43,7.52
LFMD,2021-09-17,7.49,7.58,7.14,7.44
LFMD,2021-09-20,7.24,7.27,6.76,6.82
LFMD,2021-09-21,6.92,7.4,6.74,7.22
LFMD,2021-09-22,7.24,7.39,7.12,7.29
LFMD,2021-09-23,7.34,7.58,7.25,7.35
LFMD,2021-09-24,7.3,7.35,6.78,6.89
LFMD,2021-09-27,6.84,7.055,6.66,6.84
LFMD,2021-09-28,6.84,7.04,6.61,6.85
LFMD,2021-09-29,6.11,6.24,5.99,6.02
LFMD,2021-09-30,6.0,6.4,6.0,6.21
LFMD,2021-10-01,6.25,6.41,6.0,6.3
LFMD,2021-10-04,6.47,6.47,6.11,6.17
LFMD,2021-10-05,6.24,6.27,6.0,6.01
LFMD,2021-10-06,6.0,6.12,5.83,5.85
LFMD,2021-10-07,5.91,6.04,5.74,5.78
LFMD,2021-10-08,5.8,5.87,5.04,5.08
LFMD,2021-10-11,5.11,5.37,5.02,5.04
LFMD,2021-10-12,5.07,5.6299,5.07,5.54
LFMD,2021-10-13,5.57,5.95,5.5,5.62
LFMD,2021-10-14,5.75,5.765,5.2,5.27
LFMD,2021-10-15,5.33,5.4222,5.14,5.18
LFMD,2021-10-18,5.21,5.31,5.03,5.06
LFMD,2021-10-19,5.15,5.32,5.02,5.15
LFMD,2021-10-20,5.19,5.34,5.06,5.11
LFMD,2021-10-21,5.11,5.3,5.02,5.26
LFMD,2021-10-22,5.27,5.28,4.84,4.99
LFMD,2021-10-25,4.98,5.16,4.79,5.05
LFMD,2021-10-26,5.03,5.054,4.8,4.95
LFMD,2021-10-27,4.88,5.13,4.56,4.6
LFMD,2021-10-28,4.58,4.99,4.5004,4.97
LFMD,2021-10-29,4.92,5.3799,4.92,4.99
LFMD,2021-11-01,5.04,5.31,5.04,5.23
LFMD,2021-11-02,5.25,5.27,4.84,5.01
LFMD,2021-11-03,4.99,5.37,4.9507,5.34
LFMD,2021-11-04,5.35,5.49,5.16,5.22
LFMD,2021-11-05,5.165,5.24,4.86,4.96
LFMD,2021-11-08,5.09,5.55,5.0742,5.34
LFMD,2021-11-09,5.42,5.4899,4.91,5.02
LFMD,2021-11-10,4.93,5.3,4.81,5.0
LFMD,2021-11-11,5.4,5.4,4.8,4.82
LFMD,2021-11-12,4.8,5.11,4.74,4.76
LFMD,2021-11-15,4.8,4.8299,4.27,4.47
LFMD,2021-11-16,4.48,4.81,4.41,4.66
LFMD,2021-11-17,4.7,4.99,4.69,4.78
LFMD,2021-11-18,4.85,4.93,4.61,4.69
LFMD,2021-11-19,4.71,4.76,4.52,4.54
LFMD,2021-11-22,4.73,4.73,4.1,4.17
LFMD,2021-11-23,4.19,4.2,3.95,4.1
LFMD,2021-11-24,4.05,4.34,4.0,4.28
LFMD,2021-11-26,4.14,4.37,4.12,4.24
LFMD,2021-11-29,4.26,4.33,3.92,3.99
LFMD,2021-11-30,3.95,4.17,3.7,4.07
LFMD,2021-12-01,4.12,4.4,3.94,3.99
LFMD,2021-12-02,4.06,4.0935,3.83,3.95
LFMD,2021-12-03,3.98,4.08,3.78,3.97
LFMD,2021-12-06,3.97,4.33,3.81,4.2
LFMD,2021-12-07,4.28,4.66,4.28,4.57
LFMD,2021-12-08,4.67,4.98,4.58,4.88
LFMD,2021-12-09,4.89,4.94,4.55,4.57
LFMD,2021-12-10,4.61,4.68,4.31,4.32
LFMD,2021-12-13,4.27,4.3978,4.02,4.14
LFMD,2021-12-14,4.04,4.17,3.93,3.99
LFMD,2021-12-15,3.99,4.42,3.8,4.3
LFMD,2021-12-16,4.31,4.37,4.05,4.13
LFMD,2021-12-17,4.04,4.42,3.98,4.28
LFMD,2021-12-20,4.14,4.21,3.93,3.94
LFMD,2021-12-21,3.99,4.1,3.96,4.06
LFMD,2021-12-22,4.09,4.12,3.91,3.93
LFMD,2021-12-23,3.93,4.33,3.9,4.32
LFMD,2021-12-27,4.35,4.5,4.24,4.46
LFMD,2021-12-28,4.48,4.5292,4.07,4.12
LFMD,2021-12-29,4.07,4.1656,3.75,3.78
LFMD,2021-12-30,3.77,4.38,3.73,4.05
LFMD,2021-12-31,4.03,4.1,3.79,3.87
LFMD,2022-01-03,3.91,4.33,3.7797,4.12
LFMD,2022-01-04,4.18,4.18,3.9,4.05
LFMD,2022-01-05,4.05,4.1,3.77,3.82
LFMD,2022-01-06,3.79,3.9,3.62,3.71
LFMD,2022-01-07,3.79,3.85,3.66,3.73
LFMD,2022-01-10,3.65,3.65,3.34,3.46
LFMD,2022-01-11,3.46,3.8253,3.4,3.68
LFMD,2022-01-12,3.77,3.8,3.66,3.7
LFMD,2022-01-13,3.69,3.76,3.51,3.58
LFMD,2022-01-14,3.55,3.71,3.46,3.63
LFMD,2022-01-18,3.6,3.64,3.445,3.51
LFMD,2022-01-19,3.56,3.63,3.34,3.36
LFMD,2022-01-20,3.39,3.68,3.28,3.28
LFMD,2022-01-21,3.25,3.35,2.885,2.92
LFMD,2022-01-24,2.82,3.11,2.72,3.06
LFMD,2022-01-25,2.98,3.3,2.98,3.21
LFMD,2022-01-26,3.3,3.51,3.25,3.425
LFMD,2022-01-27,3.4276,3.5,3.02,3.07
LFMD,2022-01-28,3.06,3.23,2.921,3.21
LFMD,2022-01-31,3.15,3.66,3.15,3.65
LFMD,2022-02-01,3.7,3.855,3.5397,3.85
LFMD,2022-02-02,3.86,3.86,3.55,3.63
LFMD,2022-02-03,3.49,3.585,3.24,3.26
LFMD,2022-02-04,3.24,3.6,3.17,3.51
LFMD,2022-02-07,3.56,3.83,3.5222,3.63
LFMD,2022-02-08,3.63,3.7,3.52,3.64
LFMD,2022-02-09,3.71,4.03,3.64,4.02
LFMD,2022-02-10,3.85,4.2667,3.81,4.09
LFMD,2022-02-11,4.09,4.2844,4.0213,4.17
LFMD,2022-02-14,4.16,4.242,3.82,3.85
LFMD,2022-02-15,3.9,4.32,3.9,4.06
LFMD,2022-02-16,4.1,4.15,3.92,4.08
LFMD,2022-02-17,4.02,4.12,3.95,4.0
LFMD,2022-02-18,3.94,3.97,3.55,3.61
LFMD,2022-02-22,3.51,3.59,3.38,3.5
LFMD,2022-02-23,3.58,3.6257,3.44,3.49
LFMD,2022-02-24,3.26,3.69,3.26,3.68
LFMD,2022-02-25,3.69,3.81,3.55,3.55
LFMD,2022-02-28,3.56,3.76,3.54,3.72
LFMD,2022-03-01,3.72,3.8,3.52,3.56
LFMD,2022-03-02,3.593,3.64,3.42,3.48
LFMD,2022-03-03,3.49,3.49,3.31,3.36
LFMD,2022-03-04,3.32,3.41,3.2023,3.22
LFMD,2022-03-07,3.21,3.35,3.19,3.21
LFMD,2022-03-08,3.33,3.5498,3.21,3.26
LFMD,2022-03-09,3.45,3.68,3.32,3.4
LFMD,2022-03-10,3.34,3.48,3.21,3.43
LFMD,2022-03-11,3.43,3.45,3.26,3.31
LFMD,2022-03-14,3.33,3.33,3.08,3.09
LFMD,2022-03-15,3.1,3.25,3.06,3.21
LFMD,2022-03-16,3.28,3.44,3.1601,3.33
LFMD,2022-03-17,3.34,3.54,3.28,3.51
LFMD,2022-03-18,3.43,3.73,3.43,3.61
LFMD,2022-03-21,3.66,3.66,3.44,3.56
LFMD,2022-03-22,3.62,3.72,3.5793,3.6
LFMD,2022-03-23,3.59,3.85,3.52,3.56
LFMD,2022-03-24,3.65,3.68,3.4093,3.51
LFMD,2022-03-25,3.46,3.54,3.4,3.45
LFMD,2022-03-28,3.46,3.4867,3.24,3.34
LFMD,2022-03-29,3.34,3.59,3.34,3.58
LFMD,2022-03-30,3.6,3.65,3.45,3.52
LFMD,2022-03-31,3.47,3.555,3.41,3.53
LFMD,2022-04-01,3.52,3.65,3.495,3.55
LFMD,2022-04-04,3.56,3.65,3.47,3.59
LFMD,2022-04-05,3.61,3.61,3.4501,3.56
LFMD,2022-04-06,3.51,3.89,3.4318,3.6
LFMD,2022-04-07,3.57,3.71,3.5,3.51
LFMD,2022-04-08,3.52,3.63,3.39,3.59
LFMD,2022-04-11,3.55,3.66,3.4952,3.56
LFMD,2022-04-12,3.56,3.59,3.2,3.23
LFMD,2022-04-13,3.21,3.3699,3.21,3.22
LFMD,2022-04-14,3.26,3.29,3.1801,3.28
LFMD,2022-04-18,3.25,3.2566,3.0,3.07
LFMD,2022-04-19,3.14,3.18,3.02,3.15
LFMD,2022-04-20,3.17,3.17,2.95,3.01
LFMD,2022-04-21,3.03,3.13,2.5,2.81
LFMD,2022-04-22,2.82,2.8762,2.77,2.8
LFMD,2022-04-25,2.7,2.78,2.52,2.6
LFMD,2022-04-26,2.63,2.73,2.38,2.42
LFMD,2022-04-27,2.42,2.63,2.3589,2.46
LFMD,2022-04-28,2.45,2.4612,2.1401,2.35
LFMD,2022-04-29,2.36,2.4,2.2,2.23
LFMD,2022-05-02,2.31,2.72,2.1901,2.6
LFMD,2022-05-03,2.6,2.6699,2.31,2.42
LFMD,2022-05-04,2.42,2.5,2.31,2.44
LFMD,2022-05-05,2.36,2.61,2.2688,2.45
LFMD,2022-05-06,2.41,2.51,2.31,2.32
LFMD,2022-05-09,2.27,2.3154,2.04,2.1
LFMD,2022-05-10,2.13,2.225,2.02,2.03
LFMD,2022-05-11,2.0,2.09,1.89,1.91
LFMD,2022-05-12,1.9,2.02,1.85,1.94
LFMD,2022-05-13,2.03,2.2,2.0,2.11
LFMD,2022-05-16,2.15,2.15,1.93,1.99
LFMD,2022-05-17,2.05,2.11,1.95,2.11
LFMD,2022-05-18,2.07,2.18,2.04,2.13
LFMD,2022-05-19,2.15,2.2528,2.02,2.08
LFMD,2022-05-20,2.1,2.14,2.0,2.05
LFMD,2022-05-23,2.1,2.2,2.02,2.18
LFMD,2022-05-24,2.15,2.18,2.07,2.13
LFMD,2022-05-25,2.06,2.21,2.06,2.19
LFMD,2022-05-26,2.22,2.335,2.2,2.25
LFMD,2022-05-27,2.34,2.34,2.255,2.3
LFMD,2022-05-31,2.29,2.29,2.16,2.25
LFMD,2022-06-01,2.28,2.3,2.15,2.24
LFMD,2022-06-02,2.26,2.5,2.23,2.5
LFMD,2022-06-03,2.45,2.4974,2.235,2.31
LFMD,2022-06-06,2.28,2.54,2.28,2.54
LFMD,2022-06-07,2.5,2.54,2.41,2.48
LFMD,2022-06-08,2.46,2.6,2.41,2.48
LFMD,2022-06-09,2.44,2.455,2.3066,2.39
LFMD,2022-06-10,2.31,2.37,2.27,2.37
LFMD,2022-06-13,2.26,2.36,2.11,2.19
LFMD,2022-06-14,2.2,2.2,1.8,1.86
LFMD,2022-06-15,1.9,2.3,1.9,1.99
LFMD,2022-06-16,1.91,2.21,1.91,1.96
LFMD,2022-06-17,1.98,2.1167,1.98,2.02
LFMD,2022-06-21,2.06,2.2,2.03,2.11
LFMD,2022-06-22,2.05,2.28,2.03,2.23
LFMD,2022-06-23,2.24,2.33,2.235,2.32
LFMD,2022-06-24,2.35,2.52,2.08,2.16
LFMD,2022-06-27,2.24,2.24,2.13,2.16
LFMD,2022-06-28,2.18,2.22,2.03,2.07
LFMD,2022-06-29,2.07,2.07,2.01,2.01
LFMD,2022-06-30,2.01,2.04,1.99,2.04
LFMD,2022-07-01,2.04,2.085,2.0,2.07
LFMD,2022-07-05,2.025,2.32,2.01,2.01
LFMD,2022-07-06,2.05,2.13,2.01,2.04
LFMD,2022-07-07,2.07,2.19,2.065,2.13
LFMD,2022-07-08,2.08,2.29,2.08,2.29
LFMD,2022-07-11,2.35,2.35,2.15,2.15
LFMD,2022-07-12,2.13,2.14,2.0,2.04
LFMD,2022-07-13,2.0,2.09,2.0,2.06
LFMD,2022-07-14,2.04,2.07,2.01,2.04
LFMD,2022-07-15,2.05,2.1,2.01,2.08
LFMD,2022-07-18,2.13,2.21,2.07,2.11
LFMD,2022-07-19,2.14,2.1684,2.01,2.1
LFMD,2022-07-20,2.11,2.6,2.0941,2.45
LFMD,2022-07-21,2.49,2.6395,2.425,2.56
LFMD,2022-07-22,2.5,2.5,2.29,2.34
LFMD,2022-07-25,2.33,2.42,2.2501,2.275
LFMD,2022-07-26,2.26,2.295,2.15,2.18
LFMD,2022-07-27,2.16,2.34,2.16,2.27
LFMD,2022-07-28,2.22,2.36,2.22,2.28
LFMD,2022-07-29,2.22,2.598,2.22,2.48
LFMD,2022-08-01,2.49,2.5429,2.43,2.455
LFMD,2022-08-02,2.46,2.5,2.38,2.46
LFMD,2022-08-03,2.49,2.5999,2.47,2.51
LFMD,2022-08-04,2.53,2.69,2.45,2.55
LFMD,2022-08-05,2.4827,2.675,2.41,2.64
LFMD,2022-08-08,2.65,2.9299,2.65,2.84
LFMD,2022-08-09,2.81,3.02,2.77,2.94
LFMD,2022-08-10,3.0,3.0,2.86,2.93
LFMD,2022-08-11,3.02,3.22,2.89,3.15
LFMD,2022-08-12,3.11,3.11,2.7,2.9
LFMD,2022-08-15,2.91,2.91,2.809,2.88
LFMD,2022-08-16,2.85,2.95,2.7001,2.73
LFMD,2022-08-17,2.73,2.8051,2.56,2.58
LFMD,2022-08-18,2.58,2.81,2.5167,2.75
LFMD,2022-08-19,2.6861,2.7433,2.5,2.5
LFMD,2022-08-22,2.53,2.7421,2.5,2.58
LFMD,2022-08-23,2.62,2.7,2.57,2.6
LFMD,2022-08-24,2.57,2.655,2.5,2.53
LFMD,2022-08-25,2.59,2.71,2.56,2.57
LFMD,2022-08-26,2.56,2.635,2.52,2.54
LFMD,2022-08-29,2.5,2.58,2.28,2.48
LFMD,2022-08-30,2.51,2.64,2.46,2.51
LFMD,2022-08-31,2.54,2.6,2.5266,2.57
LFMD,2022-09-01,2.51,2.52,2.3,2.38
LFMD,2022-09-02,2.3571,2.46,2.32,2.32
LFMD,2022-09-06,2.3,2.4,2.3,2.39
LFMD,2022-09-07,2.3204,2.46,2.3204,2.43
LFMD,2022-09-08,2.43,2.58,2.405,2.54
LFMD,2022-09-09,2.53,2.58,2.41,2.57
LFMD,2022-09-12,2.55,2.7,2.53,2.68
LFMD,2022-09-13,2.55,2.6199,2.53,2.56
LFMD,2022-09-14,2.56,2.6899,2.51,2.52
LFMD,2022-09-15,2.59,2.59,2.42,2.43
LFMD,2022-09-16,2.4,2.5199,2.17,2.3
LFMD,2022-09-19,2.3,2.3908,2.08,2.21
LFMD,2022-09-20,2.2,2.21,2.08,2.11
LFMD,2022-09-21,2.12,2.15,1.88,2.1
LFMD,2022-09-22,2.08,2.08,1.91,2.02
LFMD,2022-09-23,2.0,2.05,1.9,1.93
LFMD,2022-09-26,1.98,2.1,1.9,1.92
LFMD,2022-09-27,1.97,2.0,1.84,1.87
LFMD,2022-09-28,1.98,2.1,1.94,2.04
LFMD,2022-09-29,2.05,2.14,1.9814,2.12
LFMD,2022-09-30,2.09,2.19,1.95,1.97
LFMD,2022-10-03,2.01,2.26,1.84,1.99
LFMD,2022-10-04,2.02,2.2,2.0143,2.12
LFMD,2022-10-05,2.18,2.3,2.03,2.13
LFMD,2022-10-06,2.13,2.3,2.13,2.27
LFMD,2022-10-07,2.24,2.269,2.04,2.13
LFMD,2022-10-10,2.14,2.15,2.05,2.12
LFMD,2022-10-11,2.1185,2.19,2.045,2.16
LFMD,2022-10-12,2.13,2.1801,2.05,2.1
LFMD,2022-10-13,2.07,2.22,2.0,2.18
LFMD,2022-10-14,2.2,2.2414,2.0695,2.12
LFMD,2022-10-17,2.07,2.23,2.07,2.15
LFMD,2022-10-18,2.16,2.175,2.11,2.14
LFMD,2022-10-19,2.14,2.14,2.07,2.08
LFMD,2022-10-20,2.1,2.16,2.07,2.16
LFMD,2022-10-21,2.1283,2.18,2.08,2.16
LFMD,2022-10-24,2.16,2.19,2.05,2.12
LFMD,2022-10-25,2.14,2.16,2.0,2.02
LFMD,2022-10-26,2.09,2.17,2.0101,2.13
LFMD,2022-10-27,2.15,2.1945,2.1,2.115
LFMD,2022-10-28,2.09,2.1,2.0501,2.07
LFMD,2022-10-31,2.01,2.2699,2.01,2.19
LFMD,2022-11-01,2.19,2.21,2.13,2.15
LFMD,2022-11-02,2.1,2.12,2.04,2.06
LFMD,2022-11-03,2.03,2.1,2.02,2.0533
LFMD,2022-11-04,2.0971,2.1667,2.04,2.11
LFMD,2022-11-07,2.16,2.16,2.0401,2.09
LFMD,2022-11-08,2.06,2.11,2.01,2.07
LFMD,2022-11-09,2.07,2.07,1.99,2.01
LFMD,2022-11-10,2.0,2.12,1.995,2.08
LFMD,2022-11-11,2.26,2.68,2.25,2.48
LFMD,2022-11-14,2.44,2.6,2.44,2.52
LFMD,2022-11-15,2.6,2.699,2.39,2.47
LFMD,2022-11-16,2.41,2.49,2.4,2.44
LFMD,2022-11-17,2.39,2.65,2.39,2.5
LFMD,2022-11-18,2.5,2.61,2.47,2.51
LFMD,2022-11-21,2.58,2.67,2.51,2.62
LFMD,2022-11-22,2.6,2.6655,2.55,2.63
LFMD,2022-11-23,2.65,2.6896,2.57,2.6
LFMD,2022-11-25,2.5946,2.67,2.5946,2.64
LFMD,2022-11-28,2.62,2.68,2.36,2.38
LFMD,2022-11-29,2.35,2.42,2.29,2.33
LFMD,2022-11-30,2.36,2.53,2.34,2.43
LFMD,2022-12-01,2.48,2.52,2.4,2.455
LFMD,2022-12-02,2.49,2.63,2.485,2.61
LFMD,2022-12-05,2.59,2.65,2.5307,2.61
LFMD,2022-12-06,2.64,2.64,2.4,2.42
LFMD,2022-12-07,2.45,2.49,2.41,2.48
LFMD,2022-12-08,2.51,2.52,2.42,2.49
LFMD,2022-12-09,2.49,2.51,2.4,2.48
LFMD,2022-12-12,2.48,2.51,2.41,2.47
LFMD,2022-12-13,2.52,2.52,2.4,2.46
LFMD,2022-12-14,2.42,2.49,2.4,2.4
LFMD,2022-12-15,2.43,2.435,2.3,2.3
LFMD,2022-12-16,2.29,2.35,2.22,2.27
LFMD,2022-12-19,2.24,2.3,2.11,2.11
LFMD,2022-12-20,2.14,2.22,1.94,2.17
LFMD,2022-12-21,2.18,2.23,1.97,2.03
LFMD,2022-12-22,2.04,2.13,2.0,2.01
LFMD,2022-12-23,2.01,2.12,1.94,2.05
LFMD,2022-12-27,1.99,2.0783,1.97,1.97
LFMD,2022-12-28,1.99,2.01,1.72,1.82
LFMD,2022-12-29,1.82,1.97,1.721,1.88
LFMD,2022-12-30,1.88,1.94,1.7715,1.94
LFMD,2023-01-03,1.93,2.0,1.855,1.89
LFMD,2023-01-04,1.83,1.9416,1.81,1.9
LFMD,2023-01-05,1.89,2.0,1.81,1.9
LFMD,2023-01-06,1.9,2.0074,1.8784,1.93
LFMD,2023-01-09,1.93,2.05,1.91,1.93
LFMD,2023-01-10,1.93,2.0,1.89,1.9
LFMD,2023-01-11,1.92,1.98,1.9,1.92
LFMD,2023-01-12,1.9499,1.96,1.908,1.93
LFMD,2023-01-13,1.94,2.01,1.88,2.01
LFMD,2023-01-17,2.03,2.04,1.99,2.01
LFMD,2023-01-18,2.01,2.01,1.87,1.96
LFMD,2023-01-19,1.95,1.95,1.8,1.8
LFMD,2023-01-20,1.89,1.9099,1.76,1.78
LFMD,2023-01-23,1.83,1.9301,1.77,1.8368
LFMD,2023-01-24,1.857,1.93,1.82,1.84
LFMD,2023-01-25,1.82,1.93,1.7927,1.85
LFMD,2023-01-26,1.89,1.92,1.8001,1.9
LFMD,2023-01-27,1.88,2.0,1.855,1.94
LFMD,2023-01-30,1.95,2.0,1.94,1.96
LFMD,2023-01-31,1.99,2.0,1.96,1.98
LFMD,2023-02-01,1.98,2.09,1.97,2.07
LFMD,2023-02-02,2.13,2.25,2.11,2.23
LFMD,2023-02-03,2.19,2.2504,2.17,2.225
LFMD,2023-02-06,2.19,2.26,2.091,2.16
LFMD,2023-02-07,2.14,2.215,2.03,2.03
LFMD,2023-02-08,2.1,2.1008,2.02,2.03
LFMD,2023-02-09,2.0358,2.0585,1.863,1.89
LFMD,2023-02-10,1.9,2.0499,1.83,1.85
LFMD,2023-02-13,1.84,1.9363,1.84,1.85
LFMD,2023-02-14,1.85,1.9167,1.82,1.82
LFMD,2023-02-15,1.89,1.97,1.872,1.97
LFMD,2023-02-16,1.93,1.97,1.8545,1.86
LFMD,2023-02-17,1.88,1.9499,1.84,1.9
LFMD,2023-02-21,1.87,1.97,1.85,1.87
LFMD,2023-02-22,1.8819,1.94,1.85,1.85
LFMD,2023-02-23,1.89,1.89,1.82,1.82
LFMD,2023-02-24,1.83,1.9058,1.81,1.82
LFMD,2023-02-27,1.88,1.88,1.76,1.76
LFMD,2023-02-28,1.805,1.85,1.7731,1.78
LFMD,2023-03-01,1.8,1.87,1.77,1.77
LFMD,2023-03-02,1.77,1.85,1.7501,1.79
LFMD,2023-03-03,1.7964,1.8399,1.7701,1.82
LFMD,2023-03-06,1.82,1.8499,1.8,1.83
LFMD,2023-03-07,1.94,1.94,1.78,1.82
LFMD,2023-03-08,1.89,1.89,1.76,1.78
LFMD,2023-03-09,1.76,1.79,1.59,1.62
LFMD,2023-03-10,1.6001,1.6491,1.41,1.425
LFMD,2023-03-13,1.43,1.4303,1.34,1.37
LFMD,2023-03-14,1.38,1.45,1.26,1.26
LFMD,2023-03-15,1.37,1.3895,1.19,1.22
LFMD,2023-03-16,1.2,1.29,1.2,1.25
LFMD,2023-03-17,1.27,1.31,1.15,1.15
LFMD,2023-03-20,1.2,1.3,1.14,1.15
LFMD,2023-03-21,1.18,1.2453,1.15,1.17
LFMD,2023-03-22,1.2,1.4499,1.2,1.4
LFMD,2023-03-23,1.5,1.55,1.27,1.45
LFMD,2023-03-24,1.45,1.56,1.4,1.54
LFMD,2023-03-27,1.58,1.58,1.42,1.45
LFMD,2023-03-28,1.43,1.59,1.43,1.54
LFMD,2023-03-29,1.52,1.57,1.48,1.505
LFMD,2023-03-30,1.53,1.5771,1.41,1.5
LFMD,2023-03-31,1.47,1.73,1.47,1.7
LFMD,2023-04-03,1.67,1.73,1.62,1.7
LFMD,2023-04-04,1.68,1.76,1.6201,1.67
LFMD,2023-04-05,1.69,1.6972,1.59,1.62
LFMD,2023-04-06,1.59,1.65,1.56,1.63
LFMD,2023-04-10,1.59,1.7,1.59,1.6701
LFMD,2023-04-11,1.67,1.7,1.64,1.67
LFMD,2023-04-12,1.68,1.7011,1.52,1.52
LFMD,2023-04-13,1.53,1.63,1.53,1.59
LFMD,2023-04-14,1.58,1.65,1.58,1.59
LFMD,2023-04-17,1.6,1.66,1.5501,1.66
LFMD,2023-04-18,1.61,1.72,1.58,1.72
LFMD,2023-04-19,1.73,1.8599,1.6801,1.81
LFMD,2023-04-20,1.77,1.83,1.66,1.76
LFMD,2023-04-21,1.84,1.84,1.65,1.7
LFMD,2023-04-24,1.67,1.8003,1.65,1.7
LFMD,2023-04-25,1.68,1.715,1.57,1.57
LFMD,2023-04-26,1.58,1.61,1.53,1.555
LFMD,2023-04-27,1.56,1.719,1.56,1.6803
LFMD,2023-04-28,1.72,1.7219,1.62,1.66
LFMD,2023-05-01,1.66,1.66,1.56,1.57
LFMD,2023-05-02,1.58,1.5899,1.4,1.48
LFMD,2023-05-03,1.5298,1.55,1.45,1.535
LFMD,2023-05-04,1.56,1.5699,1.46,1.47
LFMD,2023-05-05,1.46,1.52,1.46,1.505
LFMD,2023-05-08,1.51,1.62,1.51,1.61
LFMD,2023-05-09,1.59,1.71,1.59,1.69
LFMD,2023-05-10,1.69,1.7558,1.671,1.75
LFMD,2023-05-11,1.74,1.85,1.72,1.83
LFMD,2023-05-12,1.89,1.95,1.66,1.83
LFMD,2023-05-15,1.83,1.8681,1.72,1.76
LFMD,2023-05-16,1.74,1.81,1.72,1.78
LFMD,2023-05-17,1.8,1.9296,1.74,1.87
LFMD,2023-05-18,1.85,1.87,1.79,1.86
LFMD,2023-05-19,1.89,2.05,1.81,2.04
LFMD,2023-05-22,2.02,2.18,1.975,2.16
LFMD,2023-05-23,2.17,2.18,1.96,2.12
LFMD,2023-05-24,2.1,2.19,2.07,2.15
LFMD,2023-05-25,2.19,2.19,2.05,2.17
LFMD,2023-05-26,2.14,2.2,2.06,2.18
LFMD,2023-05-30,2.19,2.19,2.0303,2.1
LFMD,2023-05-31,2.11,2.11,1.93,1.95
LFMD,2023-06-01,1.95,2.18,1.95,2.18
LFMD,2023-06-02,2.18,2.18,2.08,2.14
LFMD,2023-06-05,2.14,2.18,2.06,2.18
LFMD,2023-06-06,2.21,2.21,2.13,2.18
LFMD,2023-06-07,2.2,2.2,2.165,2.2
LFMD,2023-06-08,2.28,2.4,2.26,2.39
LFMD,2023-06-09,2.44,2.59,2.4,2.49
LFMD,2023-06-12,2.59,2.63,2.5,2.63
LFMD,2023-06-13,2.64,3.18,2.5301,2.895
LFMD,2023-06-14,2.95,3.1006,2.85,2.98
LFMD,2023-06-15,3.01,3.25,2.98,3.23
LFMD,2023-06-16,3.29,3.44,3.05,3.37
LFMD,2023-06-20,3.45,3.6,3.41,3.56
LFMD,2023-06-21,3.56,4.1999,3.3149,3.86
LFMD,2023-06-22,3.98,4.09,3.6,3.65
LFMD,2023-06-23,3.6,4.0,3.5,3.9
LFMD,2023-06-26,3.92,3.97,3.77,3.86
LFMD,2023-06-27,3.85,3.978,3.5401,3.68
LFMD,2023-06-28,3.61,3.97,3.6001,3.94
LFMD,2023-06-29,4.04,4.1,3.812,4.1
LFMD,2023-06-30,4.09,4.4054,4.05,4.35
LFMD,2023-07-03,4.4,4.8,4.37,4.79
LFMD,2023-07-05,4.82,4.85,4.5001,4.82
LFMD,2023-07-06,4.73,4.73,4.0601,4.17
LFMD,2023-07-07,4.17,5.0,4.06,4.57
LFMD,2023-07-10,4.665,5.35,4.5401,5.32
LFMD,2023-07-11,5.44,5.45,4.83,5.03
LFMD,2023-07-12,5.08,5.17,4.65,4.7
LFMD,2023-07-13,4.7,4.7,4.21,4.47
LFMD,2023-07-14,4.44,4.47,4.0301,4.1
LFMD,2023-07-17,4.1,4.1143,3.65,4.04
LFMD,2023-07-18,4.05,4.25,3.88,3.89
LFMD,2023-07-19,3.83,3.9,3.4901,3.66
LFMD,2023-07-20,3.69,3.8,3.31,3.53
LFMD,2023-07-21,3.71,4.6,3.685,4.14
LFMD,2023-07-24,4.11,4.3,3.72,3.76
LFMD,2023-07-25,3.87,4.0394,3.66,3.67
LFMD,2023-07-26,3.63,3.94,3.57,3.89
LFMD,2023-07-27,3.94,4.226,3.85,3.92
LFMD,2023-07-28,4.15,4.59,3.98,4.56
LFMD,2023-07-31,4.61,4.8,4.4,4.74
LFMD,2023-08-01,4.71,4.75,4.26,4.45
LFMD,2023-08-02,4.35,4.425,4.13,4.21
LFMD,2023-08-03,4.16,4.48,4.16,4.22
LFMD,2023-08-04,4.22,4.35,4.17,4.31
LFMD,2023-08-07,4.28,4.28,3.85,3.92
LFMD,2023-08-08,3.86,3.96,3.73,3.75
LFMD,2023-08-09,3.86,3.86,3.45,3.66
LFMD,2023-08-10,3.95,4.54,3.95,4.38
LFMD,2023-08-11,4.34,4.63,4.2615,4.38
LFMD,2023-08-14,4.4,4.59,4.28,4.35
LFMD,2023-08-15,4.3,4.4393,4.03,4.36
LFMD,2023-08-16,4.37,4.53,4.05,4.08
LFMD,2023-08-17,4.1,4.13,3.77,3.8
LFMD,2023-08-18,3.74,3.82,3.65,3.77
LFMD,2023-08-21,3.84,4.01,3.81,3.84
LFMD,2023-08-22,3.88,3.9,3.7,3.85
LFMD,2023-08-23,3.85,3.95,3.75,3.9
LFMD,2023-08-24,3.9,3.91,3.5206,3.58
LFMD,2023-08-25,3.66,3.7,3.52,3.59
LFMD,2023-08-28,3.62,3.723,3.46,3.49
LFMD,2023-08-29,3.53,3.69,3.53,3.68
LFMD,2023-08-30,3.76,3.935,3.72,3.87
LFMD,2023-08-31,3.99,3.99,3.77,3.86
LFMD,2023-09-01,4.04,4.31,3.965,4.25
LFMD,2023-09-05,4.26,4.87,4.16,4.65
LFMD,2023-09-06,4.65,4.67,4.27,4.39
LFMD,2023-09-07,4.32,4.86,4.28,4.71
LFMD,2023-09-08,4.73,4.78,4.3041,4.37
LFMD,2023-09-11,4.38,4.75,4.38,4.69
LFMD,2023-09-12,4.64,5.0397,4.64,4.72
LFMD,2023-09-13,4.65,4.96,4.52,4.7
LFMD,2023-09-14,4.73,4.92,4.58,4.86
LFMD,2023-09-15,4.83,5.02,4.59,4.85
LFMD,2023-09-18,4.83,4.83,4.41,4.52
LFMD,2023-09-19,4.5,4.65,4.21,4.41
LFMD,2023-09-20,4.42,4.48,4.28,4.31
LFMD,2023-09-21,4.26,4.52,4.25,4.3
LFMD,2023-09-22,4.31,4.41,4.05,4.3
LFMD,2023-09-25,4.26,4.94,4.26,4.83
LFMD,2023-09-26,4.75,5.66,4.75,5.43
LFMD,2023-09-27,5.44,5.62,5.03,5.5
LFMD,2023-09-28,5.5,5.9195,5.34,5.89
LFMD,2023-09-29,5.96,6.26,5.75,6.25
LFMD,2023-10-02,6.25,6.5,6.01,6.26
LFMD,2023-10-03,6.25,6.86,5.66,5.96
LFMD,2023-10-04,6.02,6.1756,5.77,6.06
LFMD,2023-10-05,6.09,6.54,6.03,6.45
LFMD,2023-10-06,6.38,6.63,6.25,6.5
LFMD,2023-10-09,6.41,6.73,6.16,6.62
LFMD,2023-10-10,6.57,6.73,6.31,6.35
LFMD,2023-10-11,6.35,6.75,6.3,6.49
LFMD,2023-10-12,6.55,6.97,6.41,6.75
LFMD,2023-10-13,6.84,7.4,6.55,6.7
LFMD,2023-10-16,6.85,7.05,6.34,6.78
LFMD,2023-10-17,6.73,7.08,6.62,6.77
LFMD,2023-10-18,6.66,6.81,6.23,6.28
LFMD,2023-10-19,6.26,6.355,6.12,6.3
LFMD,2023-10-20,6.3,6.51,6.2278,6.41
LFMD,2023-10-23,6.31,6.84,5.97,6.67
LFMD,2023-10-24,7.07,7.23,6.64,6.87
LFMD,2023-10-25,6.82,6.98,6.5,6.58
LFMD,2023-10-26,6.51,6.68,6.02,6.4
LFMD,2023-10-27,6.43,6.61,6.28,6.32
LFMD,2023-10-30,6.34,6.49,6.07,6.19
LFMD,2023-10-31,6.16,6.36,6.0312,6.26
LFMD,2023-11-01,6.26,6.4,6.2,6.38
LFMD,2023-11-02,6.45,7.17,6.44,6.84
LFMD,2023-11-03,6.92,7.25,6.92,7.11
LFMD,2023-11-06,7.15,7.37,6.89,7.31
LFMD,2023-11-07,7.28,7.77,7.12,7.2
LFMD,2023-11-08,7.24,7.54,7.05,7.16
LFMD,2023-11-09,7.39,7.45,6.2,6.81
LFMD,2023-11-10,6.79,6.9359,6.67,6.88
LFMD,2023-11-13,6.88,7.11,6.605,7.1
LFMD,2023-11-14,7.28,7.65,7.15,7.22
LFMD,2023-11-15,7.24,7.63,7.19,7.53
LFMD,2023-11-16,7.51,7.7,7.31,7.4
LFMD,2023-11-17,7.4,7.54,7.2,7.2
LFMD,2023-11-20,7.165,7.29,6.93,7.1
LFMD,2023-11-21,7.06,7.19,6.83,7.0
LFMD,2023-11-22,7.08,7.08,6.85,6.89
LFMD,2023-11-24,6.83,6.96,6.69,6.72
LFMD,2023-11-27,6.7,6.99,6.64,6.93
LFMD,2023-11-28,6.93,7.06,6.82,6.87
LFMD,2023-11-29,6.92,7.59,6.92,7.19
LFMD,2023-11-30,7.4,7.95,7.4,7.7
LFMD,2023-12-01,7.69,8.18,7.59,7.76
LFMD,2023-12-04,7.75,8.22,7.75,8.17
LFMD,2023-12-05,8.21,8.34,7.915,8.06
LFMD,2023-12-06,8.06,8.2,7.9,7.97
LFMD,2023-12-07,7.97,8.39,7.83,8.28
LFMD,2023-12-08,8.28,8.5,8.1753,8.39
LFMD,2023-12-11,8.38,8.41,7.89,7.96
LFMD,2023-12-12,7.88,8.17,7.59,8.1
LFMD,2023-12-13,9.05,9.11,7.2101,7.58
LFMD,2023-12-14,7.8,8.15,7.37,8.04
LFMD,2023-12-15,8.08,8.08,7.51,7.82
LFMD,2023-12-18,7.85,7.98,7.65,7.74
LFMD,2023-12-19,7.81,7.9817,7.65,7.9
LFMD,2023-12-20,7.84,8.3375,7.82,8.0
LFMD,2023-12-21,8.09,8.3548,7.95,8.33
LFMD,2023-12-22,8.5,8.93,8.38,8.58
LFMD,2023-12-26,8.58,8.78,8.18,8.52
LFMD,2023-12-27,8.66,8.89,8.495,8.56
LFMD,2023-12-28,8.53,8.74,8.31,8.33
LFMD,2023-12-29,8.33,8.53,8.1306,8.29
LFMD,2024-01-02,8.13,8.46,8.09,8.43
LFMD,2024-01-03,8.39,8.43,7.68,7.77
LFMD,2024-01-04,6.96,6.966,5.0,5.28
LFMD,2024-01-05,5.55,5.85,5.26,5.45
LFMD,2024-01-08,6.1,6.1,5.68,5.83
LFMD,2024-01-09,5.69,6.006,5.55,5.92
LFMD,2024-01-10,5.93,5.98,5.61,5.67
LFMD,2024-01-11,5.85,6.1289,5.62,6.04
LFMD,2024-01-12,6.1,6.48,6.0,6.16
LFMD,2024-01-16,6.15,6.35,5.84,5.9
LFMD,2024-01-17,5.73,6.025,5.6904,5.94
LFMD,2024-01-18,5.97,6.08,5.8401,6.0
LFMD,2024-01-19,5.98,6.09,5.82,6.02
LFMD,2024-01-22,6.05,6.1532,5.904,6.08
LFMD,2024-01-23,5.96,6.185,5.96,6.16
LFMD,2024-01-24,6.21,6.3,6.045,6.08
LFMD,2024-01-25,6.06,6.24,5.79,5.94
LFMD,2024-01-26,5.94,6.03,5.855,5.87
LFMD,2024-01-29,5.77,5.92,5.58,5.87
LFMD,2024-01-30,5.83,5.89,5.46,5.56
LFMD,2024-01-31,5.51,5.84,5.5,5.59
LFMD,2024-02-01,5.62,5.8318,5.6,5.8
LFMD,2024-02-02,5.77,5.83,5.5329,5.69
LFMD,2024-02-05,5.62,5.6724,5.51,5.64
LFMD,2024-02-06,5.65,6.0,5.65,5.98
LFMD,2024-02-07,6.01,6.01,5.69,5.71
LFMD,2024-02-08,5.71,5.86,5.665,5.79
LFMD,2024-02-09,5.82,6.02,5.75,5.93
LFMD,2024-02-12,5.93,6.23,5.93,6.12
LFMD,2024-02-13,5.88,6.23,5.68,6.0
LFMD,2024-02-14,6.04,6.83,6.04,6.67
LFMD,2024-02-15,6.72,7.0,6.62,7.0
LFMD,2024-02-16,6.94,7.2,6.87,7.09
LFMD,2024-02-20,7.0,7.28,6.9391,7.19
LFMD,2024-02-21,7.1,7.2,6.87,7.12
LFMD,2024-02-22,7.17,7.35,6.64,6.7
LFMD,2024-02-23,6.71,7.39,6.6201,7.35
LFMD,2024-02-26,7.34,7.87,7.28,7.77
LFMD,2024-02-27,7.86,8.44,7.86,8.27
LFMD,2024-02-28,8.25,8.38,7.93,8.0
LFMD,2024-02-29,8.0,8.14,7.76,7.96
LFMD,2024-03-01,7.99,8.12,7.87,8.0
LFMD,2024-03-04,8.0,8.05,7.53,7.54
LFMD,2024-03-05,7.47,7.63,7.09,7.56
LFMD,2024-03-06,7.62,8.0,7.62,7.78
LFMD,2024-03-07,7.79,7.99,7.58,7.9
LFMD,2024-03-08,7.92,8.34,7.9,8.0
LFMD,2024-03-11,8.09,8.12,7.8,7.95
LFMD,2024-03-12,8.25,8.75,7.4,8.38
LFMD,2024-03-13,8.42,9.02,8.35,8.9
LFMD,2024-03-14,9.04,10.18,9.0,9.77
LFMD,2024-03-15,9.81,10.28,9.62,10.08
LFMD,2024-03-18,10.14,11.055,10.02,10.84
LFMD,2024-03-19,10.77,10.99,10.11,10.87
LFMD,2024-03-20,10.88,11.57,10.6,11.53
LFMD,2024-03-21,11.63,12.01,11.13,11.24
LFMD,2024-03-22,11.23,11.51,10.92,11.14
LFMD,2024-03-25,11.26,11.315,10.55,10.6
LFMD,2024-03-26,10.6,11.165,10.51,11.06
LFMD,2024-03-27,11.11,11.11,10.13,10.18
LFMD,2024-03-28,10.2,10.52,10.129,10.28
LFMD,2024-04-01,10.3,10.62,9.98,10.2
LFMD,2024-04-02,10.08,10.13,9.73,9.9
LFMD,2024-04-03,9.86,10.24,9.84,10.13
LFMD,2024-04-04,10.17,10.8499,9.64,9.67
LFMD,2024-04-05,9.77,9.955,9.38,9.58
LFMD,2024-04-08,9.66,10.15,9.6,10.0
LFMD,2024-04-09,10.03,10.3,9.93,10.27
LFMD,2024-04-10,10.04,10.22,9.68,9.86
LFMD,2024-04-11,9.83,10.29,9.6,10.22
LFMD,2024-04-12,10.14,10.25,9.22,9.66
LFMD,2024-04-15,9.65,10.05,9.475,9.61
LFMD,2024-04-16,9.58,10.0,9.45,9.92
LFMD,2024-04-17,9.96,10.1,9.85,9.87
LFMD,2024-04-18,9.85,10.5,9.6456,10.21
LFMD,2024-04-19,10.1,10.25,9.5574,9.7
LFMD,2024-04-22,9.69,10.05,9.69,10.0
LFMD,2024-04-23,10.2,11.07,10.16,10.89
LFMD,2024-04-24,11.02,11.23,10.8001,11.16
LFMD,2024-04-25,10.95,11.05,10.51,10.82
LFMD,2024-04-26,10.87,12.05,10.87,11.95
LFMD,2024-04-29,12.07,12.1,11.51,11.87
LFMD,2024-04-30,11.8,12.4346,11.6501,11.93
LFMD,2024-05-01,11.88,12.0,11.16,11.64
LFMD,2024-05-02,11.87,12.5,11.64,12.49
LFMD,2024-05-03,12.52,12.8,12.245,12.51
LFMD,2024-05-06,12.52,12.73,12.105,12.44
LFMD,2024-05-07,12.51,12.88,12.29,12.38
LFMD,2024-05-08,12.24,12.64,11.8241,12.33
LFMD,2024-05-09,10.695,10.695,9.28,9.3
LFMD,2024-05-10,9.45,9.8299,8.9699,9.32
LFMD,2024-05-13,9.25,9.87,9.24,9.53
LFMD,2024-05-14,9.53,9.8,9.06,9.08
LFMD,2024-05-15,9.12,9.4,8.19,8.31
LFMD,2024-05-16,8.33,8.3899,7.66,7.72
LFMD,2024-05-17,7.77,8.04,7.73,7.77
LFMD,2024-05-20,7.86,7.97,7.53,7.9
LFMD,2024-05-21,7.86,8.04,7.71,7.71
LFMD,2024-05-22,7.7,7.825,7.59,7.79
LFMD,2024-05-23,7.83,7.875,7.61,7.62
LFMD,2024-05-24,7.77,8.0764,7.61,7.84
LFMD,2024-05-28,7.95,8.0,7.71,7.77
LFMD,2024-05-29,7.7,7.99,7.7,7.91
LFMD,2024-05-30,7.9,8.73,7.8538,8.5
LFMD,2024-05-31,8.6,8.92,8.22,8.25
LFMD,2024-06-03,8.28,8.35,7.49,7.53
LFMD,2024-06-04,7.42,7.57,6.95,7.53
LFMD,2024-06-05,7.96,8.24,7.6401,8.22
LFMD,2024-06-06,8.21,8.47,7.79,7.95
LFMD,2024-06-07,7.87,8.2824,7.5,7.54
LFMD,2024-06-10,7.5,8.06,7.36,7.56
LFMD,2024-06-11,7.49,7.93,7.285,7.85
LFMD,2024-06-12,7.96,8.2,7.7258,7.945
LFMD,2024-06-13,8.02,8.42,7.875,8.12
LFMD,2024-06-14,8.0,8.16,7.89,7.92
LFMD,2024-06-17,8.04,8.81,8.0,8.4
LFMD,2024-06-18,8.36,8.6774,7.86,7.87
LFMD,2024-06-20,7.91,7.94,7.1556,7.23
LFMD,2024-06-21,7.2,7.225,6.77,6.96
LFMD,2024-06-24,6.95,7.02,6.76,6.94
LFMD,2024-06-25,6.92,7.11,6.69,6.79
LFMD,2024-06-26,6.79,6.97,6.42,6.95
LFMD,2024-06-27,6.71,7.05,6.635,6.72
LFMD,2024-06-28,6.74,6.9,6.65,6.88
LFMD,2024-07-01,6.88,6.99,6.52,6.8
LFMD,2024-07-02,6.78,6.93,6.59,6.62
LFMD,2024-07-03,6.65,6.825,6.59,6.81
LFMD,2024-07-05,6.76,6.76,6.465,6.575
LFMD,2024-07-08,6.52,6.89,6.52,6.61
LFMD,2024-07-09,6.62,6.63,5.83,6.02
LFMD,2024-07-10,6.15,6.19,5.665,5.82
LFMD,2024-07-11,5.86,6.3,5.852,6.255
LFMD,2024-07-12,6.38,6.43,6.08,6.16
LFMD,2024-07-15,6.24,6.79,6.1203,6.67
LFMD,2024-07-16,6.82,7.06,6.74,6.98
LFMD,2024-07-17,6.75,7.015,6.595,6.75
LFMD,2024-07-18,6.72,6.8492,6.53,6.55
LFMD,2024-07-19,6.58,6.865,6.54,6.55
LFMD,2024-07-22,6.57,6.99,6.48,6.95
LFMD,2024-07-23,6.77,7.15,6.77,7.0
LFMD,2024-07-24,6.92,7.065,6.73,6.78
LFMD,2024-07-25,6.72,7.14,6.72,6.96
LFMD,2024-07-26,7.0499,7.14,6.945,7.02
LFMD,2024-07-29,7.2,7.2,6.72,6.74
LFMD,2024-07-30,6.79,6.88,6.6329,6.86
LFMD,2024-07-31,6.94,7.43,6.88,7.14
LFMD,2024-08-01,7.12,7.29,6.4,6.685
LFMD,2024-08-02,6.3,6.63,6.26,6.6
LFMD,2024-08-05,5.66,6.14,5.66,5.98
LFMD,2024-08-06,5.785,5.785,5.78,5.785
LFMD,2024-08-07,5.84,5.9,5.31,5.37
LFMD,2024-08-08,5.23,5.5,4.71,5.23
LFMD,2024-08-09,5.24,5.6,5.24,5.43
LFMD,2024-08-12,5.44,5.51,5.21,5.46
LFMD,2024-08-13,5.55,5.69,5.33,5.51
LFMD,2024-08-14,5.55,5.67,5.2,5.2
LFMD,2024-08-15,5.35,5.42,5.05,5.075
LFMD,2024-08-16,5.13,5.23,5.0,5.21
LFMD,2024-08-19,5.235,5.42,5.05,5.32
LFMD,2024-08-20,5.29,5.32,5.1,5.2
LFMD,2024-08-21,5.22,5.33,5.13,5.3
LFMD,2024-08-22,5.3,5.335,5.04,5.065
LFMD,2024-08-23,5.26,5.56,5.19,5.45
LFMD,2024-08-26,5.44,5.47,5.3,5.45
LFMD,2024-08-27,5.2,5.29,4.89,4.91
LFMD,2024-08-28,5.09,5.15,4.83,5.135
LFMD,2024-08-29,5.2,5.29,5.04,5.13
LFMD,2024-08-30,5.2699,5.2796,5.09,5.205
LFMD,2024-09-03,5.36,5.36,4.96,5.04
LFMD,2024-09-04,5.0,5.24,4.91,4.99
LFMD,2024-09-05,4.99,5.05,4.89,4.94
LFMD,2024-09-06,4.94,5.01,4.73,4.79
LFMD,2024-09-09,4.865,4.91,4.75,4.81
LFMD,2024-09-10,4.79,4.9884,4.65,4.96
LFMD,2024-09-11,4.97,5.305,4.97,5.28
LFMD,2024-09-12,5.41,5.45,5.13,5.225
LFMD,2024-09-13,5.28,5.6,5.18,5.27
LFMD,2024-09-16,5.28,5.39,5.08,5.13
LFMD,2024-09-17,5.19,5.31,5.14,5.2
LFMD,2024-09-18,5.2,5.45,5.18,5.24
LFMD,2024-09-19,5.41,5.49,5.26,5.285
LFMD,2024-09-20,5.27,5.42,4.91,4.93
LFMD,2024-09-23,4.96,5.14,4.8801,5.12
LFMD,2024-09-24,5.19,5.82,5.05,5.68
LFMD,2024-09-25,5.65,5.7,5.14,5.16
LFMD,2024-09-26,5.27,5.415,5.1,5.21
LFMD,2024-09-27,5.25,5.43,5.165,5.21
LFMD,2024-09-30,5.19,5.35,5.13,5.24
LFMD,2024-10-01,5.19,5.19,5.03,5.08
LFMD,2024-10-02,5.06,5.2,5.01,5.16
LFMD,2024-10-03,5.11,5.13957,4.5801,4.675
LFMD,2024-10-04,4.78,5.03,4.71,4.83
LFMD,2024-10-07,4.85,4.9,4.6718,4.76
LFMD,2024-10-08,4.76,4.89,4.65,4.67
LFMD,2024-10-09,4.65,4.67,4.44,4.45
LFMD,2024-10-10,4.46,4.46,4.1,4.2
LFMD,2024-10-11,4.21,4.5,4.21,4.38
LFMD,2024-10-14,4.41,4.9,4.41,4.64
LFMD,2024-10-15,4.61,4.84,4.46,4.81
LFMD,2024-10-16,4.82,4.91,4.61,4.76
LFMD,2024-10-17,4.75,4.755,4.53,4.58
LFMD,2024-10-18,4.6252,4.79,4.6252,4.68
LFMD,2024-10-21,4.75,4.79,4.47,4.49
LFMD,2024-10-22,4.61,4.61,4.42,4.42
LFMD,2024-10-23,4.39,4.56,4.3,4.39
LFMD,2024-10-24,4.4,4.4,4.22,4.25
LFMD,2024-10-25,4.29,4.47,4.255,4.29
LFMD,2024-10-28,4.37,4.46,4.32,4.395
LFMD,2024-10-29,4.39,4.39,4.26,4.31
LFMD,2024-10-30,4.28,4.34,3.99,4.135
LFMD,2024-10-31,4.17,4.24,4.03,4.08
LFMD,2024-11-01,4.09,4.38,4.09,4.32
LFMD,2024-11-04,4.29,4.5,4.222,4.38
LFMD,2024-11-05,4.39,4.49,4.2,4.46
LFMD,2024-11-06,4.73,5.095,4.6,5.06
LFMD,2024-11-07,4.8939,5.19,4.84,5.13
LFMD,2024-11-08,5.44,6.14,5.37,5.87
LFMD,2024-11-11,6.12,7.43,6.05,7.1
LFMD,2024-11-12,7.04,7.31,6.78,7.17
LFMD,2024-11-13,7.29,7.52,6.91,6.995
LFMD,2024-11-14,6.7,6.9,5.96,5.97
LFMD,2024-11-15,5.95,6.15,5.425,5.485
LFMD,2024-11-18,5.45,5.53,5.24,5.26
LFMD,2024-11-19,5.24,5.605,5.21,5.56
LFMD,2024-11-20,5.54,5.71,5.37,5.42
LFMD,2024-11-21,5.47,5.77,5.4,5.69
LFMD,2024-11-22,5.78,5.96,5.66,5.8
LFMD,2024-11-25,5.91,6.58,5.83,6.47
LFMD,2024-11-26,6.43,6.6795,6.04,6.34
LFMD,2024-11-27,6.43,6.9,6.3,6.36
LFMD,2024-11-29,6.43,6.75,6.32,6.59
LFMD,2024-12-02,6.6,6.68,6.38,6.54
LFMD,2024-12-03,6.46,6.52,6.045,6.16
LFMD,2024-12-04,6.18,6.22,5.67,6.04
LFMD,2024-12-05,6.0,6.14,5.43,5.47
LFMD,2024-12-06,5.48,5.605,5.3805,5.58
LFMD,2024-12-09,5.7459,6.2,5.7459,5.9
LFMD,2025-01-27,5.03,5.35,5.015,5.15
LFMD,2025-01-28,5.2,5.5,5.0855,5.5
LFMD,2025-01-29,5.57,5.93,5.515,5.72
LFMD,2025-01-30,5.9,5.96,5.62,5.74
LFMD,2025-01-31,5.74,6.03,5.455,5.57
LFMD,2025-02-03,5.48,6.0,5.325,5.71
LFMD,2025-02-04,5.75,6.34,5.71,6.32
LFMD,2025-02-05,6.45,6.69,6.32,6.38
LFMD,2025-02-06,6.41,6.54,6.13,6.24
LFMD,2025-02-07,6.24,6.84,6.22,6.53
LFMD,2025-02-10,6.75,7.18,6.6,6.89
LFMD,2025-02-11,6.77,6.92,6.29,6.55
LFMD,2025-02-12,6.39,6.93,6.39,6.86
LFMD,2025-02-13,7.0,7.39,6.78,7.27
LFMD,2025-02-14,7.3,7.8,7.15,7.66
LFMD,2025-02-18,7.93,8.54,7.85,8.28
LFMD,2025-02-19,8.26,8.34,7.78,7.975
LFMD,2025-02-20,7.77,7.86,7.13,7.52
LFMD,2025-02-21,7.395,7.55,5.405,5.46
LFMD,2025-02-24,5.535,6.06,5.47,5.715
LFMD,2025-02-25,5.16,5.25,4.86,4.965
LFMD,2025-02-26,5.4,5.4,5.0,5.155
LFMD,2025-02-27,5.25,5.34,4.9,5.035
LFMD,2025-02-28,4.96,5.27,4.84,5.255
LFMD,2025-03-03,5.39,5.45,4.635,4.725
LFMD,2025-03-04,4.65,5.01,4.54,4.855
LFMD,2025-03-05,4.92,5.03,4.8,4.99
LFMD,2025-03-06,4.95,5.2,4.81,4.825
LFMD,2025-03-07,4.67,4.67,4.28,4.67
LFMD,2025-03-10,4.58,4.72,4.125,4.27
LFMD,2025-03-11,5.41,5.81,4.9377,5.57
LFMD,2025-03-12,5.8,6.4399,5.495,5.77
LFMD,2025-03-13,5.75,5.8697,5.44,5.66
LFMD,2025-03-14,5.75,5.96,5.44,5.94
LFMD,2025-03-17,5.9,5.95,5.59,5.71
LFMD,2025-03-18,5.69,5.7789,5.47,5.65
LFMD,2025-03-19,5.68,5.83,5.57,5.72
LFMD,2025-03-20,5.61,6.029,5.5109,5.65
LFMD,2025-03-21,5.52,5.6999,5.4686,5.6
LFMD,2025-03-24,5.77,6.15,5.696,6.1
LFMD,2025-03-25,6.13,6.13,5.8,6.0
LFMD,2025-03-26,5.98,5.995,5.77,5.975
LFMD,2025-03-27,5.92,5.92,5.395,5.6
LFMD,2025-03-28,5.54,5.59,5.33,5.45
LFMD,2025-03-31,5.26,5.49,5.16,5.43
LFMD,2025-04-01,5.4,5.4753,5.19,5.43
LFMD,2025-04-02,5.23,5.64,5.22,5.61
LFMD,2025-04-03,5.23,5.33,5.08,5.33
LFMD,2025-04-04,5.01,5.195,4.75,5.16
LFMD,2025-04-07,4.77,5.19,4.57,4.95
LFMD,2025-04-08,5.25,5.25,4.76,4.815
LFMD,2025-04-09,4.72,5.325,4.575,5.19
LFMD,2025-04-10,5.02,5.09,4.82,4.97
LFMD,2025-04-11,4.95,5.04,4.79,5.03
LFMD,2025-04-14,5.15,5.23,5.0,5.13
LFMD,2025-04-15,5.11,5.24,5.07,5.16
LFMD,2025-04-16,5.1,5.1,4.87,5.03
LFMD,2025-04-17,5.03,5.57,5.03,5.435
LFMD,2025-04-21,5.31,5.41,5.16,5.395
LFMD,2025-04-22,5.49,5.725,5.45,5.65
LFMD,2025-04-23,5.87,6.03,5.76,5.82
LFMD,2025-04-24,5.83,6.08,5.79,6.06
LFMD,2025-04-25,5.94,6.11,5.91,6.09
LFMD,2025-04-28,6.14,6.3,5.97,6.1
LFMD,2025-04-29,8.06,8.69,7.02,8.62
LFMD,2025-04-30,8.335,8.35,7.295,7.365
LFMD,2025-05-01,7.5,7.6199,7.06,7.44
LFMD,2025-05-02,7.44,7.55,7.18,7.25
LFMD,2025-05-05,7.2,7.59,7.11,7.54
LFMD,2025-05-06,7.35,8.0,7.23,7.76
LFMD,2025-05-07,8.1,8.54,7.61,8.01
LFMD,2025-05-08,8.1,8.27,7.8101,8.16
LFMD,2025-05-09,8.17,8.45,7.96,8.26
LFMD,2025-05-12,8.55,8.86,8.43,8.55
LFMD,2025-05-13,8.6216,8.74,8.34,8.52
LFMD,2025-05-14,8.55,9.7,8.55,9.56
LFMD,2025-05-15,9.46,10.02,8.94,9.67
LFMD,2025-05-16,9.7,10.99,9.66,10.72
LFMD,2025-05-19,10.32,10.68,10.235,10.58
LFMD,2025-05-20,10.94,11.18,10.1504,10.64
LFMD,2025-05-21,10.37,11.39,10.3505,10.77
LFMD,2025-05-22,10.478,11.645,10.38,11.5
LFMD,2025-05-23,11.21,11.62,11.11,11.53
LFMD,2025-05-27,11.73,12.19,11.43,11.54
LFMD,2025-05-28,11.53,11.72,11.02,11.47
LFMD,2025-05-29,11.63,12.14,11.22,11.49
LFMD,2025-05-30,11.48,12.31,11.44,12.22
LFMD,2025-06-02,12.18,12.93,11.96,12.85
LFMD,2025-06-03,12.99,13.25,12.6046,12.65
LFMD,2025-06-04,12.7,12.8499,12.29,12.29
LFMD,2025-06-05,11.98,12.56,11.69,12.08
LFMD,2025-06-06,12.25,12.95,11.79,12.721
LFMD,2025-06-09,12.72,12.7284,11.93,12.45
LFMD,2025-06-10,12.53,12.65,11.89,12.16
LFMD,2025-06-11,12.26,12.86,11.905,12.63
LFMD,2025-06-12,12.47,13.15,12.47,12.7
LFMD,2025-06-13,12.375,12.58,12.1,12.46
LFMD,2025-06-16,12.63,13.76,12.5403,13.47
LFMD,2025-06-17,13.54,14.2,13.1,13.58
LFMD,2025-06-18,14.01,15.29,13.855,15.06
LFMD,2025-06-20,15.2,15.34,14.56,14.76
LFMD,2025-06-23,15.39,15.84,14.13,14.3
LFMD,2025-06-24,14.42,14.6123,13.88,14.05
LFMD,2025-06-25,14.05,14.165,12.76,12.84
LFMD,2025-06-26,12.9,13.64,12.46,13.54
LFMD,2025-06-27,13.52,13.78,13.1,13.75
LFMD,2025-06-30,14.08,14.43,13.6,13.61
LFMD,2025-07-01,13.56,13.625,12.97,13.11
LFMD,2025-07-02,13.23,13.23,12.87,12.915
LFMD,2025-07-03,12.97,13.09,12.24,12.5
LFMD,2025-07-07,12.41,12.66,11.99,12.2
LFMD,2025-07-08,12.2,12.295,11.63,11.97
LFMD,2025-07-09,12.11,12.268,11.78,11.78
LFMD,2025-07-10,12.12,12.125,11.51,11.96
LFMD,2025-07-11,11.26,11.26,11.225,11.26
LFMD,2025-07-14,11.26,11.41,11.0504,11.32
LFMD,2025-07-15,11.37,11.58,10.85,10.94
LFMD,2025-07-16,11.0,11.4165,10.68,11.32
LFMD,2025-07-17,11.25,11.47,11.05,11.1
LFMD,2025-07-18,11.25,11.31,10.55,10.55
LFMD,2025-07-21,10.59,10.6823,10.3787,10.42
LFMD,2025-07-22,10.42,10.55,10.25,10.36
LFMD,2025-07-23,10.36,10.95,10.18,10.85
LFMD,2025-07-24,11.05,11.05,10.54,10.67
LFMD,2025-07-25,10.71,10.71,10.508,10.69
LFMD,2025-07-28,10.89,10.98,10.535,10.87
LFMD,2025-07-29,10.85,10.85,10.14,10.2
LFMD,2025-07-30,10.28,10.4,9.95,10.09
LFMD,2025-07-31,10.06,11.01,10.0104,10.41
LFMD,2025-08-01,10.14,10.23,9.805,9.93
LFMD,2025-08-04,10.42,12.5,10.32,12.35
LFMD,2025-08-05,12.56,12.72,11.76,11.84
LFMD,2025-08-06,7.5,7.95,6.25,6.53
LFMD,2025-08-07,6.63,6.96,6.4712,6.61
LFMD,2025-08-08,6.67,7.1,6.6537,6.82
LFMD,2025-08-11,6.97,7.163,6.65,6.72
LFMD,2025-08-12,6.72,6.99,6.4423,6.83
LFMD,2025-08-13,6.76,6.89,6.6,6.879
LFMD,2025-08-14,6.735,6.77,6.415,6.6
LFMD,2025-08-15,6.61,6.68,6.39,6.43
LFMD,2025-08-18,6.4,6.6893,6.32,6.515
LFMD,2025-08-19,6.5,6.51,6.07,6.11
LFMD,2025-08-20,6.07,6.4299,5.95,6.19
LFMD,2025-08-21,6.14,6.335,6.11,6.29
LFMD,2025-08-22,6.25,6.52,6.11,6.33
LFMD,2025-08-25,6.35,6.48,6.165,6.19
LFMD,2025-08-26,6.18,6.52,6.17,6.5
LFMD,2025-08-27,6.51,6.54,6.36,6.41
LFMD,2025-08-28,6.49,6.53,6.32,6.46
LFMD,2025-08-29,6.48,6.48,6.18,6.19
LFMD,2025-09-02,6.09,6.32,6.01,6.17
LFMD,2025-09-03,6.15,6.4,6.1,6.1
LFMD,2025-09-04,6.1,6.34,6.07,6.28
LFMD,2025-09-05,6.33,6.36,6.01,6.06
LFMD,2025-09-08,6.06,6.19,6.032,6.15
LFMD,2025-09-09,6.1,6.1552,5.92,6.08
LFMD,2025-09-10,6.15,6.16,5.87,5.95
LFMD,2025-09-11,5.93,6.04,5.87,5.89
LFMD,2025-09-12,5.85,5.865,5.65,5.8
LFMD,2025-09-15,5.81,5.9,5.76,5.83
LFMD,2025-09-16,5.86,6.1,5.775,6.01
LFMD,2025-09-17,5.99,6.25,5.985,6.08
LFMD,2025-09-18,6.12,6.5684,6.102,6.43
LFMD,2025-09-19,6.48,6.535,6.35,6.355
LFMD,2025-09-22,6.36,6.6,6.27,6.55
LFMD,2025-09-23,6.58,6.67,6.31,6.32
LFMD,2025-09-24,6.37,6.495,6.305,6.4
LFMD,2025-09-25,6.3,6.3,6.09,6.22
LFMD,2025-09-26,6.21,6.57,6.18,6.43
LFMD,2025-09-29,6.46,6.48,6.33,6.44
LFMD,2025-09-30,6.59,6.99,6.46,6.795
LFMD,2025-10-01,6.75,6.83,6.42,6.75
LFMD,2025-10-02,6.8,6.925,6.72,6.92
LFMD,2025-10-03,6.96,7.32,6.92,6.97
LFMD,2025-10-06,7.08,7.12,6.87,6.94
LFMD,2025-10-07,6.94,6.9887,6.45,6.63
LFMD,2025-10-08,6.67,6.825,6.6005,6.64
LFMD,2025-10-09,6.66,6.685,6.42,6.535
LFMD,2025-10-10,6.56,6.675,6.145,6.17
LFMD,2025-10-13,6.25,6.28,6.055,6.15
LFMD,2025-10-14,6.06,6.44,6.0431,6.345
LFMD,2025-10-15,6.32,6.44,6.17,6.43
LFMD,2025-10-16,6.45,6.53,6.2,6.43
LFMD,2025-10-17,6.25,6.385,6.05,6.08
LFMD,2025-10-20,6.18,6.28,6.12,6.22
LFMD,2025-10-21,6.19,6.27,6.07,6.17
LFMD,2025-10-22,6.1,6.22,5.965,6.15
LFMD,2025-10-23,6.2,6.285,6.16,6.23
LFMD,2025-10-24,6.36,6.435,6.28,6.3
LFMD,2025-10-27,6.35,6.42,6.13,6.14
LFMD,2025-10-28,6.15,6.24,6.11,6.15
LFMD,2025-10-29,6.16,6.195,6.005,6.12
LFMD,2025-10-30,6.02,6.09,5.76,5.81
LFMD,2025-10-31,5.82,6.03,5.8,5.91
LFMD,2025-11-03,5.96,5.96,5.69,5.75
LFMD,2025-11-04,5.62,5.69,5.385,5.42
LFMD,2025-11-05,5.44,5.73,5.42,5.63
LFMD,2025-11-06,5.55,5.55,5.23,5.26
LFMD,2025-11-07,5.2,5.3,4.93,5.24
LFMD,2025-11-10,5.37,5.4395,5.11,5.13
LFMD,2025-11-11,5.13,5.14,4.965,5.06
LFMD,2025-11-12,5.11,5.17,5.005,5.06
LFMD,2025-11-13,5.0,5.08,4.605,4.62
LFMD,2025-11-14,4.5,4.755,4.485,4.63
LFMD,2025-11-17,4.9,4.97,4.51,4.73
LFMD,2025-11-18,3.48,4.11,3.43,4.08
LFMD,2025-11-19,4.09,4.21,3.88,3.99
LFMD,2025-11-20,4.09,4.155,3.68,3.71
LFMD,2025-11-21,3.71,3.885,3.6201,3.855
LFMD,2025-11-24,3.91,4.055,3.91,3.965
LFMD,2025-11-25,3.97,4.04,3.9,3.93
LFMD,2025-11-26,3.97,3.97,3.78,3.83
LFMD,2025-11-28,3.86,3.935,3.79,3.83
LFMD,2025-12-01,3.73,3.73,3.555,3.57
LFMD,2025-12-02,3.62,3.62,3.4601,3.56
LFMD,2025-12-03,3.56,3.72,3.425,3.72
LFMD,2025-12-04,3.74,3.84,3.645,3.73
LFMD,2025-12-05,3.75,3.75,3.47,3.5
LFMD,2025-12-08,3.51,3.68,3.5,3.635
LFMD,2025-12-09,3.63,3.63,3.57,3.63
LFMD,2025-12-10,3.63,3.66,3.55,3.63
LFMD,2025-12-11,3.6,3.615,3.445,3.46
LFMD,2025-12-12,3.46,3.5,3.32,3.4
