ticker,date,open,high,low,close
SHIP,2008-01-30,1692000.0,1710000.0,1692000.0,1697400.0
SHIP,2008-01-31,1701000.0,1710000.0,1701000.0,1710000.0
SHIP,2008-02-01,1695600.0,1701000.0,1695600.0,1701000.0
SHIP,2008-02-04,1688400.0,1688400.0,1683000.0,1688400.0
SHIP,2008-02-05,1701000.0,1701000.0,1674000.0,1674000.0
SHIP,2008-02-06,1677600.0,1677600.0,1677600.0,1677600.0
SHIP,2008-02-07,1686600.0,1708200.0,1683000.0,1683000.0
SHIP,2008-02-08,1674000.0,1701000.0,1674000.0,1692000.0
SHIP,2008-02-11,1692000.0,1701000.0,1692000.0,1692000.0
SHIP,2008-02-12,1679400.0,1701000.0,1679400.0,1684800.0
SHIP,2008-02-13,1681200.0,1699200.0,1681200.0,1699200.0
SHIP,2008-02-14,1701000.0,1701000.0,1701000.0,1701000.0
SHIP,2008-02-15,1692000.0,1692000.0,1683000.0,1692000.0
SHIP,2008-02-19,1674000.0,1701000.0,1674000.0,1674000.0
SHIP,2008-02-20,1688400.0,1701000.0,1688400.0,1688400.0
SHIP,2008-02-21,1726200.0,1726200.0,1701000.0,1701000.0
SHIP,2008-02-22,1697400.0,1697400.0,1697400.0,1697400.0
SHIP,2008-02-25,1692000.0,1699200.0,1688400.0,1688400.0
SHIP,2008-02-26,1683000.0,1699200.0,1683000.0,1699200.0
SHIP,2008-02-27,1688400.0,1699200.0,1688400.0,1699200.0
SHIP,2008-02-28,1690200.0,1690200.0,1690200.0,1690200.0
SHIP,2008-02-29,1690200.0,1702800.0,1688400.0,1702800.0
SHIP,2008-03-03,1693800.0,1693800.0,1688400.0,1688400.0
SHIP,2008-03-04,1701000.0,1701000.0,1692000.0,1693800.0
SHIP,2008-03-05,1688400.0,1688400.0,1688400.0,1688400.0
SHIP,2008-03-06,1701000.0,1701000.0,1688400.0,1688400.0
SHIP,2008-03-07,1690200.0,1699200.0,1688400.0,1699200.0
SHIP,2008-03-10,1701000.0,1701000.0,1674000.0,1690200.0
SHIP,2008-03-11,1688400.0,1688400.0,1674000.0,1688400.0
SHIP,2008-03-12,1681200.0,1681200.0,1681200.0,1681200.0
SHIP,2008-03-13,1684800.0,1692000.0,1677600.0,1692000.0
SHIP,2008-03-14,1674000.0,1688400.0,1657800.0,1661400.0
SHIP,2008-03-17,1641600.0,1670400.0,1641600.0,1657800.0
SHIP,2008-03-18,1672200.0,1674000.0,1657800.0,1661400.0
SHIP,2008-03-19,1663200.0,1668600.0,1661400.0,1668600.0
SHIP,2008-03-20,1665000.0,1674000.0,1665000.0,1674000.0
SHIP,2008-03-24,1665000.0,1690200.0,1656000.0,1675800.0
SHIP,2008-03-25,1674000.0,1683000.0,1657800.0,1681200.0
SHIP,2008-03-26,1681200.0,1683000.0,1681200.0,1683000.0
SHIP,2008-03-27,1683000.0,1683000.0,1681200.0,1681200.0
SHIP,2008-03-28,1699200.0,1699200.0,1675800.0,1683000.0
SHIP,2008-03-31,1675800.0,1699200.0,1656000.0,1699200.0
SHIP,2008-04-01,1710000.0,1710000.0,1681200.0,1690200.0
SHIP,2008-04-02,1677600.0,1679400.0,1675800.0,1675800.0
SHIP,2008-04-03,1679400.0,1681200.0,1679400.0,1681200.0
SHIP,2008-04-04,1675800.0,1690200.0,1666800.0,1690200.0
SHIP,2008-04-07,1670400.0,1683000.0,1670400.0,1683000.0
SHIP,2008-04-08,1699200.0,1699200.0,1695600.0,1697400.0
SHIP,2008-04-09,1684800.0,1699200.0,1684800.0,1697400.0
SHIP,2008-04-10,1688400.0,1695600.0,1683000.0,1695600.0
SHIP,2008-04-11,1684800.0,1695600.0,1684800.0,1695600.0
SHIP,2008-04-14,1695600.0,1695600.0,1695600.0,1695600.0
SHIP,2008-04-15,1695600.0,1695600.0,1695600.0,1695600.0
SHIP,2008-04-16,1697400.0,1697400.0,1697400.0,1697400.0
SHIP,2008-04-17,1699200.0,1699200.0,1693800.0,1693800.0
SHIP,2008-04-18,1699200.0,1699200.0,1693800.0,1693800.0
SHIP,2008-04-21,1686600.0,1686600.0,1686600.0,1686600.0
SHIP,2008-04-22,1686600.0,1686600.0,1675800.0,1675800.0
SHIP,2008-04-23,1686600.0,1692000.0,1686600.0,1692000.0
SHIP,2008-04-24,1693800.0,1697400.0,1693800.0,1697400.0
SHIP,2008-04-25,1695600.0,1697400.0,1684800.0,1695600.0
SHIP,2008-04-28,1695600.0,1695600.0,1695600.0,1695600.0
SHIP,2008-04-29,1693800.0,1693800.0,1693800.0,1693800.0
SHIP,2008-04-30,1692000.0,1695600.0,1683000.0,1695600.0
SHIP,2008-05-01,1699200.0,1699200.0,1683000.0,1686600.0
SHIP,2008-05-02,1692000.0,1699200.0,1688400.0,1699200.0
SHIP,2008-05-05,1697400.0,1697400.0,1697400.0,1697400.0
SHIP,2008-05-06,1699200.0,1699200.0,1692000.0,1699200.0
SHIP,2008-05-07,1699200.0,1699200.0,1699200.0,1699200.0
SHIP,2008-05-08,1699200.0,1701000.0,1699200.0,1699200.0
SHIP,2008-05-09,1693800.0,1693800.0,1693800.0,1693800.0
SHIP,2008-05-12,1742400.0,1742400.0,1693800.0,1701000.0
SHIP,2008-05-13,1688400.0,1697400.0,1684800.0,1686600.0
SHIP,2008-05-14,1701000.0,1701000.0,1692000.0,1692000.0
SHIP,2008-05-15,1692000.0,1692000.0,1692000.0,1692000.0
SHIP,2008-05-16,1699200.0,1699200.0,1695600.0,1697400.0
SHIP,2008-05-19,1699200.0,1701000.0,1683000.0,1684800.0
SHIP,2008-05-20,1692000.0,1713600.0,1692000.0,1711800.0
SHIP,2008-05-21,1713600.0,1726200.0,1706400.0,1717200.0
SHIP,2008-05-22,1800000.0,1809000.0,1737000.0,1749600.0
SHIP,2008-05-23,1771200.0,1771200.0,1728000.0,1737000.0
SHIP,2008-05-27,1742400.0,1742400.0,1720800.0,1726200.0
SHIP,2008-05-28,1735200.0,1735200.0,1720800.0,1728000.0
SHIP,2008-05-29,1728000.0,1742400.0,1728000.0,1731600.0
SHIP,2008-05-30,1735200.0,1747800.0,1735200.0,1747800.0
SHIP,2008-06-02,1764000.0,1783800.0,1749600.0,1780200.0
SHIP,2008-06-03,1780200.0,1789200.0,1773000.0,1778400.0
SHIP,2008-06-04,1765800.0,1782000.0,1764000.0,1767600.0
SHIP,2008-06-05,1764000.0,1787400.0,1764000.0,1782000.0
SHIP,2008-06-06,1780200.0,1782000.0,1765800.0,1773000.0
SHIP,2008-06-09,1722600.0,1782000.0,1722600.0,1776600.0
SHIP,2008-06-10,1778400.0,1789200.0,1776600.0,1782000.0
SHIP,2008-06-11,1771200.0,1773000.0,1758600.0,1769400.0
SHIP,2008-06-12,1762200.0,1773000.0,1753200.0,1760400.0
SHIP,2008-06-13,1755000.0,1771200.0,1755000.0,1771200.0
SHIP,2008-06-16,1771200.0,1773000.0,1764000.0,1773000.0
SHIP,2008-06-17,1767600.0,1774800.0,1767600.0,1774800.0
SHIP,2008-06-18,1767600.0,1773000.0,1755000.0,1764000.0
SHIP,2008-06-19,1771200.0,1773000.0,1764000.0,1764000.0
SHIP,2008-06-20,1769400.0,1773000.0,1764000.0,1764000.0
SHIP,2008-06-23,1765800.0,1773000.0,1764000.0,1764000.0
SHIP,2008-06-24,1764000.0,1771200.0,1764000.0,1769400.0
SHIP,2008-06-25,1765800.0,1773000.0,1747800.0,1760400.0
SHIP,2008-06-26,1765800.0,1765800.0,1740600.0,1740600.0
SHIP,2008-06-27,1746000.0,1755000.0,1737000.0,1755000.0
SHIP,2008-06-30,1738800.0,1765800.0,1738800.0,1758600.0
SHIP,2008-07-01,1749600.0,1764000.0,1747800.0,1764000.0
SHIP,2008-07-02,1773000.0,1780200.0,1760400.0,1767600.0
SHIP,2008-07-03,1764000.0,1773000.0,1764000.0,1773000.0
SHIP,2008-07-07,1780200.0,1780200.0,1769400.0,1769400.0
SHIP,2008-07-08,1771200.0,1771200.0,1755000.0,1764000.0
SHIP,2008-07-09,1753200.0,1762200.0,1751400.0,1755000.0
SHIP,2008-07-10,1746000.0,1746000.0,1740600.0,1740600.0
SHIP,2008-07-11,1738800.0,1773000.0,1738800.0,1771200.0
SHIP,2008-07-14,1773000.0,1774800.0,1764000.0,1774800.0
SHIP,2008-07-15,1760400.0,1773000.0,1760400.0,1769400.0
SHIP,2008-07-16,1776600.0,1776600.0,1764000.0,1764000.0
SHIP,2008-07-17,1764000.0,1778400.0,1764000.0,1778400.0
SHIP,2008-07-18,1782000.0,1783800.0,1765800.0,1765800.0
SHIP,2008-07-21,1778400.0,1778400.0,1767600.0,1773000.0
SHIP,2008-07-22,1771200.0,1776600.0,1771200.0,1776600.0
SHIP,2008-07-23,1776600.0,1776600.0,1765800.0,1767600.0
SHIP,2008-07-24,1774800.0,1776600.0,1774800.0,1776600.0
SHIP,2008-07-25,1764000.0,1774800.0,1738800.0,1773000.0
SHIP,2008-07-28,1769400.0,1769400.0,1738800.0,1738800.0
SHIP,2008-07-29,1746000.0,1746000.0,1701000.0,1710000.0
SHIP,2008-07-30,1710000.0,1724400.0,1699200.0,1722600.0
SHIP,2008-07-31,1713600.0,1755000.0,1701000.0,1755000.0
SHIP,2008-08-01,1746000.0,1746000.0,1692000.0,1735200.0
SHIP,2008-08-04,1724400.0,1735200.0,1702800.0,1728000.0
SHIP,2008-08-05,1710000.0,1746000.0,1710000.0,1746000.0
SHIP,2008-08-06,1719000.0,1746000.0,1719000.0,1746000.0
SHIP,2008-08-07,1737000.0,1776600.0,1729800.0,1773000.0
SHIP,2008-08-08,1773000.0,1787400.0,1742400.0,1742400.0
SHIP,2008-08-11,1755000.0,1773000.0,1746000.0,1773000.0
SHIP,2008-08-12,1755000.0,1755000.0,1726200.0,1749600.0
SHIP,2008-08-13,1719000.0,1760400.0,1693800.0,1760400.0
SHIP,2008-08-14,1729800.0,1755000.0,1720800.0,1755000.0
SHIP,2008-08-15,1751400.0,1755000.0,1747800.0,1755000.0
SHIP,2008-08-18,1773000.0,1773000.0,1731600.0,1773000.0
SHIP,2008-08-19,1746000.0,1800000.0,1737000.0,1771200.0
SHIP,2008-08-20,1746000.0,1800000.0,1735200.0,1764000.0
SHIP,2008-08-21,1715400.0,1755000.0,1711800.0,1755000.0
SHIP,2008-08-22,1728000.0,1800000.0,1728000.0,1800000.0
SHIP,2008-08-25,1791000.0,1800000.0,1764000.0,1764000.0
SHIP,2008-08-26,1755000.0,1755000.0,1476000.0,1575000.0
SHIP,2008-08-27,1598400.0,1609200.0,1530000.0,1557000.0
SHIP,2008-08-28,1540800.0,1557000.0,1540800.0,1553400.0
SHIP,2008-08-29,1557000.0,1573200.0,1549800.0,1560600.0
SHIP,2008-09-02,1566000.0,1585800.0,1548000.0,1585800.0
SHIP,2008-09-03,1585800.0,1596600.0,1567800.0,1573200.0
SHIP,2008-09-04,1576800.0,1576800.0,1548000.0,1551600.0
SHIP,2008-09-05,1551600.0,1584000.0,1490400.0,1530000.0
SHIP,2008-09-08,1515600.0,1524600.0,1503000.0,1503000.0
SHIP,2008-09-09,1512000.0,1512000.0,1341000.0,1395000.0
SHIP,2008-09-10,1387800.0,1402200.0,1297800.0,1348200.0
SHIP,2008-09-11,1362600.0,1362600.0,1323000.0,1351800.0
SHIP,2008-09-12,1350000.0,1359000.0,1308600.0,1346400.0
SHIP,2008-09-15,1350000.0,1386000.0,1315800.0,1366200.0
SHIP,2008-09-16,1353600.0,1400400.0,1353600.0,1369800.0
SHIP,2008-09-17,1369800.0,1404000.0,1369800.0,1404000.0
SHIP,2008-09-18,1404000.0,1485000.0,1404000.0,1485000.0
SHIP,2008-09-19,1485000.0,1485000.0,1445400.0,1467000.0
SHIP,2008-09-22,1440000.0,1494000.0,1440000.0,1476000.0
SHIP,2008-09-23,1467000.0,1551600.0,1447200.0,1485000.0
SHIP,2008-09-24,1571400.0,1571400.0,1468800.0,1521000.0
SHIP,2008-09-25,1549800.0,1564200.0,1530000.0,1531800.0
SHIP,2008-09-26,1566000.0,1692000.0,1537200.0,1555200.0
SHIP,2008-09-29,1519200.0,1548000.0,1512000.0,1528200.0
SHIP,2008-09-30,1546200.0,1593000.0,1494000.0,1593000.0
SHIP,2008-10-01,1537200.0,1539000.0,1526400.0,1530000.0
SHIP,2008-10-02,1530000.0,1530000.0,1512000.0,1530000.0
SHIP,2008-10-03,1530000.0,1557000.0,1530000.0,1557000.0
SHIP,2008-10-06,1485000.0,1530000.0,1288800.0,1323000.0
SHIP,2008-10-07,1278000.0,1278000.0,1143000.0,1240200.0
SHIP,2008-10-08,1168200.0,1251000.0,1150200.0,1222200.0
SHIP,2008-10-09,1188000.0,1260000.0,1116000.0,1220400.0
SHIP,2008-10-10,1197000.0,1260000.0,1116000.0,1260000.0
SHIP,2008-10-13,1251000.0,1260000.0,1197000.0,1258200.0
SHIP,2008-10-14,1200600.0,1260000.0,1179000.0,1260000.0
SHIP,2008-10-15,1098000.0,1215000.0,567000.0,1152000.0
SHIP,2008-10-16,1078200.0,1107000.0,945000.0,1107000.0
SHIP,2008-10-17,856800.0,1078200.0,694800.0,1017000.0
SHIP,2008-10-20,855000.0,1035000.0,855000.0,982800.0
SHIP,2008-10-21,982800.0,982800.0,982800.0,982800.0
SHIP,2008-10-22,806400.0,936000.0,675000.0,936000.0
SHIP,2008-10-23,936000.0,936000.0,936000.0,936000.0
SHIP,2008-10-24,813600.0,945000.0,802800.0,927000.0
SHIP,2008-10-27,676800.0,927000.0,676800.0,846000.0
SHIP,2008-10-28,876600.0,900000.0,779400.0,871200.0
SHIP,2008-10-29,793800.0,900000.0,676800.0,779400.0
SHIP,2008-10-30,586800.0,795600.0,586800.0,795600.0
SHIP,2008-10-31,772200.0,882000.0,765000.0,882000.0
SHIP,2008-11-03,909000.0,945000.0,909000.0,945000.0
SHIP,2008-11-04,932400.0,932400.0,858600.0,925200.0
SHIP,2008-11-05,916200.0,918000.0,914400.0,918000.0
SHIP,2008-11-06,941400.0,941400.0,936000.0,941400.0
SHIP,2008-11-07,945000.0,1026000.0,833400.0,1026000.0
SHIP,2008-11-10,990000.0,1062000.0,919800.0,1062000.0
SHIP,2008-11-11,1062000.0,1062000.0,1062000.0,1062000.0
SHIP,2008-11-12,1062000.0,1062000.0,1062000.0,1062000.0
SHIP,2008-11-13,900000.0,990000.0,900000.0,990000.0
SHIP,2008-11-14,923400.0,939600.0,792000.0,937800.0
SHIP,2008-11-17,939600.0,939600.0,939600.0,939600.0
SHIP,2008-11-18,815400.0,1062000.0,765000.0,1062000.0
SHIP,2008-11-19,1044000.0,1044000.0,1035000.0,1035000.0
SHIP,2008-11-20,1024200.0,1024200.0,765000.0,943200.0
SHIP,2008-11-21,954000.0,954000.0,765000.0,936000.0
SHIP,2008-11-24,765000.0,988200.0,765000.0,970200.0
SHIP,2008-11-25,781200.0,945000.0,781200.0,945000.0
SHIP,2008-11-26,770400.0,936000.0,770400.0,936000.0
SHIP,2008-11-28,936000.0,936000.0,936000.0,936000.0
SHIP,2008-12-01,871200.0,927000.0,869400.0,927000.0
SHIP,2008-12-02,846000.0,927000.0,835200.0,927000.0
SHIP,2008-12-03,918000.0,928800.0,766800.0,831600.0
SHIP,2008-12-04,918000.0,918000.0,914400.0,914400.0
SHIP,2008-12-05,914400.0,914400.0,914400.0,914400.0
SHIP,2008-12-08,853200.0,934200.0,765000.0,934200.0
SHIP,2008-12-09,909000.0,1008000.0,802800.0,1008000.0
SHIP,2008-12-10,1008000.0,1008000.0,1008000.0,1008000.0
SHIP,2008-12-11,862200.0,1015200.0,833400.0,1015200.0
SHIP,2008-12-12,871200.0,1080000.0,864000.0,1080000.0
SHIP,2008-12-15,1035000.0,1125000.0,923400.0,1125000.0
SHIP,2008-12-16,1126800.0,1170000.0,1117800.0,1164600.0
SHIP,2008-12-17,1099800.0,1116000.0,1033200.0,1116000.0
SHIP,2008-12-18,1053000.0,1062000.0,1042200.0,1062000.0
SHIP,2008-12-19,1035000.0,1035000.0,1035000.0,1035000.0
SHIP,2008-12-22,1024200.0,1035000.0,945000.0,1035000.0
SHIP,2008-12-23,1026000.0,1033200.0,1026000.0,1033200.0
SHIP,2008-12-24,1033200.0,1033200.0,1033200.0,1033200.0
SHIP,2008-12-26,1033200.0,1033200.0,1033200.0,1033200.0
SHIP,2008-12-29,1033200.0,1033200.0,1033200.0,1033200.0
SHIP,2008-12-30,1024200.0,1024200.0,840600.0,1009800.0
SHIP,2008-12-31,862200.0,966600.0,862200.0,966600.0
SHIP,2009-01-02,954000.0,963000.0,954000.0,963000.0
SHIP,2009-01-05,910800.0,936000.0,873000.0,936000.0
SHIP,2009-01-06,945000.0,945000.0,945000.0,945000.0
SHIP,2009-01-07,898200.0,898200.0,896400.0,898200.0
SHIP,2009-01-08,901800.0,901800.0,901800.0,901800.0
SHIP,2009-01-09,900000.0,900000.0,898200.0,900000.0
SHIP,2009-01-12,900000.0,900000.0,837000.0,900000.0
SHIP,2009-01-13,900000.0,900000.0,900000.0,900000.0
SHIP,2009-01-14,903600.0,903600.0,903600.0,903600.0
SHIP,2009-01-15,900000.0,900000.0,900000.0,900000.0
SHIP,2009-01-16,900000.0,900000.0,900000.0,900000.0
SHIP,2009-01-20,815400.0,900000.0,810000.0,900000.0
SHIP,2009-01-21,900000.0,900000.0,900000.0,900000.0
SHIP,2009-01-22,900000.0,900000.0,900000.0,900000.0
SHIP,2009-01-23,900000.0,900000.0,900000.0,900000.0
SHIP,2009-01-26,837000.0,898200.0,837000.0,898200.0
SHIP,2009-01-27,824400.0,896400.0,824400.0,896400.0
SHIP,2009-01-28,896400.0,896400.0,896400.0,896400.0
SHIP,2009-01-29,896400.0,898200.0,896400.0,898200.0
SHIP,2009-01-30,882000.0,898200.0,882000.0,898200.0
SHIP,2009-02-02,898200.0,898200.0,898200.0,898200.0
SHIP,2009-02-03,887400.0,898200.0,887400.0,898200.0
SHIP,2009-02-04,810000.0,898200.0,810000.0,898200.0
SHIP,2009-02-05,828000.0,828000.0,828000.0,828000.0
SHIP,2009-02-06,889200.0,889200.0,810000.0,873000.0
SHIP,2009-02-09,873000.0,873000.0,873000.0,873000.0
SHIP,2009-02-10,862200.0,882000.0,862200.0,862200.0
SHIP,2009-02-11,725400.0,856800.0,723600.0,723600.0
SHIP,2009-02-12,810000.0,828000.0,747000.0,828000.0
SHIP,2009-02-13,828000.0,828000.0,828000.0,828000.0
SHIP,2009-02-17,732600.0,819000.0,732600.0,819000.0
SHIP,2009-02-18,810000.0,810000.0,810000.0,810000.0
SHIP,2009-02-19,747000.0,756000.0,721800.0,756000.0
SHIP,2009-02-20,721800.0,756000.0,720000.0,756000.0
SHIP,2009-02-23,676800.0,756000.0,676800.0,756000.0
SHIP,2009-02-24,756000.0,756000.0,756000.0,756000.0
SHIP,2009-02-25,756000.0,756000.0,756000.0,756000.0
SHIP,2009-02-26,752400.0,756000.0,752400.0,756000.0
SHIP,2009-02-27,756000.0,756000.0,756000.0,756000.0
SHIP,2009-03-02,756000.0,756000.0,756000.0,756000.0
SHIP,2009-03-03,756000.0,756000.0,756000.0,756000.0
SHIP,2009-03-04,756000.0,756000.0,756000.0,756000.0
SHIP,2009-03-05,756000.0,756000.0,756000.0,756000.0
SHIP,2009-03-06,673200.0,754200.0,673200.0,754200.0
SHIP,2009-03-09,754200.0,754200.0,754200.0,754200.0
SHIP,2009-03-10,754200.0,754200.0,754200.0,754200.0
SHIP,2009-03-11,754200.0,754200.0,754200.0,754200.0
SHIP,2009-03-12,640800.0,756000.0,640800.0,756000.0
SHIP,2009-03-13,642600.0,747000.0,640800.0,747000.0
SHIP,2009-03-16,637200.0,756000.0,588600.0,756000.0
SHIP,2009-03-17,662400.0,662400.0,662400.0,662400.0
SHIP,2009-03-18,712800.0,756000.0,702000.0,720000.0
SHIP,2009-03-19,756000.0,756000.0,756000.0,756000.0
SHIP,2009-03-20,648000.0,756000.0,648000.0,756000.0
SHIP,2009-03-23,747000.0,747000.0,747000.0,747000.0
SHIP,2009-03-24,747000.0,747000.0,747000.0,747000.0
SHIP,2009-03-25,747000.0,747000.0,747000.0,747000.0
SHIP,2009-03-26,747000.0,747000.0,747000.0,747000.0
SHIP,2009-03-27,648000.0,720000.0,648000.0,720000.0
SHIP,2009-03-30,720000.0,720000.0,720000.0,720000.0
SHIP,2009-03-31,687600.0,702000.0,687600.0,687600.0
SHIP,2009-04-01,606600.0,675000.0,606600.0,675000.0
SHIP,2009-04-02,709200.0,709200.0,594000.0,700200.0
SHIP,2009-04-03,612000.0,673200.0,594000.0,673200.0
SHIP,2009-04-06,613800.0,673200.0,576000.0,673200.0
SHIP,2009-04-07,673200.0,673200.0,673200.0,673200.0
SHIP,2009-04-08,583200.0,666000.0,567000.0,666000.0
SHIP,2009-04-09,662400.0,666000.0,662400.0,666000.0
SHIP,2009-04-13,635400.0,653400.0,590400.0,653400.0
SHIP,2009-04-14,664200.0,666000.0,664200.0,666000.0
SHIP,2009-04-15,666000.0,666000.0,567000.0,639000.0
SHIP,2009-04-16,644400.0,644400.0,644400.0,644400.0
SHIP,2009-04-17,644400.0,644400.0,644400.0,644400.0
SHIP,2009-04-20,568800.0,642600.0,540000.0,642600.0
SHIP,2009-04-21,642600.0,642600.0,642600.0,642600.0
SHIP,2009-04-22,608400.0,608400.0,604800.0,608400.0
SHIP,2009-04-23,608400.0,608400.0,608400.0,608400.0
SHIP,2009-04-24,608400.0,608400.0,608400.0,608400.0
SHIP,2009-04-27,540000.0,595800.0,540000.0,592200.0
SHIP,2009-04-28,594000.0,603000.0,594000.0,603000.0
SHIP,2009-04-29,541800.0,585000.0,477000.0,585000.0
SHIP,2009-04-30,594000.0,603000.0,541800.0,603000.0
SHIP,2009-05-01,601200.0,666000.0,540000.0,628200.0
SHIP,2009-05-04,626400.0,754200.0,626400.0,752400.0
SHIP,2009-05-05,738000.0,738000.0,738000.0,738000.0
SHIP,2009-05-06,738000.0,738000.0,738000.0,738000.0
SHIP,2009-05-07,738000.0,738000.0,702000.0,738000.0
SHIP,2009-05-08,684000.0,765000.0,684000.0,765000.0
SHIP,2009-05-11,756000.0,756000.0,756000.0,756000.0
SHIP,2009-05-12,763200.0,763200.0,738000.0,763200.0
SHIP,2009-05-13,763200.0,763200.0,763200.0,763200.0
SHIP,2009-05-14,720000.0,720000.0,594000.0,702000.0
SHIP,2009-05-15,675000.0,675000.0,648000.0,675000.0
SHIP,2009-05-18,718200.0,761400.0,718200.0,761400.0
SHIP,2009-05-19,711000.0,720000.0,649800.0,657000.0
SHIP,2009-05-20,667800.0,716400.0,666000.0,716400.0
SHIP,2009-05-21,648000.0,711000.0,648000.0,711000.0
SHIP,2009-05-22,720000.0,720000.0,720000.0,720000.0
SHIP,2009-05-26,720000.0,720000.0,720000.0,720000.0
SHIP,2009-05-27,720000.0,720000.0,720000.0,720000.0
SHIP,2009-05-28,630000.0,675000.0,588600.0,675000.0
SHIP,2009-05-29,675000.0,675000.0,675000.0,675000.0
SHIP,2009-06-01,657000.0,657000.0,639000.0,639000.0
SHIP,2009-06-02,657000.0,720000.0,657000.0,720000.0
SHIP,2009-06-03,720000.0,792000.0,720000.0,788400.0
SHIP,2009-06-04,790200.0,810000.0,790200.0,810000.0
SHIP,2009-06-05,855000.0,855000.0,765000.0,765000.0
SHIP,2009-06-08,810000.0,810000.0,810000.0,810000.0
SHIP,2009-06-09,720000.0,772200.0,666000.0,772200.0
SHIP,2009-06-10,617400.0,765000.0,617400.0,750600.0
SHIP,2009-06-11,730800.0,734400.0,716400.0,729000.0
SHIP,2009-06-12,777600.0,777600.0,777600.0,777600.0
SHIP,2009-06-15,768600.0,768600.0,768600.0,768600.0
SHIP,2009-06-16,651600.0,745200.0,651600.0,745200.0
SHIP,2009-06-17,653400.0,700200.0,617400.0,700200.0
SHIP,2009-06-18,613800.0,613800.0,613800.0,613800.0
SHIP,2009-06-19,639000.0,639000.0,619200.0,619200.0
SHIP,2009-06-22,619200.0,624600.0,619200.0,622800.0
SHIP,2009-06-23,691200.0,691200.0,691200.0,691200.0
SHIP,2009-06-24,615600.0,676800.0,615600.0,657000.0
SHIP,2009-06-25,666000.0,666000.0,666000.0,666000.0
SHIP,2009-06-26,606600.0,658800.0,606600.0,648000.0
SHIP,2009-06-29,682200.0,682200.0,648000.0,666000.0
SHIP,2009-06-30,648000.0,666000.0,648000.0,664200.0
SHIP,2009-07-01,664200.0,664200.0,664200.0,664200.0
SHIP,2009-07-02,689400.0,765000.0,630000.0,675000.0
SHIP,2009-07-06,756000.0,756000.0,630000.0,709200.0
SHIP,2009-07-07,709200.0,709200.0,709200.0,709200.0
SHIP,2009-07-08,709200.0,709200.0,709200.0,709200.0
SHIP,2009-07-09,709200.0,709200.0,709200.0,709200.0
SHIP,2009-07-10,709200.0,709200.0,709200.0,709200.0
SHIP,2009-07-13,709200.0,711000.0,709200.0,711000.0
SHIP,2009-07-14,711000.0,810000.0,711000.0,756000.0
SHIP,2009-07-15,774000.0,844200.0,756000.0,756000.0
SHIP,2009-07-16,775800.0,790200.0,775800.0,790200.0
SHIP,2009-07-17,790200.0,790200.0,748800.0,779400.0
SHIP,2009-07-20,639000.0,763200.0,639000.0,741600.0
SHIP,2009-07-21,698400.0,698400.0,666000.0,687600.0
SHIP,2009-07-22,705600.0,705600.0,640800.0,640800.0
SHIP,2009-07-23,752400.0,752400.0,635400.0,685800.0
SHIP,2009-07-24,752400.0,752400.0,752400.0,752400.0
SHIP,2009-07-27,752400.0,752400.0,752400.0,752400.0
SHIP,2009-07-28,685800.0,685800.0,534600.0,680400.0
SHIP,2009-07-29,635400.0,680400.0,635400.0,673200.0
SHIP,2009-07-30,673200.0,673200.0,671400.0,673200.0
SHIP,2009-07-31,673200.0,727200.0,673200.0,721800.0
SHIP,2009-08-03,734400.0,734400.0,734400.0,734400.0
SHIP,2009-08-04,734400.0,734400.0,734400.0,734400.0
SHIP,2009-08-05,734400.0,736200.0,734400.0,736200.0
SHIP,2009-08-06,675000.0,716400.0,675000.0,716400.0
SHIP,2009-08-07,676800.0,732600.0,612000.0,730800.0
SHIP,2009-08-10,693000.0,730800.0,648000.0,730800.0
SHIP,2009-08-11,730800.0,730800.0,730800.0,730800.0
SHIP,2009-08-12,730800.0,730800.0,730800.0,730800.0
SHIP,2009-08-13,730800.0,730800.0,730800.0,730800.0
SHIP,2009-08-14,720000.0,730800.0,718200.0,730800.0
SHIP,2009-08-17,730800.0,730800.0,730800.0,730800.0
SHIP,2009-08-18,730800.0,730800.0,730800.0,730800.0
SHIP,2009-08-19,729000.0,729000.0,727200.0,727200.0
SHIP,2009-08-20,720000.0,806400.0,720000.0,804600.0
SHIP,2009-08-21,806400.0,811800.0,766800.0,811800.0
SHIP,2009-08-24,840600.0,840600.0,774000.0,829800.0
SHIP,2009-08-25,855000.0,855000.0,810000.0,837000.0
SHIP,2009-08-26,860400.0,862200.0,824400.0,855000.0
SHIP,2009-08-27,889200.0,889200.0,887400.0,887400.0
SHIP,2009-08-28,837000.0,889200.0,837000.0,889200.0
SHIP,2009-08-31,828000.0,882000.0,828000.0,882000.0
SHIP,2009-09-01,828000.0,885600.0,792000.0,837000.0
SHIP,2009-09-02,837000.0,837000.0,837000.0,837000.0
SHIP,2009-09-03,828000.0,864000.0,828000.0,849600.0
SHIP,2009-09-04,849600.0,849600.0,849600.0,849600.0
SHIP,2009-09-08,837000.0,837000.0,837000.0,837000.0
SHIP,2009-09-09,837000.0,837000.0,837000.0,837000.0
SHIP,2009-09-10,810000.0,810000.0,810000.0,810000.0
SHIP,2009-09-11,810000.0,810000.0,810000.0,810000.0
SHIP,2009-09-14,810000.0,810000.0,739800.0,739800.0
SHIP,2009-09-15,810000.0,810000.0,783000.0,808200.0
SHIP,2009-09-16,810000.0,837000.0,792000.0,810000.0
SHIP,2009-09-17,810000.0,810000.0,741600.0,757800.0
SHIP,2009-09-18,810000.0,810000.0,777600.0,777600.0
SHIP,2009-09-21,777600.0,810000.0,774000.0,792000.0
SHIP,2009-09-22,795600.0,819000.0,795600.0,810000.0
SHIP,2009-09-23,808200.0,808200.0,806400.0,806400.0
SHIP,2009-09-24,810000.0,810000.0,810000.0,810000.0
SHIP,2009-09-25,810000.0,810000.0,810000.0,810000.0
SHIP,2009-09-28,729000.0,864000.0,660600.0,864000.0
SHIP,2009-09-29,691200.0,887400.0,691200.0,783000.0
SHIP,2009-09-30,721800.0,721800.0,721800.0,721800.0
SHIP,2009-10-01,810000.0,810000.0,810000.0,810000.0
SHIP,2009-10-02,810000.0,810000.0,810000.0,810000.0
SHIP,2009-10-05,810000.0,810000.0,810000.0,810000.0
SHIP,2009-10-06,768600.0,768600.0,595800.0,700200.0
SHIP,2009-10-07,671400.0,786600.0,671400.0,718200.0
SHIP,2009-10-08,711000.0,711000.0,711000.0,711000.0
SHIP,2009-10-09,718200.0,718200.0,718200.0,718200.0
SHIP,2009-10-12,720000.0,765000.0,720000.0,738000.0
SHIP,2009-10-13,738000.0,738000.0,738000.0,738000.0
SHIP,2009-10-14,720000.0,720000.0,720000.0,720000.0
SHIP,2009-10-15,653400.0,718200.0,552600.0,711000.0
SHIP,2009-10-16,684000.0,716400.0,675000.0,716400.0
SHIP,2009-10-19,675000.0,712800.0,666000.0,712800.0
SHIP,2009-10-20,709200.0,810000.0,709200.0,756000.0
SHIP,2009-10-21,718200.0,756000.0,707400.0,707400.0
SHIP,2009-10-22,720000.0,754200.0,666000.0,754200.0
SHIP,2009-10-23,754200.0,754200.0,754200.0,754200.0
SHIP,2009-10-26,671400.0,671400.0,664200.0,664200.0
SHIP,2009-10-27,718200.0,727200.0,711000.0,727200.0
SHIP,2009-10-28,727200.0,727200.0,727200.0,727200.0
SHIP,2009-10-29,720000.0,720000.0,720000.0,720000.0
SHIP,2009-10-30,736200.0,736200.0,736200.0,736200.0
SHIP,2009-11-02,736200.0,736200.0,736200.0,736200.0
SHIP,2009-11-03,653400.0,689400.0,648000.0,689400.0
SHIP,2009-11-04,669600.0,669600.0,615600.0,651600.0
SHIP,2009-11-05,545400.0,664200.0,545400.0,633600.0
SHIP,2009-11-06,640800.0,644400.0,585000.0,617400.0
SHIP,2009-11-09,601200.0,682200.0,567000.0,657000.0
SHIP,2009-11-10,583200.0,684000.0,583200.0,684000.0
SHIP,2009-11-11,673200.0,680400.0,673200.0,676800.0
SHIP,2009-11-12,673200.0,693000.0,644400.0,646200.0
SHIP,2009-11-13,630000.0,720000.0,615600.0,675000.0
SHIP,2009-11-16,720000.0,720000.0,667800.0,667800.0
SHIP,2009-11-17,675000.0,720000.0,675000.0,718200.0
SHIP,2009-11-18,673200.0,716400.0,576000.0,594000.0
SHIP,2009-11-19,671400.0,671400.0,612000.0,639000.0
SHIP,2009-11-20,639000.0,639000.0,592200.0,639000.0
SHIP,2009-11-23,637200.0,698400.0,612000.0,612000.0
SHIP,2009-11-24,621000.0,705600.0,621000.0,698400.0
SHIP,2009-11-25,714600.0,714600.0,604800.0,709200.0
SHIP,2009-11-27,581400.0,709200.0,581400.0,705600.0
SHIP,2009-11-30,687600.0,693000.0,630000.0,673200.0
SHIP,2009-12-01,693000.0,693000.0,667800.0,691200.0
SHIP,2009-12-02,682200.0,693000.0,592200.0,612000.0
SHIP,2009-12-03,667800.0,673200.0,621000.0,673200.0
SHIP,2009-12-04,644400.0,738000.0,644400.0,723600.0
SHIP,2009-12-07,783000.0,783000.0,783000.0,783000.0
SHIP,2009-12-08,783000.0,783000.0,783000.0,783000.0
SHIP,2009-12-09,763200.0,763200.0,624600.0,743400.0
SHIP,2009-12-10,756000.0,756000.0,723600.0,754200.0
SHIP,2009-12-11,756000.0,756000.0,723600.0,756000.0
SHIP,2009-12-14,756000.0,756000.0,675000.0,675000.0
SHIP,2009-12-15,675000.0,702000.0,612000.0,702000.0
SHIP,2009-12-16,648000.0,702000.0,622800.0,622800.0
SHIP,2009-12-17,630000.0,630000.0,612000.0,612000.0
SHIP,2009-12-18,640800.0,646200.0,586800.0,586800.0
SHIP,2009-12-21,592200.0,669600.0,585000.0,617400.0
SHIP,2009-12-22,590400.0,626400.0,577800.0,626400.0
SHIP,2009-12-23,581400.0,610200.0,576000.0,604800.0
SHIP,2009-12-24,576000.0,588600.0,567000.0,588600.0
SHIP,2009-12-28,576000.0,610200.0,538200.0,563400.0
SHIP,2009-12-29,563400.0,563400.0,563400.0,563400.0
SHIP,2009-12-30,529200.0,532800.0,525600.0,532800.0
SHIP,2009-12-31,527400.0,531000.0,527400.0,527400.0
SHIP,2010-01-04,531000.0,538200.0,518400.0,538200.0
SHIP,2010-01-05,520200.0,531000.0,513000.0,531000.0
SHIP,2010-01-06,540000.0,540000.0,514800.0,538200.0
SHIP,2010-01-07,531000.0,531000.0,513000.0,513000.0
SHIP,2010-01-08,513000.0,513000.0,504000.0,505800.0
SHIP,2010-01-11,507600.0,507600.0,505800.0,505800.0
SHIP,2010-01-12,504000.0,538200.0,477000.0,477000.0
SHIP,2010-01-13,534600.0,534600.0,469800.0,469800.0
SHIP,2010-01-14,469800.0,496800.0,469800.0,477000.0
SHIP,2010-01-15,486000.0,487800.0,484200.0,484200.0
SHIP,2010-01-19,478800.0,513000.0,450000.0,450000.0
SHIP,2010-01-20,441000.0,482400.0,405000.0,473400.0
SHIP,2010-01-21,509400.0,509400.0,405000.0,419400.0
SHIP,2010-01-22,444600.0,466200.0,423000.0,430200.0
SHIP,2010-01-25,451800.0,451800.0,405000.0,406800.0
SHIP,2010-01-26,396000.0,397800.0,379800.0,383400.0
SHIP,2010-01-27,381600.0,387000.0,329400.0,345600.0
SHIP,2010-01-28,378000.0,378000.0,318600.0,324000.0
SHIP,2010-01-29,225000.0,232200.0,216000.0,216000.0
SHIP,2010-02-01,225000.0,226800.0,216000.0,217800.0
SHIP,2010-02-02,221400.0,239400.0,217800.0,235800.0
SHIP,2010-02-03,243000.0,243000.0,230400.0,237600.0
SHIP,2010-02-04,234000.0,234000.0,221400.0,225000.0
SHIP,2010-02-05,228600.0,228600.0,217800.0,225000.0
SHIP,2010-02-08,217800.0,234000.0,189000.0,199800.0
SHIP,2010-02-09,207000.0,208800.0,194400.0,199800.0
SHIP,2010-02-10,205200.0,205200.0,192600.0,198000.0
SHIP,2010-02-11,198000.0,198000.0,187200.0,189000.0
SHIP,2010-02-12,190800.0,214200.0,190800.0,201600.0
SHIP,2010-02-16,216000.0,216000.0,203400.0,208800.0
SHIP,2010-02-17,208800.0,212400.0,201600.0,208800.0
SHIP,2010-02-18,203400.0,214200.0,203400.0,212400.0
SHIP,2010-02-19,208800.0,208800.0,203400.0,205200.0
SHIP,2010-02-22,216000.0,216000.0,203400.0,203400.0
SHIP,2010-02-23,207000.0,207000.0,199800.0,201600.0
SHIP,2010-02-24,198000.0,203400.0,194400.0,196200.0
SHIP,2010-02-25,196200.0,205200.0,194400.0,205200.0
SHIP,2010-02-26,208800.0,212400.0,201600.0,207000.0
SHIP,2010-03-01,208800.0,208800.0,201600.0,203400.0
SHIP,2010-03-02,207000.0,212400.0,205200.0,212400.0
SHIP,2010-03-03,214200.0,214200.0,205200.0,212400.0
SHIP,2010-03-04,208800.0,216000.0,208800.0,214200.0
SHIP,2010-03-05,216000.0,216000.0,205200.0,214200.0
SHIP,2010-03-08,216000.0,226800.0,208800.0,214200.0
SHIP,2010-03-09,216000.0,216000.0,207000.0,210600.0
SHIP,2010-03-10,214200.0,217800.0,208800.0,216000.0
SHIP,2010-03-11,216000.0,216000.0,210600.0,214200.0
SHIP,2010-03-12,210600.0,216000.0,208800.0,212400.0
SHIP,2010-03-15,212400.0,214200.0,208800.0,214200.0
SHIP,2010-03-16,216000.0,219600.0,208800.0,208800.0
SHIP,2010-03-17,214200.0,216000.0,208800.0,210600.0
SHIP,2010-03-18,210600.0,219600.0,192600.0,210600.0
SHIP,2010-03-19,208800.0,221400.0,207000.0,208800.0
SHIP,2010-03-22,212400.0,217800.0,203400.0,205200.0
SHIP,2010-03-23,210600.0,212400.0,207000.0,207000.0
SHIP,2010-03-24,210600.0,210600.0,201600.0,201600.0
SHIP,2010-03-25,210600.0,210600.0,203400.0,207000.0
SHIP,2010-03-26,205200.0,207000.0,201600.0,203400.0
SHIP,2010-03-29,205200.0,214200.0,203400.0,207000.0
SHIP,2010-03-30,207000.0,214200.0,207000.0,212400.0
SHIP,2010-03-31,212400.0,214200.0,207000.0,208800.0
SHIP,2010-04-01,207000.0,210600.0,207000.0,208800.0
SHIP,2010-04-05,208800.0,212400.0,207000.0,208800.0
SHIP,2010-04-06,210600.0,241200.0,208800.0,235800.0
SHIP,2010-04-07,243000.0,248400.0,228600.0,235800.0
SHIP,2010-04-08,232200.0,235800.0,223200.0,228600.0
SHIP,2010-04-09,230400.0,235800.0,226800.0,230400.0
SHIP,2010-04-12,234000.0,261000.0,234000.0,235800.0
SHIP,2010-04-13,243000.0,250200.0,235800.0,244800.0
SHIP,2010-04-14,250200.0,261000.0,243000.0,253800.0
SHIP,2010-04-15,259200.0,261000.0,244800.0,252000.0
SHIP,2010-04-16,255600.0,261000.0,244800.0,244800.0
SHIP,2010-04-19,244800.0,248400.0,225000.0,241200.0
SHIP,2010-04-20,243000.0,248400.0,234000.0,248400.0
SHIP,2010-04-21,252000.0,252000.0,237600.0,237600.0
SHIP,2010-04-22,234000.0,241200.0,226800.0,234000.0
SHIP,2010-04-23,235800.0,237600.0,228600.0,232200.0
SHIP,2010-04-26,235800.0,248400.0,232200.0,246600.0
SHIP,2010-04-27,246600.0,250200.0,239400.0,239400.0
SHIP,2010-04-28,241200.0,243000.0,230400.0,230400.0
SHIP,2010-04-29,232200.0,246600.0,232200.0,241200.0
SHIP,2010-04-30,243000.0,248400.0,234000.0,237600.0
SHIP,2010-05-03,248400.0,286200.0,244800.0,286200.0
SHIP,2010-05-04,293400.0,306000.0,273600.0,275400.0
SHIP,2010-05-05,226800.0,273600.0,216000.0,257400.0
SHIP,2010-05-06,266400.0,270000.0,225000.0,237600.0
SHIP,2010-05-07,255600.0,257400.0,225000.0,230400.0
SHIP,2010-05-10,252000.0,253800.0,239400.0,252000.0
SHIP,2010-05-11,246600.0,248400.0,235800.0,239400.0
SHIP,2010-05-12,241200.0,252000.0,237600.0,248400.0
SHIP,2010-05-13,244800.0,255600.0,243000.0,252000.0
SHIP,2010-05-14,250200.0,250200.0,232200.0,232200.0
SHIP,2010-05-17,243000.0,244800.0,225000.0,226800.0
SHIP,2010-05-18,237600.0,239400.0,230400.0,232200.0
SHIP,2010-05-19,239400.0,239400.0,219600.0,219600.0
SHIP,2010-05-20,216000.0,216000.0,198000.0,207000.0
SHIP,2010-05-21,198000.0,216000.0,198000.0,210600.0
SHIP,2010-05-24,216000.0,216000.0,203400.0,208800.0
SHIP,2010-05-25,203400.0,208800.0,199800.0,203400.0
SHIP,2010-05-26,208800.0,216000.0,207000.0,212400.0
SHIP,2010-05-27,216000.0,234000.0,210600.0,226800.0
SHIP,2010-05-28,235800.0,237600.0,221400.0,228600.0
SHIP,2010-06-01,228600.0,228600.0,217800.0,226800.0
SHIP,2010-06-02,230400.0,239400.0,230400.0,232200.0
SHIP,2010-06-03,239400.0,241200.0,223200.0,225000.0
SHIP,2010-06-04,223200.0,232200.0,210600.0,214200.0
SHIP,2010-06-07,212400.0,216000.0,192600.0,198000.0
SHIP,2010-06-08,203400.0,203400.0,189000.0,190800.0
SHIP,2010-06-09,194400.0,207000.0,194400.0,196200.0
SHIP,2010-06-10,205200.0,208800.0,201600.0,207000.0
SHIP,2010-06-11,216000.0,223200.0,201600.0,217800.0
SHIP,2010-06-14,225000.0,226800.0,212400.0,219600.0
SHIP,2010-06-15,226800.0,230400.0,225000.0,230400.0
SHIP,2010-06-16,230400.0,230400.0,223200.0,223200.0
SHIP,2010-06-17,230400.0,230400.0,221400.0,225000.0
SHIP,2010-06-18,230400.0,230400.0,219600.0,225000.0
SHIP,2010-06-21,225000.0,232200.0,221400.0,223200.0
SHIP,2010-06-22,225000.0,235800.0,223200.0,228600.0
SHIP,2010-06-23,228600.0,232200.0,219600.0,228600.0
SHIP,2010-06-24,225000.0,228600.0,214200.0,216000.0
SHIP,2010-06-25,216000.0,217800.0,207000.0,216000.0
SHIP,2010-06-28,216000.0,216000.0,207000.0,210600.0
SHIP,2010-06-29,207000.0,207000.0,192600.0,196200.0
SHIP,2010-06-30,225000.0,225000.0,201600.0,207000.0
SHIP,2010-07-01,196200.0,207000.0,190800.0,199800.0
SHIP,2010-07-02,199800.0,221400.0,199800.0,212400.0
SHIP,2010-07-06,216000.0,223200.0,198000.0,208800.0
SHIP,2010-07-07,201600.0,208800.0,201600.0,208800.0
SHIP,2010-07-08,210600.0,210600.0,198000.0,205200.0
SHIP,2010-07-09,205200.0,208800.0,201600.0,205200.0
SHIP,2010-07-12,205200.0,208800.0,199800.0,203400.0
SHIP,2010-07-13,208800.0,208800.0,196200.0,198000.0
SHIP,2010-07-14,205200.0,207000.0,198000.0,201600.0
SHIP,2010-07-15,201600.0,208800.0,198000.0,208800.0
SHIP,2010-07-16,201600.0,208800.0,192600.0,198000.0
SHIP,2010-07-19,196200.0,196200.0,190800.0,190800.0
SHIP,2010-07-20,205200.0,205200.0,190800.0,199800.0
SHIP,2010-07-21,199800.0,203400.0,192600.0,192600.0
SHIP,2010-07-22,194400.0,203400.0,192600.0,201600.0
SHIP,2010-07-23,201600.0,219600.0,198000.0,219600.0
SHIP,2010-07-26,219600.0,228600.0,207000.0,219600.0
SHIP,2010-07-27,223200.0,223200.0,214200.0,217800.0
SHIP,2010-07-28,212400.0,216000.0,208800.0,210600.0
SHIP,2010-07-29,217800.0,217800.0,208800.0,210600.0
SHIP,2010-07-30,208800.0,208800.0,199800.0,208800.0
SHIP,2010-08-02,205200.0,212400.0,201600.0,210600.0
SHIP,2010-08-03,214200.0,214200.0,201600.0,207000.0
SHIP,2010-08-04,205200.0,208800.0,198000.0,201600.0
SHIP,2010-08-05,207000.0,207000.0,199800.0,201600.0
SHIP,2010-08-06,201600.0,203400.0,198000.0,201600.0
SHIP,2010-08-09,203400.0,205200.0,189000.0,192600.0
SHIP,2010-08-10,192600.0,198000.0,190800.0,198000.0
SHIP,2010-08-11,192600.0,198000.0,190800.0,190800.0
SHIP,2010-08-12,190800.0,194400.0,189000.0,189000.0
SHIP,2010-08-13,189000.0,194400.0,189000.0,192600.0
SHIP,2010-08-16,192600.0,199800.0,189000.0,189000.0
SHIP,2010-08-17,192600.0,198000.0,190800.0,194400.0
SHIP,2010-08-18,198000.0,201600.0,190800.0,198000.0
SHIP,2010-08-19,198000.0,198000.0,190800.0,194400.0
SHIP,2010-08-20,194400.0,194400.0,187200.0,187200.0
SHIP,2010-08-23,192600.0,196200.0,189000.0,189000.0
SHIP,2010-08-24,189000.0,190800.0,163800.0,167400.0
SHIP,2010-08-25,165600.0,174600.0,165600.0,165600.0
SHIP,2010-08-26,165600.0,172800.0,163800.0,165600.0
SHIP,2010-08-27,163800.0,174600.0,163800.0,174600.0
SHIP,2010-08-30,174600.0,176400.0,167400.0,169200.0
SHIP,2010-08-31,169200.0,174600.0,169200.0,171000.0
SHIP,2010-09-01,176400.0,176400.0,169200.0,169200.0
SHIP,2010-09-02,172800.0,183600.0,169200.0,180000.0
SHIP,2010-09-03,183600.0,187200.0,176400.0,185400.0
SHIP,2010-09-07,180000.0,180000.0,169200.0,174600.0
SHIP,2010-09-08,174600.0,178200.0,174600.0,178200.0
SHIP,2010-09-09,178200.0,185400.0,172800.0,183600.0
SHIP,2010-09-10,185400.0,187200.0,180000.0,187200.0
SHIP,2010-09-13,189000.0,198000.0,187200.0,189000.0
SHIP,2010-09-14,194400.0,198000.0,190800.0,198000.0
SHIP,2010-09-15,198000.0,198000.0,190800.0,194400.0
SHIP,2010-09-16,198000.0,198000.0,190800.0,190800.0
SHIP,2010-09-17,190800.0,194400.0,190800.0,190800.0
SHIP,2010-09-20,190800.0,194400.0,185400.0,194400.0
SHIP,2010-09-21,194400.0,194400.0,185400.0,192600.0
SHIP,2010-09-22,198000.0,198000.0,180000.0,185400.0
SHIP,2010-09-23,185400.0,185400.0,178200.0,178200.0
SHIP,2010-09-24,180000.0,180000.0,176400.0,178200.0
SHIP,2010-09-27,185400.0,196200.0,180000.0,196200.0
SHIP,2010-09-28,199800.0,199800.0,189000.0,199800.0
SHIP,2010-09-29,199800.0,207000.0,190800.0,205200.0
SHIP,2010-09-30,207000.0,207000.0,194400.0,199800.0
SHIP,2010-10-01,199800.0,199800.0,194400.0,196200.0
SHIP,2010-10-04,199800.0,207000.0,192600.0,207000.0
SHIP,2010-10-05,208800.0,216000.0,201600.0,216000.0
SHIP,2010-10-06,216000.0,228600.0,210600.0,225000.0
SHIP,2010-10-07,225000.0,232200.0,212400.0,225000.0
SHIP,2010-10-08,225000.0,226800.0,219600.0,223200.0
SHIP,2010-10-11,226800.0,226800.0,217800.0,223200.0
SHIP,2010-10-12,223200.0,223200.0,205200.0,217800.0
SHIP,2010-10-13,217800.0,221400.0,216000.0,221400.0
SHIP,2010-10-14,225000.0,225000.0,210600.0,223200.0
SHIP,2010-10-15,225000.0,225000.0,214200.0,221400.0
SHIP,2010-10-18,225000.0,234000.0,219600.0,228600.0
SHIP,2010-10-19,221400.0,228600.0,210600.0,219600.0
SHIP,2010-10-20,216000.0,228600.0,212400.0,225000.0
SHIP,2010-10-21,219600.0,225000.0,214200.0,221400.0
SHIP,2010-10-22,221400.0,225000.0,216000.0,225000.0
SHIP,2010-10-25,226800.0,234000.0,219600.0,234000.0
SHIP,2010-10-26,232200.0,243000.0,225000.0,237600.0
SHIP,2010-10-27,239400.0,239400.0,221400.0,223200.0
SHIP,2010-10-28,232200.0,232200.0,219600.0,221400.0
SHIP,2010-10-29,228600.0,228600.0,210600.0,221400.0
SHIP,2010-11-01,223200.0,225000.0,217800.0,221400.0
SHIP,2010-11-02,225000.0,225000.0,214200.0,219600.0
SHIP,2010-11-03,226800.0,226800.0,216000.0,219600.0
SHIP,2010-11-04,221400.0,221400.0,212400.0,212400.0
SHIP,2010-11-05,210600.0,221400.0,210600.0,216000.0
SHIP,2010-11-08,216000.0,223200.0,214200.0,219600.0
SHIP,2010-11-09,221400.0,221400.0,212400.0,212400.0
SHIP,2010-11-10,212400.0,223200.0,212400.0,221400.0
SHIP,2010-11-11,217800.0,217800.0,207000.0,217800.0
SHIP,2010-11-12,217800.0,219600.0,212400.0,219600.0
SHIP,2010-11-15,221400.0,221400.0,212400.0,219600.0
SHIP,2010-11-16,219600.0,219600.0,207000.0,210600.0
SHIP,2010-11-17,199800.0,201600.0,189000.0,192600.0
SHIP,2010-11-18,194400.0,203400.0,189000.0,199800.0
SHIP,2010-11-19,198000.0,203400.0,190800.0,192600.0
SHIP,2010-11-22,189000.0,201600.0,189000.0,199800.0
SHIP,2010-11-23,190800.0,198000.0,187200.0,187200.0
SHIP,2010-11-24,187200.0,198000.0,183600.0,185400.0
SHIP,2010-11-26,183600.0,185400.0,183600.0,183600.0
SHIP,2010-11-29,190800.0,190800.0,180000.0,183600.0
SHIP,2010-11-30,183600.0,187200.0,176400.0,180000.0
SHIP,2010-12-01,183600.0,185400.0,180000.0,185400.0
SHIP,2010-12-02,185400.0,185400.0,180000.0,181800.0
SHIP,2010-12-03,180000.0,190800.0,180000.0,185400.0
SHIP,2010-12-06,194400.0,196200.0,185400.0,187200.0
SHIP,2010-12-07,189000.0,194400.0,183600.0,183600.0
SHIP,2010-12-08,185400.0,189000.0,181800.0,183600.0
SHIP,2010-12-09,185400.0,185400.0,181800.0,185400.0
SHIP,2010-12-10,187200.0,190800.0,187200.0,190800.0
SHIP,2010-12-13,194400.0,194400.0,185400.0,187200.0
SHIP,2010-12-14,190800.0,192600.0,178200.0,180000.0
SHIP,2010-12-15,180000.0,181800.0,176400.0,176400.0
SHIP,2010-12-16,176400.0,180000.0,174600.0,176400.0
SHIP,2010-12-17,174600.0,183600.0,174600.0,183600.0
SHIP,2010-12-20,180000.0,181800.0,176400.0,180000.0
SHIP,2010-12-21,180000.0,181800.0,172800.0,174600.0
SHIP,2010-12-22,172800.0,176400.0,169200.0,169200.0
SHIP,2010-12-23,169200.0,172800.0,167400.0,167400.0
SHIP,2010-12-27,172800.0,172800.0,163800.0,163800.0
SHIP,2010-12-28,163800.0,167400.0,158400.0,162000.0
SHIP,2010-12-29,162000.0,172800.0,160200.0,169200.0
SHIP,2010-12-30,165600.0,171000.0,165600.0,169200.0
SHIP,2010-12-31,171000.0,171000.0,165600.0,165600.0
SHIP,2011-01-03,171000.0,172800.0,167400.0,172800.0
SHIP,2011-01-04,174600.0,178200.0,171000.0,178200.0
SHIP,2011-01-05,178200.0,185400.0,174600.0,176400.0
SHIP,2011-01-06,174600.0,176400.0,165600.0,165600.0
SHIP,2011-01-07,165600.0,169200.0,162000.0,165600.0
SHIP,2011-01-10,165600.0,169200.0,160200.0,167400.0
SHIP,2011-01-11,169200.0,171000.0,167400.0,169200.0
SHIP,2011-01-12,171000.0,174600.0,169200.0,169200.0
SHIP,2011-01-13,171000.0,171000.0,167400.0,169200.0
SHIP,2011-01-14,172800.0,172800.0,163800.0,171000.0
SHIP,2011-01-18,172800.0,174600.0,171000.0,172800.0
SHIP,2011-01-19,167400.0,171000.0,163800.0,163800.0
SHIP,2011-01-20,163800.0,171000.0,163800.0,167400.0
SHIP,2011-01-21,169200.0,171000.0,162000.0,165600.0
SHIP,2011-01-24,165600.0,169200.0,163800.0,169200.0
SHIP,2011-01-25,163800.0,169200.0,163800.0,165600.0
SHIP,2011-01-26,167400.0,169200.0,165600.0,169200.0
SHIP,2011-01-27,169200.0,169200.0,165600.0,167400.0
SHIP,2011-01-28,165600.0,169200.0,162000.0,163800.0
SHIP,2011-01-31,162000.0,165600.0,156600.0,162000.0
SHIP,2011-02-01,160200.0,160200.0,149400.0,153000.0
SHIP,2011-02-02,153000.0,154800.0,151200.0,151200.0
SHIP,2011-02-03,151200.0,151200.0,149400.0,149400.0
SHIP,2011-02-04,145800.0,147600.0,136800.0,140400.0
SHIP,2011-02-07,147600.0,149400.0,136800.0,145800.0
SHIP,2011-02-08,144000.0,149400.0,142200.0,147600.0
SHIP,2011-02-09,144000.0,149400.0,144000.0,145800.0
SHIP,2011-02-10,145800.0,153000.0,142200.0,147600.0
SHIP,2011-02-11,147600.0,160200.0,145800.0,153000.0
SHIP,2011-02-14,154800.0,158400.0,153000.0,156600.0
SHIP,2011-02-15,158400.0,160200.0,151200.0,160200.0
SHIP,2011-02-16,160200.0,160200.0,154800.0,160200.0
SHIP,2011-02-17,158400.0,158400.0,147600.0,147600.0
SHIP,2011-02-18,147600.0,153000.0,147600.0,151200.0
SHIP,2011-02-22,145800.0,149400.0,144000.0,145800.0
SHIP,2011-02-23,144000.0,147600.0,144000.0,145800.0
SHIP,2011-02-24,144000.0,145800.0,144000.0,144000.0
SHIP,2011-02-25,144000.0,147600.0,142200.0,145800.0
SHIP,2011-02-28,147600.0,147600.0,142200.0,142200.0
SHIP,2011-03-01,142200.0,142200.0,136800.0,138600.0
SHIP,2011-03-02,138600.0,140400.0,131400.0,133200.0
SHIP,2011-03-03,135000.0,138600.0,133200.0,138600.0
SHIP,2011-03-04,140400.0,140400.0,133200.0,136800.0
SHIP,2011-03-07,140400.0,140400.0,131400.0,133200.0
SHIP,2011-03-08,133200.0,135000.0,133200.0,133200.0
SHIP,2011-03-09,138600.0,138600.0,133200.0,133200.0
SHIP,2011-03-10,135000.0,136800.0,133200.0,135000.0
SHIP,2011-03-11,131400.0,135000.0,120600.0,124200.0
SHIP,2011-03-14,126000.0,133200.0,124200.0,126000.0
SHIP,2011-03-15,118800.0,118800.0,108000.0,117000.0
SHIP,2011-03-16,113400.0,122400.0,113400.0,113400.0
SHIP,2011-03-17,113400.0,118800.0,113400.0,113400.0
SHIP,2011-03-18,115200.0,115200.0,111600.0,111600.0
SHIP,2011-03-21,111600.0,118800.0,111600.0,117000.0
SHIP,2011-03-22,117000.0,118800.0,115200.0,117000.0
SHIP,2011-03-23,117000.0,120600.0,115200.0,118800.0
SHIP,2011-03-24,115200.0,120600.0,115200.0,117000.0
SHIP,2011-03-25,115200.0,118800.0,113400.0,113400.0
SHIP,2011-03-28,113400.0,117000.0,113400.0,115200.0
SHIP,2011-03-29,117000.0,117000.0,113400.0,115200.0
SHIP,2011-03-30,118800.0,118800.0,111600.0,113400.0
SHIP,2011-03-31,117000.0,117000.0,108000.0,109800.0
SHIP,2011-04-01,106200.0,117000.0,104400.0,108000.0
SHIP,2011-04-04,108000.0,113400.0,108000.0,111600.0
SHIP,2011-04-05,108000.0,111600.0,100800.0,106200.0
SHIP,2011-04-06,104400.0,111600.0,100800.0,109800.0
SHIP,2011-04-07,106200.0,111600.0,102600.0,109800.0
SHIP,2011-04-08,109800.0,111600.0,104400.0,109800.0
SHIP,2011-04-11,108000.0,111600.0,104400.0,106200.0
SHIP,2011-04-12,104400.0,108000.0,102600.0,104400.0
SHIP,2011-04-13,102600.0,106200.0,100800.0,102600.0
SHIP,2011-04-14,102600.0,108000.0,100800.0,106200.0
SHIP,2011-04-15,102600.0,108000.0,102600.0,102600.0
SHIP,2011-04-18,108000.0,108000.0,100800.0,100800.0
SHIP,2011-04-19,100800.0,106200.0,95400.0,97200.0
SHIP,2011-04-20,95400.0,99000.0,95400.0,97200.0
SHIP,2011-04-21,97200.0,102600.0,95400.0,99000.0
SHIP,2011-04-25,102600.0,108000.0,97200.0,104400.0
SHIP,2011-04-26,104400.0,108000.0,97200.0,97200.0
SHIP,2011-04-27,102600.0,104400.0,95400.0,95400.0
SHIP,2011-04-28,95400.0,100800.0,93600.0,99000.0
SHIP,2011-04-29,99000.0,99000.0,93600.0,97200.0
SHIP,2011-05-02,93600.0,97200.0,90000.0,91800.0
SHIP,2011-05-03,91800.0,97200.0,90000.0,90000.0
SHIP,2011-05-04,91800.0,91800.0,88200.0,88200.0
SHIP,2011-05-05,88200.0,90000.0,81000.0,86400.0
SHIP,2011-05-06,84600.0,84600.0,82800.0,84600.0
SHIP,2011-05-09,82800.0,91800.0,82800.0,86400.0
SHIP,2011-05-10,88200.0,88200.0,82800.0,84600.0
SHIP,2011-05-11,86400.0,86400.0,82800.0,84600.0
SHIP,2011-05-12,86400.0,86400.0,82800.0,86400.0
SHIP,2011-05-13,86400.0,90000.0,82800.0,90000.0
SHIP,2011-05-16,86400.0,86400.0,84600.0,84600.0
SHIP,2011-05-17,84600.0,90000.0,77400.0,84600.0
SHIP,2011-05-18,79200.0,90000.0,79200.0,79200.0
SHIP,2011-05-19,81000.0,82800.0,79200.0,81000.0
SHIP,2011-05-20,79200.0,86400.0,75600.0,75600.0
SHIP,2011-05-23,77400.0,79200.0,75600.0,75600.0
SHIP,2011-05-24,79200.0,79200.0,75600.0,77400.0
SHIP,2011-05-25,77400.0,79200.0,75600.0,77400.0
SHIP,2011-05-26,77400.0,79200.0,77400.0,79200.0
SHIP,2011-05-27,79200.0,79200.0,75600.0,75600.0
SHIP,2011-05-31,75600.0,79200.0,75600.0,77400.0
SHIP,2011-06-01,79200.0,79200.0,73800.0,73800.0
SHIP,2011-06-02,77400.0,79200.0,73800.0,77400.0
SHIP,2011-06-03,73800.0,79200.0,73800.0,77400.0
SHIP,2011-06-06,73800.0,75600.0,73800.0,73800.0
SHIP,2011-06-07,73800.0,75600.0,73800.0,75600.0
SHIP,2011-06-08,79200.0,79200.0,66600.0,68400.0
SHIP,2011-06-09,70200.0,72000.0,63000.0,66600.0
SHIP,2011-06-10,66600.0,68400.0,61200.0,63000.0
SHIP,2011-06-13,61200.0,64800.0,59400.0,59400.0
SHIP,2011-06-14,59400.0,64800.0,57600.0,61200.0
SHIP,2011-06-15,61200.0,63000.0,61200.0,63000.0
SHIP,2011-06-16,59400.0,64800.0,59400.0,63000.0
SHIP,2011-06-17,63000.0,63000.0,59400.0,63000.0
SHIP,2011-06-20,63000.0,63000.0,59400.0,61200.0
SHIP,2011-06-21,61200.0,63000.0,61200.0,61200.0
SHIP,2011-06-22,63000.0,70200.0,63000.0,63000.0
SHIP,2011-06-23,64800.0,64800.0,59400.0,63000.0
SHIP,2011-06-24,63000.0,63000.0,59400.0,59400.0
SHIP,2011-06-27,72000.0,72000.0,72000.0,72000.0
SHIP,2011-06-28,72000.0,72000.0,62400.0,71640.0
SHIP,2011-06-29,71400.0,71400.0,63720.0,70320.0
SHIP,2011-06-30,70800.0,72000.0,70800.0,70800.0
SHIP,2011-07-01,70800.0,70920.0,62520.0,67440.0
SHIP,2011-07-05,62400.0,77400.0,59760.0,61680.0
SHIP,2011-07-06,60000.0,60960.0,58560.0,58920.0
SHIP,2011-07-07,60000.0,60000.0,59760.0,60000.0
SHIP,2011-07-08,60000.0,60000.0,54120.0,54600.0
SHIP,2011-07-11,54000.0,66000.0,49200.0,49800.0
SHIP,2011-07-12,48000.0,48840.0,43560.0,46080.0
SHIP,2011-07-13,45480.0,49200.0,43560.0,47040.0
SHIP,2011-07-14,46560.0,47640.0,46440.0,47040.0
SHIP,2011-07-15,46920.0,46920.0,44400.0,45960.0
SHIP,2011-07-18,45720.0,48720.0,45000.0,47280.0
SHIP,2011-07-19,46200.0,46200.0,44040.0,45600.0
SHIP,2011-07-20,44400.0,48600.0,44400.0,48600.0
SHIP,2011-07-21,49800.0,55800.0,48120.0,54360.0
SHIP,2011-07-22,53160.0,70680.0,53160.0,66000.0
SHIP,2011-07-25,60000.0,65400.0,58080.0,64200.0
SHIP,2011-07-26,60000.0,91560.0,60000.0,70800.0
SHIP,2011-07-27,66308.3,70388.7,56107.0,58351.3
SHIP,2011-07-28,55597.0,55597.0,53556.6,53556.6
SHIP,2011-07-29,53556.6,55086.9,49374.0,52332.5
SHIP,2011-08-01,49680.2,51720.5,49680.2,51516.4
SHIP,2011-08-02,49068.2,49068.2,48966.1,48966.1
SHIP,2011-08-03,48966.1,48966.1,39785.0,43253.4
SHIP,2011-08-04,49476.1,51006.4,43355.3,43355.3
SHIP,2011-08-05,38050.8,40703.1,37234.6,38356.8
SHIP,2011-08-08,37948.7,37948.7,27645.4,30603.8
SHIP,2011-08-09,35704.4,35704.4,33052.1,33154.1
SHIP,2011-08-10,34174.3,34174.3,31623.9,33052.1
SHIP,2011-08-11,33562.1,37540.7,33562.1,35806.5
SHIP,2011-08-12,37234.6,40193.0,36316.4,39376.9
SHIP,2011-08-15,35806.5,40295.1,35806.5,35908.4
SHIP,2011-08-16,36214.5,39274.9,36214.5,38356.8
SHIP,2011-08-17,45120.0,45120.0,45120.0,45120.0
SHIP,2011-08-18,36928.6,37234.6,34786.3,35398.4
SHIP,2011-08-19,35602.5,35602.5,29583.7,32133.9
SHIP,2011-08-22,37800.0,37800.0,37800.0,37800.0
SHIP,2011-08-23,31623.9,31623.9,31623.9,31623.9
SHIP,2011-08-24,33766.3,40295.1,30603.8,36724.6
SHIP,2011-08-25,33460.1,39580.9,32746.0,34684.4
SHIP,2011-08-26,32848.1,37540.7,32848.1,33562.1
SHIP,2011-08-29,36418.5,38560.7,36214.5,37744.6
SHIP,2011-08-30,37744.6,48047.9,37744.6,40907.1
SHIP,2011-08-31,45905.8,48047.9,38968.9,41315.1
SHIP,2011-09-01,41315.1,45089.5,40805.0,43661.4
SHIP,2011-09-02,41825.2,41825.2,38968.9,39376.9
SHIP,2011-09-06,38458.8,40805.0,38458.8,38458.8
SHIP,2011-09-07,40091.0,45803.7,36214.5,43355.3
SHIP,2011-09-08,43355.3,43355.3,41723.2,41723.2
SHIP,2011-09-09,42335.3,44987.6,40805.0,42947.3
SHIP,2011-09-12,41825.2,42131.3,38866.9,42131.3
SHIP,2011-09-13,39682.9,45191.6,39682.9,43457.5
SHIP,2011-09-14,45599.6,47333.8,43865.5,46517.7
SHIP,2011-09-15,45803.7,47333.8,41723.2,44069.5
SHIP,2011-09-16,42845.2,44477.6,42845.2,44375.5
SHIP,2011-09-19,42641.3,45089.5,42029.2,42743.3
SHIP,2011-09-20,43253.4,43253.4,39274.9,40499.0
SHIP,2011-09-21,39580.9,42539.4,36010.5,36010.5
SHIP,2011-09-22,36010.5,41825.2,36010.5,36724.6
SHIP,2011-09-23,40295.1,40295.1,37744.6,39785.0
SHIP,2011-09-26,40091.0,40295.1,33358.2,37234.6
SHIP,2011-09-27,35398.4,37948.7,33154.1,37336.7
SHIP,2011-09-28,34582.3,37132.6,33052.1,34990.2
SHIP,2011-09-29,35092.5,37642.7,33358.2,34480.3
SHIP,2011-09-30,37030.6,37030.6,32440.1,32542.0
SHIP,2011-10-03,32644.0,34378.3,30603.8,30705.7
SHIP,2011-10-04,35194.4,35194.4,29583.7,30603.8
SHIP,2011-10-05,30501.8,31419.9,29583.7,30093.8
SHIP,2011-10-06,29481.7,30807.8,28563.6,30603.8
SHIP,2011-10-07,28665.6,30195.8,28461.4,28461.4
SHIP,2011-10-10,29991.8,30297.7,28461.4,29889.6
SHIP,2011-10-11,29991.8,30399.8,28665.6,30093.8
SHIP,2011-10-12,28665.6,38050.8,28665.6,32950.1
SHIP,2011-10-13,32032.0,32746.0,30093.8,32133.9
SHIP,2011-10-14,32950.1,37234.6,32950.1,36418.5
SHIP,2011-10-17,35704.4,36010.5,34072.1,34480.3
SHIP,2011-10-18,35602.5,35704.4,31930.0,34480.3
SHIP,2011-10-19,31623.9,33154.1,31522.0,31623.9
SHIP,2011-10-20,30909.9,35602.5,30909.9,34378.3
SHIP,2011-10-21,40440.0,40440.0,40440.0,40440.0
SHIP,2011-10-24,34480.3,34684.4,34480.3,34684.4
SHIP,2011-10-25,31419.9,34684.4,31419.9,32440.1
SHIP,2011-10-26,39000.0,39000.0,39000.0,39000.0
SHIP,2011-10-27,32032.0,33154.1,31011.9,33154.1
SHIP,2011-10-28,31011.9,32950.1,31011.9,32440.1
SHIP,2011-10-31,32542.0,34684.4,32440.1,34684.4
SHIP,2011-11-01,34378.3,34378.3,31011.9,31011.9
SHIP,2011-11-02,32542.0,33562.1,30909.9,33052.1
SHIP,2011-11-03,33460.1,33460.1,31011.9,33460.1
SHIP,2011-11-04,33358.2,33358.2,31215.8,33154.1
SHIP,2011-11-07,33154.1,33154.1,30909.9,32440.1
SHIP,2011-11-08,31623.9,31623.9,30909.9,31522.0
SHIP,2011-11-09,30807.8,31623.9,30807.8,31215.8
SHIP,2011-11-10,28665.6,32542.0,28665.6,29787.6
SHIP,2011-11-11,29277.7,32950.1,29277.7,30807.8
SHIP,2011-11-14,31522.0,32133.9,30195.8,31522.0
SHIP,2011-11-15,30909.9,31113.9,29379.6,31113.9
SHIP,2011-11-16,32133.9,32133.9,31113.9,31113.9
SHIP,2011-11-17,30705.7,31930.0,30297.7,30399.8
SHIP,2011-11-18,31930.0,31930.0,29277.7,31011.9
SHIP,2011-11-21,30297.7,30603.8,29685.7,29889.6
SHIP,2011-11-22,30297.7,31113.9,28665.6,30501.8
SHIP,2011-11-23,29685.7,30399.8,28257.5,29175.6
SHIP,2011-11-25,28767.6,29685.7,28767.6,29583.7
SHIP,2011-11-28,30501.8,30807.8,29583.7,30807.8
SHIP,2011-11-29,29583.7,30297.7,28155.6,28869.6
SHIP,2011-11-30,30093.8,30909.9,28869.6,30909.9
SHIP,2011-12-01,28767.6,30603.8,26727.4,30603.8
SHIP,2011-12-02,29889.6,29889.6,26625.3,28053.4
SHIP,2011-12-05,27033.3,29481.7,27033.3,28155.6
SHIP,2011-12-06,27543.3,29991.8,27543.3,27543.3
SHIP,2011-12-07,26829.4,28461.4,26013.2,27645.4
SHIP,2011-12-08,28155.6,28155.6,26217.2,26217.2
SHIP,2011-12-09,25503.2,29991.8,25503.2,26115.2
SHIP,2011-12-12,26115.2,26115.2,24687.0,24687.0
SHIP,2011-12-13,24993.2,25605.1,24687.0,24789.0
SHIP,2011-12-14,25707.2,25707.2,24789.0,25401.2
SHIP,2011-12-15,24585.1,28053.4,24585.1,27951.5
SHIP,2011-12-16,27237.5,27237.5,22544.9,22544.9
SHIP,2011-12-19,22544.9,28563.6,22544.9,24891.1
SHIP,2011-12-20,26217.2,28155.6,23054.9,23973.0
SHIP,2011-12-21,23667.0,24585.1,21524.6,21728.7
SHIP,2011-12-22,21524.6,24789.0,21218.7,24789.0
SHIP,2011-12-23,23768.9,24993.2,23768.9,24075.0
SHIP,2011-12-27,23768.9,25911.3,21218.7,21320.6
SHIP,2011-12-28,21218.7,21320.6,20300.6,21014.6
SHIP,2011-12-29,19994.5,23565.0,19994.5,22442.7
SHIP,2011-12-30,23462.9,23462.9,21239.0,22034.7
SHIP,2012-01-03,20810.6,23156.9,20810.6,23054.9
SHIP,2012-01-04,23973.0,27951.5,23054.9,27951.5
SHIP,2012-01-05,24075.0,28053.4,24075.0,27951.5
SHIP,2012-01-06,23462.9,27849.5,23462.9,27033.3
SHIP,2012-01-09,28053.4,28359.5,26523.3,27543.3
SHIP,2012-01-10,25809.3,27747.5,24279.0,25605.1
SHIP,2012-01-11,25503.2,27339.4,24381.1,27033.3
SHIP,2012-01-12,27033.3,27033.3,26523.3,26931.3
SHIP,2012-01-13,27339.4,27339.4,24993.2,24993.2
SHIP,2012-01-17,25503.2,26829.4,23565.0,23973.0
SHIP,2012-01-18,23768.9,24483.1,21932.6,21932.6
SHIP,2012-01-19,22850.8,25095.1,22442.7,24687.0
SHIP,2012-01-20,24687.0,25095.1,23360.8,24176.9
SHIP,2012-01-23,24381.1,24381.1,22442.7,22442.7
SHIP,2012-01-24,24381.1,24381.1,22034.7,22646.8
SHIP,2012-01-25,22442.7,23667.0,22034.7,22646.8
SHIP,2012-01-26,22952.9,23360.8,22238.8,22238.8
SHIP,2012-01-27,22952.9,22952.9,21626.8,22034.7
SHIP,2012-01-30,22442.7,22850.8,22136.8,22748.8
SHIP,2012-01-31,22850.8,22850.8,22034.7,22238.8
SHIP,2012-02-01,22748.8,23258.9,22136.8,22748.8
SHIP,2012-02-02,22136.8,22748.8,21524.6,22034.7
SHIP,2012-02-03,22136.8,23258.9,22136.8,23258.9
SHIP,2012-02-06,22850.8,26523.3,22748.8,26523.3
SHIP,2012-02-07,28563.6,28971.5,24176.9,25503.2
SHIP,2012-02-08,25503.2,27645.4,25095.1,26421.3
SHIP,2012-02-09,28461.4,31113.9,26523.3,30603.8
SHIP,2012-02-10,30603.8,30603.8,27849.5,28971.5
SHIP,2012-02-13,29379.6,29379.6,27543.3,27543.3
SHIP,2012-02-14,28359.5,34684.4,27543.3,29685.7
SHIP,2012-02-15,35296.4,39274.9,30297.7,30909.9
SHIP,2012-02-16,31113.9,34684.4,30603.8,32338.1
SHIP,2012-02-17,34684.4,34684.4,32644.0,34480.3
SHIP,2012-02-21,35092.5,38050.8,34174.3,37744.6
SHIP,2012-02-22,39274.9,43967.5,37744.6,43151.4
SHIP,2012-02-23,43559.4,44171.4,40295.1,41315.1
SHIP,2012-02-24,40703.1,41111.1,38356.8,40295.1
SHIP,2012-02-27,37846.7,42029.2,34786.3,38968.9
SHIP,2012-02-28,37234.6,42335.3,37234.6,40601.0
SHIP,2012-02-29,37846.7,41621.3,36010.5,36724.6
SHIP,2012-03-01,36724.6,37234.6,34072.1,37030.6
SHIP,2012-03-02,36214.5,36214.5,32542.0,33766.3
SHIP,2012-03-05,33766.3,34480.3,32032.0,33154.1
SHIP,2012-03-06,31522.0,33664.2,31522.0,33256.2
SHIP,2012-03-07,34786.3,34786.3,32542.0,33256.2
SHIP,2012-03-08,31522.0,36316.4,31522.0,34174.3
SHIP,2012-03-09,34174.3,35908.4,34174.3,34684.4
SHIP,2012-03-12,35602.5,40499.0,35602.5,38254.7
SHIP,2012-03-13,38152.7,38968.9,36418.5,37336.7
SHIP,2012-03-14,37336.7,38764.9,37336.7,37438.7
SHIP,2012-03-15,37336.7,38866.9,36724.6,38764.9
SHIP,2012-03-16,40295.1,40805.0,38968.9,40499.0
SHIP,2012-03-19,40295.1,40295.1,39376.9,39478.9
SHIP,2012-03-20,39376.9,40703.1,39376.9,39887.0
SHIP,2012-03-21,39580.9,40601.0,38152.7,38560.7
SHIP,2012-03-22,38254.7,40295.1,36214.5,38764.9
SHIP,2012-03-23,37336.7,37642.7,36214.5,36214.5
SHIP,2012-03-26,36622.6,36724.6,35296.4,35806.5
SHIP,2012-03-27,33460.1,33766.3,31317.9,32440.1
SHIP,2012-03-28,32848.1,34582.3,32236.1,34582.3
SHIP,2012-03-29,32644.0,34378.3,32236.1,34378.3
SHIP,2012-03-30,33868.2,33868.2,30603.8,33868.2
SHIP,2012-04-02,33562.1,33766.3,32746.0,32746.0
SHIP,2012-04-03,38520.0,38520.0,38520.0,38520.0
SHIP,2012-04-04,31419.9,33052.1,31215.8,31317.9
SHIP,2012-04-05,31215.8,31215.8,31215.8,31215.8
SHIP,2012-04-09,30603.8,32338.1,30603.8,32338.1
SHIP,2012-04-10,31930.0,32133.9,31827.9,32133.9
SHIP,2012-04-11,32338.1,40805.0,32338.1,38560.7
SHIP,2012-04-12,40805.0,48455.9,38662.8,41213.2
SHIP,2012-04-13,41417.1,41417.1,38356.8,40397.0
SHIP,2012-04-16,41009.1,41417.1,38356.8,38356.8
SHIP,2012-04-17,40091.0,40703.1,38866.9,39172.8
SHIP,2012-04-18,41213.2,41315.1,38356.8,40703.1
SHIP,2012-04-19,41315.1,42029.2,40193.0,40805.0
SHIP,2012-04-20,41009.1,41213.2,38254.7,38866.9
SHIP,2012-04-23,38254.7,38254.7,33664.2,34378.3
SHIP,2012-04-24,33766.3,37744.6,32338.1,34480.3
SHIP,2012-04-25,34990.2,37234.6,32848.1,33460.1
SHIP,2012-04-26,33868.2,34072.1,32236.1,33154.1
SHIP,2012-04-27,32133.9,36928.6,31827.9,35704.4
SHIP,2012-04-30,35296.4,35296.4,33460.1,33562.1
SHIP,2012-05-01,33562.1,35500.4,33562.1,34684.4
SHIP,2012-05-02,35092.5,37336.7,32236.1,32542.0
SHIP,2012-05-03,32542.0,34174.3,32133.9,32440.1
SHIP,2012-05-04,32133.9,32950.1,31725.9,32032.0
SHIP,2012-05-07,31725.9,33460.1,31623.9,31623.9
SHIP,2012-05-08,32133.9,32644.0,31215.8,32644.0
SHIP,2012-05-09,32644.0,32644.0,30705.7,30807.8
SHIP,2012-05-10,31317.9,31419.9,30807.8,30807.8
SHIP,2012-05-11,31113.9,32440.1,31113.9,32440.1
SHIP,2012-05-14,31930.0,32133.9,30807.8,30807.8
SHIP,2012-05-15,31113.9,32133.9,31113.9,32133.9
SHIP,2012-05-16,31113.9,31113.9,27951.5,28971.5
SHIP,2012-05-17,31113.9,31113.9,27033.3,27033.3
SHIP,2012-05-18,27033.3,28155.6,26829.4,28053.4
SHIP,2012-05-21,27033.3,27033.3,26523.3,26727.4
SHIP,2012-05-22,26931.3,28155.6,26931.3,28155.6
SHIP,2012-05-23,27645.4,29379.6,25605.1,27033.3
SHIP,2012-05-24,27237.5,28257.5,25605.1,26013.2
SHIP,2012-05-25,26217.2,27543.3,25401.2,27543.3
SHIP,2012-05-29,27441.4,27645.4,22442.7,23565.0
SHIP,2012-05-30,23360.8,23565.0,23054.9,23360.8
SHIP,2012-05-31,23768.9,23768.9,22850.8,23156.9
SHIP,2012-06-01,23054.9,23156.9,22136.8,22136.8
SHIP,2012-06-04,22034.7,23054.9,22034.7,22442.7
SHIP,2012-06-05,22034.7,22442.7,22034.7,22442.7
SHIP,2012-06-06,22850.8,25401.2,22850.8,24381.1
SHIP,2012-06-07,24075.0,25503.2,22136.8,22748.8
SHIP,2012-06-08,22748.8,22748.8,22748.8,22748.8
SHIP,2012-06-11,23258.9,23258.9,22646.8,22646.8
SHIP,2012-06-12,22952.9,23565.0,22136.8,22850.8
SHIP,2012-06-13,22544.9,22544.9,22136.8,22442.7
SHIP,2012-06-14,26400.0,26400.0,26400.0,26400.0
SHIP,2012-06-15,21728.7,22952.9,21422.7,22238.8
SHIP,2012-06-18,22646.8,22646.8,20504.5,21014.6
SHIP,2012-06-19,21014.6,24789.0,21014.6,23462.9
SHIP,2012-06-20,23667.0,23667.0,22340.8,23462.9
SHIP,2012-06-21,23973.0,27033.3,23870.9,23973.0
SHIP,2012-06-22,23973.0,26013.2,22646.8,25401.2
SHIP,2012-06-25,23667.0,23667.0,22034.7,22136.8
SHIP,2012-06-26,22136.8,22850.8,20402.5,22850.8
SHIP,2012-06-27,26880.0,26880.0,26880.0,26880.0
SHIP,2012-06-28,21626.8,22238.8,20096.5,20096.5
SHIP,2012-06-29,21524.6,22850.8,20708.7,21116.6
SHIP,2012-07-02,21626.8,21728.7,21218.7,21218.7
SHIP,2012-07-03,20912.6,21320.6,20708.7,20912.6
SHIP,2012-07-05,20606.5,23948.5,20402.5,23462.9
SHIP,2012-07-06,24176.9,24176.9,21932.6,21932.6
SHIP,2012-07-09,23258.9,23258.9,21524.6,21524.6
SHIP,2012-07-10,25320.0,25320.0,25320.0,25320.0
SHIP,2012-07-11,21524.6,21932.6,21524.6,21524.6
SHIP,2012-07-12,25320.0,25320.0,25320.0,25320.0
SHIP,2012-07-13,22402.0,22402.0,22402.0,22402.0
SHIP,2012-07-16,22238.8,22238.8,21218.7,21422.7
SHIP,2012-07-17,21422.7,21728.7,21320.6,21726.0
SHIP,2012-07-18,21830.7,21830.7,21524.6,21524.6
SHIP,2012-07-19,22238.8,22340.8,21320.6,22340.8
SHIP,2012-07-20,22442.7,22442.7,21436.3,21436.3
SHIP,2012-07-23,21320.6,21728.7,21320.6,21728.7
SHIP,2012-07-24,25200.0,25320.0,25200.0,25200.0
SHIP,2012-07-25,21932.6,21932.6,21422.7,21422.7
SHIP,2012-07-26,21422.7,21422.7,21422.7,21422.7
SHIP,2012-07-27,21524.6,21561.4,21422.7,21561.4
SHIP,2012-07-30,21422.7,21422.7,21422.7,21422.7
SHIP,2012-07-31,20504.5,20504.5,20504.5,20504.5
SHIP,2012-08-01,24120.0,24120.0,24120.0,24120.0
SHIP,2012-08-02,20504.5,20504.5,20504.5,20504.5
SHIP,2012-08-03,18464.4,20810.6,18056.3,20810.6
SHIP,2012-08-06,20402.5,21932.6,20402.5,21932.6
SHIP,2012-08-07,25800.0,25800.0,25800.0,25800.0
SHIP,2012-08-08,20504.5,20504.5,20504.5,20504.5
SHIP,2012-08-09,20504.5,20504.5,16118.0,18056.3
SHIP,2012-08-10,16526.1,20320.9,16323.4,18056.3
SHIP,2012-08-13,19280.4,19280.4,19280.4,19280.4
SHIP,2012-08-14,19076.3,21851.1,19076.3,21851.1
SHIP,2012-08-15,25680.0,25680.0,25680.0,25680.0
SHIP,2012-08-16,25680.0,25680.0,25680.0,25680.0
SHIP,2012-08-17,17954.3,21014.6,17648.2,21014.6
SHIP,2012-08-20,20504.5,20504.5,19892.5,19892.5
SHIP,2012-08-21,20402.5,20402.5,19179.8,19382.5
SHIP,2012-08-22,19179.8,19179.8,19178.4,19178.4
SHIP,2012-08-23,19280.4,19391.9,19178.4,19391.9
SHIP,2012-08-24,22800.0,22800.0,22800.0,22800.0
SHIP,2012-08-27,19382.5,19382.5,19178.4,19178.4
SHIP,2012-08-28,19178.4,19178.4,17954.3,18443.9
SHIP,2012-08-29,17750.2,17852.3,17444.2,17852.3
SHIP,2012-08-30,21000.0,21000.0,21000.0,21000.0
SHIP,2012-08-31,20402.5,20402.5,20402.5,20402.5
SHIP,2012-09-04,19178.4,19178.4,17546.2,17878.1
SHIP,2012-09-05,18668.3,20402.5,17750.2,17852.3
SHIP,2012-09-06,17444.2,17852.3,16526.1,16934.1
SHIP,2012-09-07,17240.1,19790.5,17240.1,19790.5
SHIP,2012-09-10,19688.3,19831.2,19280.4,19280.4
SHIP,2012-09-11,19484.4,19484.4,19382.5,19382.5
SHIP,2012-09-12,19484.4,19484.4,17750.2,17750.2
SHIP,2012-09-13,17342.1,19753.7,16832.0,19382.5
SHIP,2012-09-14,17852.3,21524.6,17852.3,21014.6
SHIP,2012-09-17,19586.4,21626.8,19484.4,19688.3
SHIP,2012-09-18,19688.3,21830.7,19484.4,21830.7
SHIP,2012-09-19,20402.5,22442.7,20402.5,21932.6
SHIP,2012-09-20,20402.5,22289.1,20402.5,22289.1
SHIP,2012-09-21,21422.7,22238.8,20606.5,22238.8
SHIP,2012-09-24,22238.8,22238.8,20402.5,22136.8
SHIP,2012-09-25,21626.8,21626.8,19688.3,20300.6
SHIP,2012-09-26,19382.5,19688.3,19382.5,19484.4
SHIP,2012-09-27,20402.5,21320.6,20402.5,21218.7
SHIP,2012-09-28,24960.0,24960.0,24960.0,24960.0
SHIP,2012-10-01,19382.5,19892.5,19382.5,19382.5
SHIP,2012-10-02,19892.5,19892.5,18480.6,18480.6
SHIP,2012-10-03,18872.4,20198.5,18464.4,18464.4
SHIP,2012-10-04,18872.4,18872.4,18362.3,18566.3
SHIP,2012-10-05,19178.4,19178.4,18464.4,18464.4
SHIP,2012-10-08,18464.4,18464.4,17138.2,17340.8
SHIP,2012-10-09,16832.0,17342.1,16832.0,17036.2
SHIP,2012-10-10,17138.2,17444.2,16730.1,17003.5
SHIP,2012-10-11,17240.1,17240.1,16322.0,16424.0
SHIP,2012-10-12,16730.1,17444.2,16628.1,16832.0
SHIP,2012-10-15,16934.1,16934.1,16832.0,16934.1
SHIP,2012-10-16,17852.3,17852.3,16424.0,16628.1
SHIP,2012-10-17,16424.0,17342.1,15608.1,15608.1
SHIP,2012-10-18,15710.0,16322.0,15710.0,16322.0
SHIP,2012-10-19,15812.0,16766.8,15812.0,16766.8
SHIP,2012-10-22,15812.0,15812.0,15812.0,15812.0
SHIP,2012-10-23,15812.0,18362.3,15710.0,18362.3
SHIP,2012-10-24,18056.3,18056.3,16832.0,17036.2
SHIP,2012-10-25,16832.0,16832.0,16016.0,16016.0
SHIP,2012-10-26,16526.1,17240.1,16526.1,17240.1
SHIP,2012-10-31,20280.0,20280.0,20280.0,20280.0
SHIP,2012-11-01,20280.0,20280.0,20280.0,20280.0
SHIP,2012-11-02,16832.0,17342.1,16322.0,16730.1
SHIP,2012-11-05,15913.9,17240.1,15812.0,15913.9
SHIP,2012-11-06,15913.9,16730.1,15710.0,15812.0
SHIP,2012-11-07,15913.9,16322.0,15913.9,16322.0
SHIP,2012-11-08,16320.7,16934.1,15913.9,16119.4
SHIP,2012-11-09,15403.8,17036.2,15301.9,15403.8
SHIP,2012-11-12,15301.9,17342.1,14485.8,14587.7
SHIP,2012-11-13,14296.8,15097.9,14296.8,15097.9
SHIP,2012-11-14,16016.0,16016.0,15097.9,15402.6
SHIP,2012-11-15,15608.1,16118.0,15301.9,16118.0
SHIP,2012-11-16,15608.1,15913.9,15608.1,15812.0
SHIP,2012-11-19,15097.9,15097.9,15097.9,15097.9
SHIP,2012-11-20,15505.8,15505.8,15505.8,15505.8
SHIP,2012-11-21,14383.8,15301.9,13363.7,13363.7
SHIP,2012-11-23,15097.9,15097.9,15097.9,15097.9
SHIP,2012-11-26,13465.7,13669.6,12343.6,12343.6
SHIP,2012-11-27,12955.6,14281.8,12955.6,14179.9
SHIP,2012-11-28,14178.4,14178.4,14178.4,14178.4
SHIP,2012-11-29,15505.8,15505.8,13262.6,13873.7
SHIP,2012-11-30,13465.7,13465.7,13465.7,13465.7
SHIP,2012-12-03,12343.6,13771.8,10711.3,13771.8
SHIP,2012-12-04,11731.4,14179.9,11731.4,13628.9
SHIP,2012-12-05,14077.7,14077.7,14036.9,14077.7
SHIP,2012-12-06,11833.4,14179.9,11833.4,14179.9
SHIP,2012-12-07,13771.8,14179.9,13159.5,13159.5
SHIP,2012-12-10,14179.9,14179.9,12343.6,12751.6
SHIP,2012-12-11,14077.7,14077.7,12343.6,13730.9
SHIP,2012-12-12,12445.6,13260.5,12343.6,12343.6
SHIP,2012-12-13,13261.7,13261.7,12139.5,12445.6
SHIP,2012-12-14,13159.5,13159.5,11629.4,11629.4
SHIP,2012-12-17,12751.6,12751.6,11630.5,12343.6
SHIP,2012-12-18,11068.3,12751.6,11068.3,12659.8
SHIP,2012-12-19,14040.0,14040.0,14040.0,14040.0
SHIP,2012-12-20,11221.4,11323.4,11221.4,11221.4
SHIP,2012-12-21,11323.4,11323.4,11119.4,11323.4
SHIP,2012-12-24,11119.4,11323.4,11119.4,11221.4
SHIP,2012-12-26,11629.4,11629.4,11119.4,11170.4
SHIP,2012-12-27,11629.4,11629.4,11221.4,11323.4
SHIP,2012-12-28,11323.4,11490.6,11323.4,11323.4
SHIP,2012-12-31,11324.3,11324.3,10507.4,10610.2
SHIP,2013-01-02,10507.4,11731.4,10507.4,11731.4
SHIP,2013-01-03,11527.5,12139.5,11527.5,11527.5
SHIP,2013-01-04,12241.5,18566.3,12241.5,16629.3
SHIP,2013-01-07,17954.3,18362.3,15710.0,16935.5
SHIP,2013-01-08,16934.1,17954.3,14281.8,15505.8
SHIP,2013-01-09,16016.0,16016.0,14755.0,15301.9
SHIP,2013-01-10,15301.9,15505.8,13771.8,13771.8
SHIP,2013-01-11,15301.9,15403.8,13771.8,15199.9
SHIP,2013-01-14,14893.9,14893.9,14689.9,14791.8
SHIP,2013-01-15,14383.8,15301.9,13873.7,14281.8
SHIP,2013-01-16,13873.7,13975.7,13567.7,13747.2
SHIP,2013-01-17,13873.7,16322.0,13873.7,15199.9
SHIP,2013-01-18,15301.9,15301.9,14689.9,14689.9
SHIP,2013-01-22,14605.5,14838.1,14587.7,14838.1
SHIP,2013-01-23,14893.9,15301.9,14791.8,14893.9
SHIP,2013-01-24,14893.9,17136.7,14893.9,15303.2
SHIP,2013-01-25,16016.0,17954.3,15403.8,17770.6
SHIP,2013-01-28,17954.3,27645.4,17342.1,25095.1
SHIP,2013-01-29,25197.1,25809.3,20402.5,22748.8
SHIP,2013-01-30,22748.8,22848.1,20402.5,20606.5
SHIP,2013-01-31,21014.6,22134.1,19688.3,19892.5
SHIP,2013-02-01,21216.0,21216.0,19892.5,19892.5
SHIP,2013-02-04,19994.5,20198.5,19994.5,20198.5
SHIP,2013-02-05,21320.6,22646.8,20300.6,22238.8
SHIP,2013-02-06,21218.7,22398.0,20504.5,22136.8
SHIP,2013-02-07,21626.8,22136.8,21626.8,21932.6
SHIP,2013-02-08,22850.8,22850.8,19892.5,21728.7
SHIP,2013-02-11,21728.7,21728.7,20810.6,21728.7
SHIP,2013-02-12,21626.8,21626.8,20606.5,21422.7
SHIP,2013-02-13,21422.7,22340.8,21422.7,21626.8
SHIP,2013-02-14,21626.8,22442.7,21422.7,21422.7
SHIP,2013-02-15,21524.6,21932.6,20504.5,21422.7
SHIP,2013-02-19,21422.7,22442.7,20708.7,22442.7
SHIP,2013-02-20,22442.7,22442.7,20832.3,21116.6
SHIP,2013-02-21,20810.6,21728.7,20708.7,21728.7
SHIP,2013-02-22,21014.6,21626.8,20504.5,21218.7
SHIP,2013-02-25,21218.7,21243.0,20504.5,20504.5
SHIP,2013-02-26,20606.5,20606.5,20504.5,20504.5
SHIP,2013-02-27,20504.5,21320.6,20504.5,21218.7
SHIP,2013-02-28,20912.6,21320.6,20504.5,20504.5
SHIP,2013-03-01,20504.5,20504.5,16424.0,17240.1
SHIP,2013-03-04,17240.1,18158.2,16323.4,18054.9
SHIP,2013-03-05,17852.3,17852.3,14689.9,15301.9
SHIP,2013-03-06,16118.0,17811.4,14587.7,16322.0
SHIP,2013-03-07,16322.0,17036.2,16118.0,16118.0
SHIP,2013-03-08,16424.0,16524.7,15812.0,15812.0
SHIP,2013-03-11,15812.0,16322.0,14997.3,15812.0
SHIP,2013-03-12,14791.8,15199.9,14587.7,15159.1
SHIP,2013-03-13,15097.9,15710.0,15097.9,15301.9
SHIP,2013-03-14,15097.9,16832.0,14791.8,16424.0
SHIP,2013-03-15,16832.0,20402.5,16221.4,19076.3
SHIP,2013-03-18,20402.5,20402.5,18260.2,18464.4
SHIP,2013-03-19,20402.5,20504.5,19396.0,19892.5
SHIP,2013-03-20,19994.5,19994.5,18464.4,18770.3
SHIP,2013-03-21,18668.3,21422.7,17240.1,18974.4
SHIP,2013-03-22,18668.3,22340.8,17852.3,21422.7
SHIP,2013-03-25,21422.7,21422.7,19382.5,20198.5
SHIP,2013-03-26,20504.5,20504.5,19076.3,19076.3
SHIP,2013-03-27,19077.8,20810.6,19076.3,20708.7
SHIP,2013-03-28,19994.5,20810.6,19688.3,20310.0
SHIP,2013-04-01,20198.5,20198.5,19117.2,19484.4
SHIP,2013-04-02,19493.9,20810.6,19484.4,20606.5
SHIP,2013-04-03,20807.9,20807.9,19892.5,20300.6
SHIP,2013-04-04,20096.5,20810.6,19945.5,20810.6
SHIP,2013-04-05,19892.5,20300.6,19892.5,20300.6
SHIP,2013-04-08,20096.5,20402.5,20096.5,20402.5
SHIP,2013-04-09,20096.5,20912.6,19994.5,20708.7
SHIP,2013-04-10,20606.5,21320.6,20096.5,20402.5
SHIP,2013-04-11,20810.6,20912.6,19892.5,19892.5
SHIP,2013-04-12,19586.4,20096.5,19178.4,19382.5
SHIP,2013-04-15,18872.4,18872.4,17954.3,18056.3
SHIP,2013-04-16,19279.0,19279.0,17342.1,17648.2
SHIP,2013-04-17,17342.1,17342.1,16526.1,16628.1
SHIP,2013-04-18,16424.0,17025.2,13465.7,14383.8
SHIP,2013-04-19,14281.8,14404.2,14083.2,14383.8
SHIP,2013-04-22,14383.8,14383.8,14077.7,14077.7
SHIP,2013-04-23,15199.9,15505.8,14385.1,15402.6
SHIP,2013-04-24,15301.9,15301.9,14484.5,14485.8
SHIP,2013-04-25,14383.8,14995.8,14281.8,14995.8
SHIP,2013-04-26,15301.9,15301.9,14383.8,15301.9
SHIP,2013-04-29,15097.9,15097.9,14077.7,14281.8
SHIP,2013-04-30,13975.7,14281.8,13873.7,13873.7
SHIP,2013-05-01,13975.7,14791.8,13975.7,14791.8
SHIP,2013-05-02,14587.7,14791.8,14179.9,14791.8
SHIP,2013-05-03,14689.9,14791.8,13977.1,14646.3
SHIP,2013-05-06,14556.4,14624.5,13873.7,13975.7
SHIP,2013-05-07,13567.7,14689.9,13261.7,14281.8
SHIP,2013-05-08,14587.7,14587.7,14421.9,14421.9
SHIP,2013-05-09,14281.8,16258.1,14281.8,15913.9
SHIP,2013-05-10,15403.8,16322.0,15097.9,15403.8
SHIP,2013-05-13,14587.7,14587.7,14485.8,14495.3
SHIP,2013-05-14,14281.8,16077.2,13781.1,14587.7
SHIP,2013-05-15,15403.8,15403.8,14485.8,14485.8
SHIP,2013-05-16,15505.8,17852.3,15199.9,15403.8
SHIP,2013-05-17,15505.8,19178.4,15199.9,16832.0
SHIP,2013-05-20,15097.9,19178.4,14791.8,16832.0
SHIP,2013-05-21,17852.3,21003.6,17546.2,19484.4
SHIP,2013-05-22,19382.5,19382.5,16628.1,19076.3
SHIP,2013-05-23,17648.2,18872.4,15913.9,16628.1
SHIP,2013-05-24,16832.0,19076.3,16832.0,16832.0
SHIP,2013-05-28,18158.2,18158.2,16220.0,17071.5
SHIP,2013-05-29,17138.2,17188.5,15812.0,15812.0
SHIP,2013-05-30,15913.9,17036.2,15913.9,16220.0
SHIP,2013-05-31,16934.1,17036.2,15812.0,15913.9
SHIP,2013-06-03,15812.0,16016.0,15812.0,15913.9
SHIP,2013-06-04,16220.0,16220.0,15812.0,15812.0
SHIP,2013-06-05,16016.0,16016.0,15301.9,15301.9
SHIP,2013-06-06,15301.9,15301.9,14587.7,15301.9
SHIP,2013-06-07,15097.9,15810.7,13873.7,14383.8
SHIP,2013-06-10,14995.8,14995.8,13873.7,14281.8
SHIP,2013-06-11,14283.1,14688.4,13873.7,14077.7
SHIP,2013-06-12,15097.9,15199.9,13771.8,13771.8
SHIP,2013-06-13,14077.7,14689.9,13771.8,13773.0
SHIP,2013-06-14,13975.7,13975.7,13363.7,13465.7
SHIP,2013-06-17,13261.7,15199.9,13261.7,13567.7
SHIP,2013-06-18,14791.8,14791.8,13873.7,14485.8
SHIP,2013-06-19,14587.7,14791.8,13363.7,14679.0
SHIP,2013-06-20,17280.0,17280.0,17280.0,17280.0
SHIP,2013-06-21,13465.7,14387.9,13465.7,14387.9
SHIP,2013-06-24,13771.8,15505.8,13261.7,14077.7
SHIP,2013-06-25,15608.1,15608.1,15378.1,15378.1
SHIP,2013-06-26,14893.9,14893.9,13567.7,14484.5
SHIP,2013-06-27,15198.5,15505.8,13705.1,15505.8
SHIP,2013-06-28,18240.0,18240.0,18240.0,18240.0
SHIP,2013-07-01,15199.9,15199.9,13771.8,14793.2
SHIP,2013-07-02,17400.0,17400.0,17400.0,17400.0
SHIP,2013-07-03,14791.8,14995.8,14691.2,14995.8
SHIP,2013-07-05,17640.0,17640.0,17640.0,17640.0
SHIP,2013-07-08,14383.8,14383.8,14077.7,14077.7
SHIP,2013-07-09,13929.5,13929.5,13261.7,13465.7
SHIP,2013-07-10,15840.0,15840.0,15840.0,15840.0
SHIP,2013-07-11,13771.8,13775.8,13261.7,13771.8
SHIP,2013-07-12,13873.7,14281.8,13261.7,14281.8
SHIP,2013-07-15,13512.7,13771.8,13512.7,13771.8
SHIP,2013-07-16,13465.7,13771.8,13465.7,13771.8
SHIP,2013-07-17,13373.9,13758.1,13373.9,13758.1
SHIP,2013-07-18,13261.7,14281.8,13261.7,14096.8
SHIP,2013-07-19,14178.4,14178.4,13363.7,13567.7
SHIP,2013-07-22,13261.7,13289.1,13261.7,13261.7
SHIP,2013-07-23,13862.8,13862.8,13261.7,13261.7
SHIP,2013-07-24,13261.7,14995.8,13261.7,14485.8
SHIP,2013-07-25,14791.8,15678.7,14791.8,15097.9
SHIP,2013-07-26,16118.0,16689.3,14793.2,15710.0
SHIP,2013-07-29,14995.8,16320.7,14604.2,15903.0
SHIP,2013-07-30,15913.9,16322.0,14689.9,14689.9
SHIP,2013-07-31,16218.6,16218.6,14630.0,15874.5
SHIP,2013-08-01,15913.9,15913.9,13773.0,15913.9
SHIP,2013-08-02,13159.5,15199.9,13159.5,15199.9
SHIP,2013-08-05,14485.8,15913.9,14151.2,15913.9
SHIP,2013-08-06,15801.1,15801.1,14757.8,15608.1
SHIP,2013-08-07,15171.3,15301.9,15155.0,15242.0
SHIP,2013-08-08,14485.8,14485.8,14383.8,14385.1
SHIP,2013-08-09,14893.9,15097.9,14383.8,15097.9
SHIP,2013-08-12,15199.9,15199.9,15199.9,15199.9
SHIP,2013-08-13,14383.8,15301.9,14383.8,14383.8
SHIP,2013-08-14,15087.0,15087.0,14441.0,14893.9
SHIP,2013-08-15,14602.7,15087.0,13465.7,14791.8
SHIP,2013-08-16,13465.7,15097.9,13465.7,14994.5
SHIP,2013-08-19,13975.7,14583.7,13669.6,14066.8
SHIP,2013-08-20,14178.4,14178.4,13261.7,13975.7
SHIP,2013-08-21,13770.3,13771.8,13363.7,13367.8
SHIP,2013-08-22,13465.7,13974.4,13261.7,13974.4
SHIP,2013-08-23,13465.7,13771.8,13464.6,13767.7
SHIP,2013-08-26,13261.7,14791.8,13057.6,14791.8
SHIP,2013-08-27,13975.7,16220.0,13975.7,15710.0
SHIP,2013-08-28,15710.0,17750.2,15301.9,16730.1
SHIP,2013-08-29,16730.1,17750.2,14485.8,15300.6
SHIP,2013-08-30,16832.0,16832.0,14281.8,14689.9
SHIP,2013-09-03,15097.9,15097.9,12445.6,13771.8
SHIP,2013-09-04,13975.7,16424.0,13873.7,15301.9
SHIP,2013-09-05,15301.9,16322.0,15301.9,15812.0
SHIP,2013-09-06,15505.8,19688.3,15505.8,17138.2
SHIP,2013-09-09,17648.2,20402.5,17240.1,19484.4
SHIP,2013-09-10,20402.5,20708.7,18362.3,18464.4
SHIP,2013-09-11,19280.4,19892.5,18023.6,18023.6
SHIP,2013-09-12,17240.1,19677.6,17036.2,18260.2
SHIP,2013-09-13,18158.2,18158.2,17342.1,17546.2
SHIP,2013-09-16,18362.3,18952.6,17342.1,18362.3
SHIP,2013-09-17,17850.8,17852.3,17342.1,17363.9
SHIP,2013-09-18,17750.2,18668.3,17342.1,18360.9
SHIP,2013-09-19,18056.3,21932.6,17986.9,18782.6
SHIP,2013-09-20,19892.5,24279.0,19382.5,22952.9
SHIP,2013-09-23,23973.0,23973.0,20402.5,21626.8
SHIP,2013-09-24,23768.9,23768.9,20912.6,21626.8
SHIP,2013-09-25,21932.6,22034.7,16628.1,18872.4
SHIP,2013-09-26,18974.4,18974.4,17342.1,17648.2
SHIP,2013-09-27,17852.3,18158.2,17852.3,18158.2
SHIP,2013-09-30,17444.2,18362.3,16832.0,16832.0
SHIP,2013-10-01,16730.1,17852.3,16628.1,17546.2
SHIP,2013-10-02,17444.2,17444.2,15301.9,16322.0
SHIP,2013-10-03,16832.0,17546.2,16832.0,17546.2
SHIP,2013-10-04,17444.2,17444.2,16832.0,17138.2
SHIP,2013-10-07,16526.1,16934.1,15301.9,16526.1
SHIP,2013-10-08,15812.0,16118.0,15403.8,15710.0
SHIP,2013-10-09,15403.8,15505.8,15301.9,15505.8
SHIP,2013-10-10,15812.0,15812.0,15403.8,15403.8
SHIP,2013-10-11,15812.0,15812.0,15301.9,15505.8
SHIP,2013-10-14,15301.9,16322.0,15097.9,15199.9
SHIP,2013-10-15,15608.1,15608.1,14077.7,15505.8
SHIP,2013-10-16,14995.8,15505.8,13771.8,15301.9
SHIP,2013-10-17,14179.9,14383.8,13363.7,14281.8
SHIP,2013-10-18,13771.8,13873.7,13567.7,13669.6
SHIP,2013-10-21,13771.8,13771.8,13465.7,13567.7
SHIP,2013-10-22,13567.7,13771.8,13465.7,13567.7
SHIP,2013-10-23,13465.7,13567.7,13261.7,13465.7
SHIP,2013-10-24,13261.7,13465.7,13057.6,13057.6
SHIP,2013-10-25,13057.6,13975.7,12751.6,13057.6
SHIP,2013-10-28,12751.6,13261.7,12751.6,12751.6
SHIP,2013-10-29,12853.7,13363.7,12445.6,13363.7
SHIP,2013-10-30,12955.6,12955.6,12547.5,12751.6
SHIP,2013-10-31,12547.5,12650.5,12547.5,12650.5
SHIP,2013-11-01,12547.5,13159.5,12547.5,12751.6
SHIP,2013-11-04,12547.5,12751.6,11323.4,12547.5
SHIP,2013-11-05,12037.5,12547.5,11731.4,11731.4
SHIP,2013-11-06,11731.4,11731.4,11731.4,11731.4
SHIP,2013-11-07,11731.4,12241.5,11731.4,12241.5
SHIP,2013-11-08,12037.5,12241.5,12037.5,12241.5
SHIP,2013-11-11,12037.5,12241.5,12037.5,12037.5
SHIP,2013-11-12,12037.5,12037.5,12037.5,12037.5
SHIP,2013-11-13,12139.5,12139.5,11731.4,11833.4
SHIP,2013-11-14,12139.5,12139.5,12139.5,12139.5
SHIP,2013-11-15,12037.5,12037.5,11731.4,11731.4
SHIP,2013-11-18,12037.5,12037.5,11731.4,11935.5
SHIP,2013-11-19,11833.4,11935.5,11731.4,11935.5
SHIP,2013-11-20,11731.4,11935.5,11731.4,11935.5
SHIP,2013-11-21,11425.5,11426.3,10405.2,10406.2
SHIP,2013-11-22,10405.2,10609.4,9385.13,9385.13
SHIP,2013-11-25,9181.18,9201.56,8161.06,8161.94
SHIP,2013-11-26,8671.11,10099.3,8671.11,9079.17
SHIP,2013-11-27,9181.18,12037.5,9181.18,11935.5
SHIP,2013-11-29,12241.5,15301.9,12241.5,14587.7
SHIP,2013-12-02,14791.8,15608.1,12547.5,14587.7
SHIP,2013-12-03,13771.8,13771.8,13159.5,13669.6
SHIP,2013-12-04,13771.8,14587.7,13057.6,13363.7
SHIP,2013-12-05,13567.7,14485.8,12751.6,13975.7
SHIP,2013-12-06,14383.8,14791.8,13373.9,14791.8
SHIP,2013-12-09,14689.9,14689.9,14281.8,14281.8
SHIP,2013-12-10,12649.6,13669.6,11527.5,13465.7
SHIP,2013-12-11,12649.6,13056.6,12139.5,12853.7
SHIP,2013-12-12,12445.6,12853.7,12445.6,12853.7
SHIP,2013-12-13,13159.5,14689.9,12751.6,14689.9
SHIP,2013-12-16,13771.8,14689.9,12649.6,14689.9
SHIP,2013-12-17,13465.7,14689.9,13159.5,14179.9
SHIP,2013-12-18,13261.7,14587.7,13261.7,14383.8
SHIP,2013-12-19,14560.6,14560.6,13873.7,14484.5
SHIP,2013-12-20,14587.7,14587.7,13771.8,14092.7
SHIP,2013-12-23,14077.7,14077.7,12659.8,13669.6
SHIP,2013-12-24,14077.7,14689.9,13771.8,14383.8
SHIP,2013-12-26,14281.8,19280.4,14281.8,19280.4
SHIP,2013-12-27,22442.7,24176.9,19484.4,21422.7
SHIP,2013-12-30,21626.8,22340.8,18566.3,20708.7
SHIP,2013-12-31,20096.5,21116.6,18158.2,20504.5
SHIP,2014-01-02,19994.5,20300.6,19076.3,20300.6
SHIP,2014-01-03,20096.5,20606.5,18974.4,19280.4
SHIP,2014-01-06,18872.4,19280.4,18158.2,19280.4
SHIP,2014-01-07,18668.3,20402.5,18362.3,19586.4
SHIP,2014-01-08,18158.2,18564.9,17340.8,18158.2
SHIP,2014-01-09,16934.1,17852.3,16220.0,17852.3
SHIP,2014-01-10,17750.2,17750.2,15812.0,17036.2
SHIP,2014-01-13,16526.1,17546.2,15608.1,15710.0
SHIP,2014-01-14,15301.9,17240.1,15301.9,16526.1
SHIP,2014-01-15,17138.2,19076.3,15913.9,18260.2
SHIP,2014-01-16,18158.2,19178.4,17138.2,17954.3
SHIP,2014-01-17,17342.1,18362.3,16322.0,17011.6
SHIP,2014-01-21,17240.1,18868.3,16628.1,16832.0
SHIP,2014-01-22,17444.2,17648.2,16832.0,16934.1
SHIP,2014-01-23,18260.2,18260.2,16526.1,16628.1
SHIP,2014-01-24,18158.2,18158.2,14791.8,15710.0
SHIP,2014-01-27,16424.0,16424.0,15505.8,16220.0
SHIP,2014-01-28,15505.8,16322.0,14689.9,15710.0
SHIP,2014-01-29,15812.0,16526.1,14791.8,16016.0
SHIP,2014-01-30,15710.0,16628.1,14383.8,14689.9
SHIP,2014-01-31,14689.9,16730.1,14689.9,15097.9
SHIP,2014-02-03,14576.9,16113.9,14281.8,14485.8
SHIP,2014-02-04,14485.8,15504.6,14485.8,15495.1
SHIP,2014-02-05,14820.4,15810.7,14485.8,14587.7
SHIP,2014-02-06,15909.9,15909.9,14077.7,14287.2
SHIP,2014-02-07,15403.8,15403.8,12853.7,13465.7
SHIP,2014-02-10,13455.6,13567.7,13261.7,13362.5
SHIP,2014-02-11,14382.5,14383.8,13261.7,14076.4
SHIP,2014-02-12,13465.7,14179.9,13159.5,13465.7
SHIP,2014-02-13,15096.5,15096.5,13278.9,13567.7
SHIP,2014-02-14,14445.0,14445.0,13261.7,13771.8
SHIP,2014-02-18,14053.3,14179.9,13261.7,14012.5
SHIP,2014-02-19,14893.9,18770.3,14893.9,16137.1
SHIP,2014-02-20,18770.3,26523.3,18464.4,19280.4
SHIP,2014-02-21,17546.2,18872.4,15812.0,17139.4
SHIP,2014-02-24,16322.0,17954.3,15812.0,17342.1
SHIP,2014-02-25,16526.1,18566.3,16515.1,17444.2
SHIP,2014-02-26,15913.9,17850.8,15913.9,16731.4
SHIP,2014-02-27,16730.1,17852.3,16424.0,17240.1
SHIP,2014-02-28,16526.1,17746.2,16526.1,16934.1
SHIP,2014-03-03,16832.0,17750.2,16118.0,17036.2
SHIP,2014-03-04,17546.2,17750.2,16934.1,17739.3
SHIP,2014-03-05,18056.3,18972.9,17748.9,17954.3
SHIP,2014-03-06,18564.9,18667.0,17750.2,18362.3
SHIP,2014-03-07,17961.0,19065.5,17961.0,18612.5
SHIP,2014-03-10,18871.0,18871.0,17954.3,18056.3
SHIP,2014-03-11,18056.3,18056.3,17342.1,17342.1
SHIP,2014-03-12,17138.2,17342.1,16424.0,17138.2
SHIP,2014-03-13,17739.3,17739.3,16016.0,16266.3
SHIP,2014-03-14,16119.4,17342.1,16119.4,17270.1
SHIP,2014-03-17,17952.9,18056.3,16789.9,17546.2
SHIP,2014-03-18,16730.1,17444.2,16628.1,16832.0
SHIP,2014-03-19,17340.8,19892.5,17238.8,18260.2
SHIP,2014-03-20,18963.6,18963.6,17546.2,18362.3
SHIP,2014-03-21,18872.4,18872.4,17852.3,18464.4
SHIP,2014-03-24,17853.6,18158.2,17547.5,17841.4
SHIP,2014-03-25,17546.2,17648.2,16730.1,17342.1
SHIP,2014-03-26,16934.1,18362.3,16832.0,17240.1
SHIP,2014-03-27,20606.5,24993.2,18464.4,20198.5
SHIP,2014-03-28,21218.7,21218.7,18872.4,19382.5
SHIP,2014-03-31,19892.5,19892.5,17444.2,18054.9
SHIP,2014-04-01,18796.2,18796.2,17342.1,18158.2
SHIP,2014-04-02,18260.2,18260.2,17240.1,17546.2
SHIP,2014-04-03,17240.1,17852.3,17240.1,17698.6
SHIP,2014-04-04,17750.2,18362.3,16832.0,17648.2
SHIP,2014-04-07,17637.3,17637.3,16934.1,17444.2
SHIP,2014-04-08,17442.8,17444.2,16535.5,17444.2
SHIP,2014-04-09,17648.2,17648.2,17138.2,17444.2
SHIP,2014-04-10,16832.0,17138.2,16526.1,16628.1
SHIP,2014-04-11,16424.0,17342.1,16016.0,16320.7
SHIP,2014-04-14,16016.0,17229.2,14689.9,15096.5
SHIP,2014-04-15,16830.8,16830.8,14587.7,14787.7
SHIP,2014-04-16,16832.0,16832.0,15813.3,16014.6
SHIP,2014-04-17,15812.0,16626.7,15301.9,16424.0
SHIP,2014-04-21,15301.9,16118.0,14587.7,15301.9
SHIP,2014-04-22,14995.8,15402.6,14281.8,14791.8
SHIP,2014-04-23,14791.8,15403.8,14791.8,15195.8
SHIP,2014-04-24,15097.9,15403.8,14485.8,14801.4
SHIP,2014-04-25,14485.8,15193.0,14485.8,14903.3
SHIP,2014-04-28,15301.9,16016.0,15097.9,16016.0
SHIP,2014-04-29,16220.0,19688.3,16016.0,17648.2
SHIP,2014-04-30,19484.4,19484.4,16424.0,17138.2
SHIP,2014-05-01,16649.7,18871.0,16649.7,17750.2
SHIP,2014-05-02,17342.1,18056.3,14689.9,16118.0
SHIP,2014-05-05,15608.1,16116.6,14383.8,15603.9
SHIP,2014-05-06,15608.1,15608.1,15301.9,15301.9
SHIP,2014-05-07,15402.6,15812.0,14485.8,15087.0
SHIP,2014-05-08,15297.8,15297.8,14587.7,14791.8
SHIP,2014-05-09,14485.8,15096.5,14485.8,14791.8
SHIP,2014-05-12,14587.7,15556.2,14587.7,15556.2
SHIP,2014-05-13,15505.8,15608.1,15505.8,15608.1
SHIP,2014-05-14,15608.1,15608.1,15301.9,15301.9
SHIP,2014-05-15,15708.5,15708.5,14689.9,14791.8
SHIP,2014-05-16,14689.9,14842.2,13465.7,13771.8
SHIP,2014-05-19,13677.9,14487.2,13567.7,13975.7
SHIP,2014-05-20,15810.7,15810.7,14465.4,14722.5
SHIP,2014-05-21,14077.7,15812.0,13669.6,14077.7
SHIP,2014-05-22,14994.5,14994.5,13465.7,14077.7
SHIP,2014-05-23,12853.7,15402.6,12853.7,13771.8
SHIP,2014-05-27,13873.7,15246.1,13567.7,13792.1
SHIP,2014-05-28,13873.7,15301.9,12853.7,13057.6
SHIP,2014-05-29,13057.6,13873.7,13057.6,13159.5
SHIP,2014-05-30,13363.7,13766.3,13057.6,13261.7
SHIP,2014-06-02,14383.8,14383.8,13336.0,13974.4
SHIP,2014-06-03,13873.7,14485.8,13873.7,14281.8
SHIP,2014-06-04,14484.5,14484.5,13914.5,14077.7
SHIP,2014-06-05,13771.8,14485.8,13771.8,14179.9
SHIP,2014-06-06,13875.1,14281.8,13875.1,14281.8
SHIP,2014-06-09,14281.8,14281.8,13873.7,13873.7
SHIP,2014-06-10,13975.7,14587.7,13873.7,14587.7
SHIP,2014-06-11,14485.8,15403.8,14485.8,15097.9
SHIP,2014-06-12,14790.4,14790.4,13985.3,14016.5
SHIP,2014-06-13,14689.9,14689.9,14179.9,14484.5
SHIP,2014-06-16,14587.7,14587.7,14077.7,14077.7
SHIP,2014-06-17,14383.8,15097.9,14077.7,15097.9
SHIP,2014-06-18,15199.9,15199.9,14179.9,14283.1
SHIP,2014-06-19,13771.8,13975.7,13771.8,13975.7
SHIP,2014-06-20,14485.8,14597.4,13057.6,13526.9
SHIP,2014-06-23,13567.7,14079.2,13567.7,14076.4
SHIP,2014-06-24,14484.5,14484.5,13771.8,13975.7
SHIP,2014-06-25,13669.6,13669.6,13466.7,13567.7
SHIP,2014-06-26,13873.7,13873.7,13669.6,13669.6
SHIP,2014-06-27,13771.8,13771.8,13466.7,13466.7
SHIP,2014-06-30,13873.7,13985.3,13567.7,13975.7
SHIP,2014-07-01,14383.8,14383.8,13159.5,13771.8
SHIP,2014-07-02,13567.7,15913.9,13261.7,15505.8
SHIP,2014-07-03,15913.9,18974.4,15505.8,16934.1
SHIP,2014-07-07,16832.0,17546.2,16832.0,17056.6
SHIP,2014-07-08,17036.2,17036.2,15429.8,16016.0
SHIP,2014-07-09,16730.1,16800.8,15301.9,15403.8
SHIP,2014-07-10,15424.2,15424.2,15099.2,15301.9
SHIP,2014-07-11,14995.8,15710.0,14995.8,15710.0
SHIP,2014-07-14,16995.4,16995.4,15710.0,15812.0
SHIP,2014-07-15,15608.1,16424.0,15505.8,15812.0
SHIP,2014-07-16,15719.5,16322.0,15303.2,15303.2
SHIP,2014-07-17,15097.9,16016.0,15097.9,15403.8
SHIP,2014-07-18,15608.1,15961.6,15608.1,15812.0
SHIP,2014-07-21,15608.1,15710.0,14893.9,15505.8
SHIP,2014-07-22,15327.8,17138.2,14383.8,15282.9
SHIP,2014-07-23,16832.0,16832.0,14995.8,15097.9
SHIP,2014-07-24,15301.9,15812.0,15097.9,15199.9
SHIP,2014-07-25,14995.8,15608.1,14893.9,15301.9
SHIP,2014-07-28,14893.9,15812.0,14791.8,14995.8
SHIP,2014-07-29,15097.9,15322.3,14791.8,15097.9
SHIP,2014-07-30,15403.8,15913.9,14791.8,14995.8
SHIP,2014-07-31,16320.7,16320.7,14281.8,14281.8
SHIP,2014-08-01,14587.7,15097.9,13669.6,14485.8
SHIP,2014-08-04,14179.9,14995.8,13671.1,14995.8
SHIP,2014-08-05,14995.8,14995.8,14995.8,14995.8
SHIP,2014-08-06,14536.1,14995.8,14536.1,14536.1
SHIP,2014-08-07,15107.4,15107.4,13771.8,15085.6
SHIP,2014-08-08,15300.6,15300.6,14220.6,14893.9
SHIP,2014-08-11,14383.8,14893.9,13261.7,14485.8
SHIP,2014-08-12,15301.9,15301.9,14179.9,14893.9
SHIP,2014-08-13,14597.4,14771.4,14281.8,14281.8
SHIP,2014-08-14,14791.8,14791.8,13771.8,14077.7
SHIP,2014-08-15,14179.9,14995.8,14077.7,14587.7
SHIP,2014-08-18,13669.6,15301.9,13465.7,15301.9
SHIP,2014-08-19,15301.9,15301.9,13771.8,14672.2
SHIP,2014-08-20,15301.9,15710.0,14485.8,15301.9
SHIP,2014-08-21,15812.0,15812.0,14383.8,14383.8
SHIP,2014-08-22,15301.9,15301.9,14383.8,14485.8
SHIP,2014-08-25,15107.4,15107.4,14485.8,14485.8
SHIP,2014-08-26,14994.5,14994.5,14383.8,14383.8
SHIP,2014-08-27,14485.8,14485.8,14281.8,14281.8
SHIP,2014-08-28,14179.9,14893.9,13771.8,14587.7
SHIP,2014-08-29,14893.9,14995.8,14791.8,14995.8
SHIP,2014-09-02,14995.8,15301.9,14066.8,15199.9
SHIP,2014-09-03,14791.8,17954.3,14485.8,17138.2
SHIP,2014-09-04,16628.1,17240.1,16526.1,16576.3
SHIP,2014-09-05,17342.1,17342.1,15608.1,15628.4
SHIP,2014-09-08,16322.0,16322.0,15301.9,15505.8
SHIP,2014-09-09,15505.8,16322.0,15301.9,15913.9
SHIP,2014-09-10,16322.0,16322.0,15301.9,15505.8
SHIP,2014-09-11,16628.1,17444.2,14791.8,14995.8
SHIP,2014-09-12,17036.2,17036.2,14791.8,14995.8
SHIP,2014-09-15,15301.9,15301.9,14791.8,14791.8
SHIP,2014-09-16,16322.0,17850.8,15301.9,16322.0
SHIP,2014-09-17,16526.1,17219.8,16322.0,16832.0
SHIP,2014-09-18,16934.1,16934.1,16322.0,16526.1
SHIP,2014-09-19,17340.8,17340.8,14893.9,16322.0
SHIP,2014-09-22,16526.1,16730.1,15403.8,16220.0
SHIP,2014-09-23,16730.1,17342.1,15609.3,17138.2
SHIP,2014-09-24,17229.2,18872.4,17229.2,18668.3
SHIP,2014-09-25,18872.4,18872.4,17415.5,17444.2
SHIP,2014-09-26,17240.1,18269.8,17240.1,18260.2
SHIP,2014-09-29,18260.2,18260.2,17750.2,18056.3
SHIP,2014-09-30,18362.3,18362.3,17240.1,17729.8
SHIP,2014-10-01,17240.1,17240.1,16488.0,17138.2
SHIP,2014-10-02,17036.2,17954.3,17036.2,17954.3
SHIP,2014-10-03,16323.4,17852.3,16323.4,17444.2
SHIP,2014-10-06,17750.2,17750.2,17138.2,17138.2
SHIP,2014-10-07,16342.4,17852.3,16118.0,16123.5
SHIP,2014-10-08,16220.0,16596.8,15199.9,16596.8
SHIP,2014-10-09,16424.0,16424.0,14995.8,15402.6
SHIP,2014-10-10,15403.8,16305.8,14485.8,14587.7
SHIP,2014-10-13,14587.7,14892.5,14281.8,14587.7
SHIP,2014-10-14,14281.8,14383.8,13057.6,14179.9
SHIP,2014-10-15,13261.7,16118.0,13057.6,14485.8
SHIP,2014-10-16,15301.9,16322.0,14281.8,14893.9
SHIP,2014-10-17,16322.0,17240.1,14281.8,14995.8
SHIP,2014-10-20,16705.6,16705.6,14283.1,15097.9
SHIP,2014-10-21,15710.0,15710.0,15505.8,15608.1
SHIP,2014-10-22,14281.8,15403.8,14281.8,14791.8
SHIP,2014-10-23,14689.9,14791.8,13771.8,13918.6
SHIP,2014-10-24,14281.8,14281.8,13873.7,13906.3
SHIP,2014-10-27,14077.7,14077.7,13975.7,14077.7
SHIP,2014-10-28,14046.5,15179.5,13873.7,14892.5
SHIP,2014-10-29,14995.8,14995.8,14994.5,14995.8
SHIP,2014-10-30,14892.5,14892.5,13567.7,13669.6
SHIP,2014-10-31,13363.7,14485.8,13057.6,14485.8
SHIP,2014-11-03,13669.6,14171.6,13465.7,14171.6
SHIP,2014-11-04,13363.7,14281.8,13363.7,13771.8
SHIP,2014-11-05,13364.6,14280.3,13363.7,13975.7
SHIP,2014-11-06,13873.7,14689.9,13873.7,14449.1
SHIP,2014-11-07,14281.8,15301.9,14281.8,14283.1
SHIP,2014-11-10,14281.8,14791.8,14281.8,14281.8
SHIP,2014-11-11,14385.1,14587.7,14303.5,14314.5
SHIP,2014-11-12,13873.7,14587.7,13363.7,13363.7
SHIP,2014-11-13,13261.7,14378.4,13057.6,13567.7
SHIP,2014-11-14,14066.8,14551.1,13771.8,13853.4
SHIP,2014-11-17,14576.9,14576.9,14576.9,14576.9
SHIP,2014-11-18,14280.3,14280.3,14280.3,14280.3
SHIP,2014-11-19,14270.9,14270.9,14270.9,14270.9
SHIP,2014-11-20,13261.7,14280.3,13261.7,13363.7
SHIP,2014-11-21,13261.7,13363.7,13057.6,13310.6
SHIP,2014-11-24,13058.6,13687.3,13057.6,13496.3
SHIP,2014-11-25,13159.5,13771.8,11935.5,13771.8
SHIP,2014-11-26,13669.6,13771.8,13159.5,13261.7
SHIP,2014-11-28,13363.7,13363.7,11731.4,11731.4
SHIP,2014-12-01,12751.6,12751.6,11833.4,12444.4
SHIP,2014-12-02,12241.5,12751.6,12139.5,12649.6
SHIP,2014-12-03,14880.0,14880.0,14880.0,14880.0
SHIP,2014-12-04,12241.5,12751.6,12241.5,12649.6
SHIP,2014-12-05,12648.5,12648.5,12463.9,12463.9
SHIP,2014-12-08,11833.4,12641.3,11833.4,11919.1
SHIP,2014-12-09,11833.4,11834.4,8416.07,8416.07
SHIP,2014-12-10,10201.3,11221.4,9385.13,10200.1
SHIP,2014-12-11,10609.4,10609.4,10201.3,10540.0
SHIP,2014-12-12,10710.2,10710.2,9386.13,10098.2
SHIP,2014-12-15,9836.09,10201.3,9385.13,9848.33
SHIP,2014-12-16,9987.02,9987.02,9987.02,9987.02
SHIP,2014-12-17,10303.2,10303.2,9402.4,9792.09
SHIP,2014-12-18,9548.41,9548.41,9487.1,9487.1
SHIP,2014-12-19,9589.23,10201.3,9487.1,9858.57
SHIP,2014-12-22,9487.1,9895.2,9487.1,9895.2
SHIP,2014-12-23,9691.19,10195.1,9517.8,10195.1
SHIP,2014-12-24,10094.0,10094.0,9079.17,9079.17
SHIP,2014-12-26,9895.2,9895.2,9181.18,9181.18
SHIP,2014-12-29,9385.13,9385.13,8671.11,8671.11
SHIP,2014-12-30,8365.04,8671.11,8161.06,8569.03
SHIP,2014-12-31,8161.06,8671.11,8161.06,8467.03
SHIP,2015-01-02,8426.27,9150.48,6528.81,9150.48
SHIP,2015-01-05,8263.04,9079.17,7140.85,8393.57
SHIP,2015-01-06,8058.98,8874.03,7141.83,7278.56
SHIP,2015-01-07,7344.93,7344.93,6690.0,7241.79
SHIP,2015-01-08,8161.06,8263.04,7752.99,7854.98
SHIP,2015-01-09,7447.89,8161.06,7447.89,8161.06
SHIP,2015-01-12,7651.88,7776.38,7651.88,7776.38
SHIP,2015-01-13,8058.98,8058.98,7140.85,8057.9
SHIP,2015-01-14,8058.98,8161.06,7650.91,7650.91
SHIP,2015-01-15,7854.98,8087.59,7854.98,7854.98
SHIP,2015-01-16,8263.04,8875.09,7650.91,8365.04
SHIP,2015-01-20,8771.95,10711.3,7446.93,7446.93
SHIP,2015-01-21,7548.92,8840.45,7446.93,8773.1
SHIP,2015-01-22,8649.57,8671.11,8058.98,8671.11
SHIP,2015-01-23,8344.66,8344.66,7763.18,7903.91
SHIP,2015-01-26,8567.97,8567.97,7140.85,7908.95
SHIP,2015-01-27,7253.12,7935.44,6233.02,7935.44
SHIP,2015-01-28,7548.92,7827.34,6233.02,6630.8
SHIP,2015-01-29,7853.83,7853.83,6630.8,6733.77
SHIP,2015-01-30,11221.4,11221.4,7253.12,7650.91
SHIP,2015-02-02,8548.64,8548.64,7253.12,8445.59
SHIP,2015-02-03,7593.85,8567.97,7344.93,7955.91
SHIP,2015-02-04,7349.01,8261.9,7349.01,8058.98
SHIP,2015-02-05,8363.98,8363.98,8363.98,8363.98
SHIP,2015-02-06,8467.03,8671.11,6732.79,7446.93
SHIP,2015-02-09,8153.79,8153.79,7854.98,7956.98
SHIP,2015-02-10,7956.98,7956.98,7661.19,7752.99
SHIP,2015-02-11,7752.99,7955.91,7038.86,7955.91
SHIP,2015-02-12,7853.83,7853.83,7242.94,7834.6
SHIP,2015-02-13,8057.9,8057.9,7679.53,7679.53
SHIP,2015-02-17,7446.93,7853.83,7054.1,7853.83
SHIP,2015-02-18,7333.59,7854.98,6906.3,7854.98
SHIP,2015-02-19,7854.98,7977.36,6937.76,7977.36
SHIP,2015-02-20,7956.98,8057.9,7140.85,8014.14
SHIP,2015-02-23,8058.98,8058.98,7426.54,7955.91
SHIP,2015-02-24,8057.9,8057.9,7548.92,7649.85
SHIP,2015-02-25,7344.93,7447.89,7344.93,7447.89
SHIP,2015-02-26,7854.98,7854.98,7854.98,7854.98
SHIP,2015-02-27,7854.98,8669.95,7854.98,8263.04
SHIP,2015-03-02,8671.11,8671.11,7650.91,7956.98
SHIP,2015-03-03,8263.04,8263.04,8263.04,8263.04
SHIP,2015-03-04,7344.93,8773.1,7344.93,8773.1
SHIP,2015-03-05,8058.98,9895.2,7956.98,8058.98
SHIP,2015-03-06,8161.06,9793.24,8058.98,8671.11
SHIP,2015-03-09,8263.04,8263.04,6324.81,8161.06
SHIP,2015-03-10,7446.93,8161.06,7446.93,8058.98
SHIP,2015-03-11,8058.98,8058.98,8058.98,8058.98
SHIP,2015-03-12,7242.94,8058.98,7242.94,8058.98
SHIP,2015-03-13,8161.06,10099.3,8161.06,9181.18
SHIP,2015-03-16,9793.24,9997.35,8263.04,8365.04
SHIP,2015-03-17,9181.18,9181.18,8365.04,9079.17
SHIP,2015-03-18,9079.17,9079.17,6936.87,7344.93
SHIP,2015-03-19,8263.04,8467.03,6732.79,7242.94
SHIP,2015-03-20,7548.92,7752.99,7242.94,7242.94
SHIP,2015-03-23,7956.98,7956.98,7140.85,7854.98
SHIP,2015-03-24,7956.98,7956.98,7956.98,7956.98
SHIP,2015-03-25,7752.99,8058.98,7038.86,8058.98
SHIP,2015-03-26,7854.98,8161.06,7548.92,8161.06
SHIP,2015-03-27,8161.06,8263.04,7650.91,7752.99
SHIP,2015-03-30,8161.06,8161.06,7956.98,7956.98
SHIP,2015-03-31,8161.06,8161.06,7956.98,8159.9
SHIP,2015-04-01,8365.04,8365.04,6936.87,7446.93
SHIP,2015-04-02,7956.98,7956.98,7548.92,7548.92
SHIP,2015-04-06,7242.94,8671.11,7242.94,8161.06
SHIP,2015-04-07,8467.03,8467.03,6936.87,8365.04
SHIP,2015-04-08,7242.94,8365.04,7242.94,7956.98
SHIP,2015-04-09,9360.0,9360.0,9360.0,9360.0
SHIP,2015-04-10,8365.04,8365.04,8058.98,8058.98
SHIP,2015-04-13,7650.91,7650.91,7344.93,7650.91
SHIP,2015-04-14,7242.94,7854.98,7140.85,7548.92
SHIP,2015-04-15,7752.99,7752.99,7752.99,7752.99
SHIP,2015-04-16,7701.95,7701.95,7344.93,7409.09
SHIP,2015-04-17,8058.98,8058.98,7344.93,7344.93
SHIP,2015-04-20,7140.85,7956.98,7140.85,7367.35
SHIP,2015-04-21,6936.87,7845.68,6936.87,7710.1
SHIP,2015-04-22,7853.83,7853.83,7853.83,7853.83
SHIP,2015-04-23,7650.91,7854.98,7446.93,7854.98
SHIP,2015-04-24,7854.98,7854.98,7854.98,7854.98
SHIP,2015-04-27,7446.93,7956.98,7038.86,7548.92
SHIP,2015-04-28,7446.93,7446.93,7140.85,7242.94
SHIP,2015-04-29,7140.85,7140.85,7038.86,7038.86
SHIP,2015-04-30,7446.93,7854.98,7344.93,7650.91
SHIP,2015-05-01,7446.93,7446.93,7038.86,7140.85
SHIP,2015-05-04,7038.86,7140.85,7038.86,7140.85
SHIP,2015-05-05,7752.99,7752.99,7038.86,7038.86
SHIP,2015-05-06,7089.9,7173.56,7089.9,7173.56
SHIP,2015-05-07,7334.74,7334.74,7334.74,7334.74
SHIP,2015-05-08,7242.94,7242.94,7242.94,7242.94
SHIP,2015-05-11,7344.93,7344.93,7140.85,7140.85
SHIP,2015-05-12,7306.12,7650.91,7306.12,7650.91
SHIP,2015-05-13,7548.92,7548.92,7548.92,7548.92
SHIP,2015-05-14,7548.92,7548.92,7344.93,7344.93
SHIP,2015-05-15,7502.93,7502.93,7212.28,7212.28
SHIP,2015-05-18,7090.79,7566.2,7090.79,7566.2
SHIP,2015-05-19,7140.85,7446.93,7038.86,7140.85
SHIP,2015-05-20,7650.91,7650.91,7344.93,7344.93
SHIP,2015-05-21,7344.93,7344.93,7038.86,7140.85
SHIP,2015-05-22,7140.85,7344.93,7140.85,7344.93
SHIP,2015-05-26,7344.93,7345.81,7089.9,7089.9
SHIP,2015-05-27,7140.85,7140.85,7140.85,7140.85
SHIP,2015-05-28,7089.9,7140.85,6998.1,7089.9
SHIP,2015-05-29,7038.86,7038.86,6630.8,6834.87
SHIP,2015-06-01,6884.77,6884.77,6834.87,6834.87
SHIP,2015-06-02,6631.78,6732.79,6631.78,6732.79
SHIP,2015-06-03,6630.8,6732.79,6630.8,6630.8
SHIP,2015-06-04,6732.79,6732.79,6732.79,6732.79
SHIP,2015-06-05,6222.73,6630.8,6222.73,6630.8
SHIP,2015-06-08,6630.8,6630.8,5508.7,5814.76
SHIP,2015-06-09,5610.69,6002.44,5610.69,5957.53
SHIP,2015-06-10,5908.61,5908.61,5768.78,5814.76
SHIP,2015-06-11,5765.76,6273.78,5610.69,5953.44
SHIP,2015-06-12,5610.69,6120.75,5610.69,6120.75
SHIP,2015-06-15,6732.79,6732.79,5916.76,5916.76
SHIP,2015-06-16,6222.73,6222.73,5712.68,5712.68
SHIP,2015-06-17,6120.75,6222.73,5712.68,5712.68
SHIP,2015-06-18,5814.76,6222.73,5814.76,6120.75
SHIP,2015-06-19,6222.73,6222.73,6018.75,6222.73
SHIP,2015-06-22,6222.73,6732.79,6222.73,6732.79
SHIP,2015-06-23,6222.73,6222.73,6194.21,6194.21
SHIP,2015-06-24,6018.75,6120.75,6018.75,6120.75
SHIP,2015-06-25,5814.76,5916.76,5610.69,5916.76
SHIP,2015-06-26,5916.76,6120.75,5712.68,6120.75
SHIP,2015-06-29,5712.68,5712.68,5202.63,5610.69
SHIP,2015-06-30,5649.51,5712.68,5305.6,5712.68
SHIP,2015-07-01,5712.68,10609.4,5712.68,6936.87
SHIP,2015-07-02,6630.8,7344.93,6630.8,6732.79
SHIP,2015-07-06,7344.93,7344.93,6120.75,6120.75
SHIP,2015-07-07,6528.81,6630.8,6120.75,6222.73
SHIP,2015-07-08,7038.86,7038.86,6222.73,6222.73
SHIP,2015-07-09,6528.81,6630.8,6222.73,6528.81
SHIP,2015-07-10,6426.82,6630.8,6222.73,6426.82
SHIP,2015-07-13,6630.8,7548.92,6528.81,6834.87
SHIP,2015-07-14,8161.06,10201.3,7630.54,8161.06
SHIP,2015-07-15,11221.4,12241.5,8161.06,10914.3
SHIP,2015-07-16,11935.5,14689.9,11527.5,13261.7
SHIP,2015-07-17,13771.8,14077.7,13159.5,13771.8
SHIP,2015-07-20,13873.7,14179.9,12037.5,12547.5
SHIP,2015-07-21,10303.2,11833.4,8365.04,9589.23
SHIP,2015-07-22,11221.4,14383.8,9691.19,10813.3
SHIP,2015-07-23,11629.4,11629.4,9385.13,10609.4
SHIP,2015-07-24,10201.3,11425.5,9997.35,10201.3
SHIP,2015-07-27,10405.2,10507.4,9283.15,9691.19
SHIP,2015-07-28,10813.3,10813.3,9181.18,9487.1
SHIP,2015-07-29,8977.09,9895.2,8467.03,8773.1
SHIP,2015-07-30,8977.09,9487.1,8467.03,9079.17
SHIP,2015-07-31,8977.09,8977.09,8263.04,8263.04
SHIP,2015-08-03,8875.09,9079.17,7140.85,8047.72
SHIP,2015-08-04,8365.04,8365.04,7956.98,8263.04
SHIP,2015-08-05,7956.98,8058.98,7650.91,8058.98
SHIP,2015-08-06,8263.04,8263.04,7242.94,7578.42
SHIP,2015-08-07,7650.91,7752.99,7344.93,7752.99
SHIP,2015-08-10,7752.99,8161.06,7446.93,8161.06
SHIP,2015-08-11,7753.88,8405.8,7752.99,8205.9
SHIP,2015-08-12,8263.04,8467.03,7650.91,8263.04
SHIP,2015-08-13,8365.04,8365.04,8058.98,8263.04
SHIP,2015-08-14,8365.04,8467.03,8058.98,8467.03
SHIP,2015-08-17,7956.98,8467.03,7650.91,7650.91
SHIP,2015-08-18,8161.06,8263.04,7650.91,7752.99
SHIP,2015-08-19,7956.98,8263.04,7650.91,7752.99
SHIP,2015-08-20,8058.98,8058.98,7650.91,7650.91
SHIP,2015-08-21,7650.91,7650.91,7344.93,7344.93
SHIP,2015-08-24,7446.93,8365.04,6528.81,7037.8
SHIP,2015-08-25,7140.85,8977.09,6528.81,7650.91
SHIP,2015-08-26,8569.03,8977.09,7446.93,8671.11
SHIP,2015-08-27,8671.11,8671.11,7548.92,8263.04
SHIP,2015-08-28,7854.98,8773.1,7854.98,8467.03
SHIP,2015-08-31,8671.11,8671.11,8263.04,8569.03
SHIP,2015-09-01,7548.92,8569.03,7548.92,8569.03
SHIP,2015-09-02,8569.03,8569.03,7650.91,8161.06
SHIP,2015-09-03,8569.03,8569.03,7854.98,8161.06
SHIP,2015-09-04,7854.98,7854.98,7650.91,7752.99
SHIP,2015-09-08,7650.91,8058.98,7650.91,7956.98
SHIP,2015-09-09,8058.98,8058.98,7752.99,7752.99
SHIP,2015-09-10,7752.99,7921.18,6738.99,7870.22
SHIP,2015-09-11,7548.92,7548.92,7140.85,7548.92
SHIP,2015-09-14,7446.93,7956.98,7344.93,7956.98
SHIP,2015-09-15,8058.98,8058.98,7344.93,7956.98
SHIP,2015-09-16,7344.93,7956.98,7344.93,7854.98
SHIP,2015-09-17,7963.09,7963.09,7963.09,7963.09
SHIP,2015-09-18,9360.0,9360.0,9360.0,9360.0
SHIP,2015-09-21,8058.98,8058.98,8058.98,8058.98
SHIP,2015-09-22,7854.98,7854.98,7140.85,7446.93
SHIP,2015-09-23,7548.92,7956.98,7344.93,7854.98
SHIP,2015-09-24,7752.99,7826.45,7752.99,7752.99
SHIP,2015-09-25,7548.92,7752.99,7548.92,7752.99
SHIP,2015-09-28,7344.93,7579.58,7141.83,7579.58
SHIP,2015-09-29,7140.85,7650.91,7038.86,7038.86
SHIP,2015-09-30,7752.99,7752.99,7140.85,7650.91
SHIP,2015-10-01,7548.92,7548.92,7548.92,7548.92
SHIP,2015-10-02,7650.91,7650.91,7344.93,7446.93
SHIP,2015-10-05,7298.94,7630.54,6948.03,7630.54
SHIP,2015-10-06,7752.99,7752.99,7038.86,7242.94
SHIP,2015-10-07,7242.94,7446.93,6936.87,7140.85
SHIP,2015-10-08,7140.85,7140.85,7140.85,7140.85
SHIP,2015-10-09,7140.85,7140.85,6936.87,6936.87
SHIP,2015-10-12,7293.89,7293.89,6936.87,7110.28
SHIP,2015-10-13,7140.85,7140.85,6834.87,6936.87
SHIP,2015-10-14,7242.94,7242.94,6834.87,7140.85
SHIP,2015-10-15,6834.87,7038.86,6834.87,6834.87
SHIP,2015-10-16,6732.79,6936.87,6630.8,6936.87
SHIP,2015-10-19,7038.86,7242.94,7038.86,7242.94
SHIP,2015-10-20,7293.89,7293.89,7293.89,7293.89
SHIP,2015-10-21,7242.94,7344.93,7242.94,7344.93
SHIP,2015-10-22,7344.93,7344.93,7140.85,7140.85
SHIP,2015-10-23,7446.93,11425.5,7344.93,8875.09
SHIP,2015-10-26,8569.03,8671.11,7854.98,7956.98
SHIP,2015-10-27,8161.06,8467.03,7956.98,8467.03
SHIP,2015-10-28,8161.06,8161.06,7752.99,7752.99
SHIP,2015-10-29,7752.99,8058.98,7650.91,7650.91
SHIP,2015-10-30,7650.91,7752.99,7446.93,7446.93
SHIP,2015-11-02,7650.91,7650.91,7446.93,7446.93
SHIP,2015-11-03,7140.85,7650.91,7140.85,7242.94
SHIP,2015-11-04,7619.28,7649.85,7141.83,7141.83
SHIP,2015-11-05,7140.85,7140.85,6630.8,6834.87
SHIP,2015-11-06,6834.87,6936.87,6834.87,6936.87
SHIP,2015-11-09,6834.87,7037.8,6834.87,7037.8
SHIP,2015-11-10,6834.87,6936.87,6630.8,6834.87
SHIP,2015-11-11,6426.82,7038.86,6426.82,6834.87
SHIP,2015-11-12,7140.85,7140.85,6732.79,6732.79
SHIP,2015-11-13,6630.8,6630.8,6324.81,6630.8
SHIP,2015-11-16,6834.87,6834.87,6324.81,6426.82
SHIP,2015-11-17,6426.82,6732.79,6426.82,6732.79
SHIP,2015-11-18,6426.82,6834.87,6426.82,6630.8
SHIP,2015-11-19,6630.8,6834.87,6630.8,6834.87
SHIP,2015-11-20,6834.87,6834.87,6426.82,6834.87
SHIP,2015-11-23,6834.87,6936.87,6834.87,6834.87
SHIP,2015-11-24,6834.87,6834.87,6834.87,6834.87
SHIP,2015-11-25,6834.87,6834.87,6834.87,6834.87
SHIP,2015-11-27,6834.87,6834.87,6834.87,6834.87
SHIP,2015-11-30,6936.87,7344.93,6936.87,7140.85
SHIP,2015-12-01,6834.87,7294.86,6503.2,7031.69
SHIP,2015-12-02,7233.63,7233.63,7037.8,7038.86
SHIP,2015-12-03,6325.7,6859.33,6325.7,6859.33
SHIP,2015-12-04,7140.85,7140.85,6732.79,6834.87
SHIP,2015-12-07,7344.93,7344.93,6834.87,6834.87
SHIP,2015-12-08,6732.79,7343.77,6324.81,6834.87
SHIP,2015-12-09,6834.87,6834.87,6426.82,6834.87
SHIP,2015-12-10,6426.82,6834.87,5610.69,6732.79
SHIP,2015-12-11,7920.0,7920.0,7920.0,7920.0
SHIP,2015-12-14,6324.81,6833.72,6017.6,6671.65
SHIP,2015-12-15,6834.87,6834.87,6120.75,6834.87
SHIP,2015-12-16,6630.8,6834.87,6630.8,6834.87
SHIP,2015-12-17,6630.8,6732.79,5814.76,6732.79
SHIP,2015-12-18,6528.81,6528.81,6528.81,6528.81
SHIP,2015-12-21,5814.76,7344.93,5814.76,6528.81
SHIP,2015-12-22,7129.6,7129.6,5916.76,6120.75
SHIP,2015-12-23,6732.79,7242.94,6018.75,6936.87
SHIP,2015-12-24,8160.0,8160.0,8160.0,8160.0
SHIP,2015-12-28,6822.64,6822.64,6672.54,6672.54
SHIP,2015-12-29,7800.0,7800.0,7800.0,7800.0
SHIP,2015-12-30,6731.73,6824.68,6731.73,6824.68
SHIP,2015-12-31,6935.72,6935.72,6935.72,6935.72
SHIP,2016-01-04,6130.93,6834.87,6130.93,6672.54
SHIP,2016-01-05,6836.91,6836.91,6836.91,6836.91
SHIP,2016-01-06,8040.0,8040.0,8040.0,8040.0
SHIP,2016-01-07,6776.66,6776.66,6105.42,6105.42
SHIP,2016-01-08,7406.16,8977.09,4639.68,5896.12
SHIP,2016-01-11,6100.37,6100.37,5100.64,5304.63
SHIP,2016-01-12,4239.68,5059.78,4121.29,4585.8
SHIP,2016-01-13,4610.96,5202.63,4101.09,4700.72
SHIP,2016-01-14,4182.52,4692.57,3856.07,3856.07
SHIP,2016-01-15,3856.07,3947.87,2244.29,3345.75
SHIP,2016-01-19,3570.47,3570.47,2835.96,3223.63
SHIP,2016-01-20,2797.33,4019.3,2614.78,4019.3
SHIP,2016-01-21,3672.47,5100.64,3672.2,4304.9
SHIP,2016-01-22,5304.63,5508.7,4694.79,5121.19
SHIP,2016-01-25,4504.89,5406.7,4504.89,5263.86
SHIP,2016-01-26,5100.64,5508.7,5100.64,5508.7
SHIP,2016-01-27,5508.7,10180.9,5508.7,10089.1
SHIP,2016-01-28,11119.4,11507.1,8936.33,11303.0
SHIP,2016-01-29,11201.0,11201.0,7242.94,7956.71
SHIP,2016-02-01,10201.3,10201.3,8589.5,9589.23
SHIP,2016-02-02,9609.6,9635.33,9609.6,9635.33
SHIP,2016-02-03,7956.98,9446.35,7956.98,8813.86
SHIP,2016-02-04,8391.53,8391.53,7038.86,7038.86
SHIP,2016-02-05,6936.87,7140.85,5998.37,6979.67
SHIP,2016-02-08,6947.06,6947.06,5855.52,6200.5
SHIP,2016-02-09,5121.01,6814.4,4712.95,4922.7
SHIP,2016-02-10,6120.75,6120.75,5100.81,5100.81
SHIP,2016-02-11,5080.25,5223.01,4386.51,5080.25
SHIP,2016-02-12,5704.53,5704.53,4985.52,5692.04
SHIP,2016-02-16,5692.31,5692.31,5692.31,5692.31
SHIP,2016-02-17,6140.95,6140.95,5121.01,5487.16
SHIP,2016-02-18,5473.61,5578.08,5473.61,5578.08
SHIP,2016-02-19,6552.0,6552.0,6552.0,6552.0
SHIP,2016-02-22,5135.28,5814.5,5135.28,5807.94
SHIP,2016-02-23,5812.64,5814.76,5263.86,5794.04
SHIP,2016-02-24,5773.92,5773.92,5325.1,5345.65
SHIP,2016-02-25,5745.38,5745.38,5745.38,5745.38
SHIP,2016-02-26,5814.76,5814.76,5436.12,5814.76
SHIP,2016-02-29,5814.76,5814.76,5100.81,5814.5
SHIP,2016-03-01,5243.48,5243.48,5243.48,5243.48
SHIP,2016-03-02,5406.7,5406.7,5406.7,5406.7
SHIP,2016-03-03,5508.7,5508.7,5177.73,5177.73
SHIP,2016-03-04,5355.66,5733.15,5355.66,5545.39
SHIP,2016-03-07,5814.76,6324.81,5100.64,6304.35
SHIP,2016-03-08,5345.47,5345.47,5345.47,5345.47
SHIP,2016-03-09,7344.93,7630.54,5651.63,5651.63
SHIP,2016-03-10,7406.16,8107.08,6759.82,7898.23
SHIP,2016-03-11,7895.74,7970.8,7120.48,7120.48
SHIP,2016-03-14,7120.48,7120.48,7120.48,7120.48
SHIP,2016-03-15,8161.06,8161.06,7140.59,7140.59
SHIP,2016-03-16,8400.0,8400.0,8400.0,8400.0
SHIP,2016-03-17,8400.0,8400.0,8400.0,8400.0
SHIP,2016-03-18,6630.8,6630.8,6120.75,6171.78
SHIP,2016-03-21,6192.17,6192.17,5365.85,5712.86
SHIP,2016-03-22,5610.69,5610.69,5121.01,5141.39
SHIP,2016-03-23,5508.7,5610.69,5141.39,5141.39
SHIP,2016-03-24,5406.7,5406.7,5398.91,5398.91
SHIP,2016-03-28,5671.92,5686.2,5223.01,5488.32
SHIP,2016-03-29,5340.69,5340.69,5340.69,5340.69
SHIP,2016-03-30,5226.73,5345.47,5226.73,5345.47
SHIP,2016-03-31,6120.75,6120.75,5304.8,5651.54
SHIP,2016-04-01,6648.0,6648.0,6648.0,6648.0
SHIP,2016-04-04,5792.26,6143.17,5792.26,6143.17
SHIP,2016-04-05,6120.75,6120.75,6120.75,6120.75
SHIP,2016-04-06,7200.0,7200.0,7200.0,7200.0
SHIP,2016-04-07,7200.0,7200.0,7200.0,7200.0
SHIP,2016-04-08,5026.02,5583.04,5026.02,5583.04
SHIP,2016-04-11,6576.0,6576.0,6576.0,6576.0
SHIP,2016-04-12,5590.3,5590.3,5100.64,5304.44
SHIP,2016-04-13,5100.64,5284.24,5019.02,5284.24
SHIP,2016-04-14,5302.4,5302.4,4862.35,4896.65
SHIP,2016-04-15,4529.36,4896.65,4202.9,4896.65
SHIP,2016-04-18,4284.51,5304.63,4284.51,4815.04
SHIP,2016-04-19,5664.0,5664.0,5664.0,5664.0
SHIP,2016-04-20,5100.37,5100.37,4855.8,4855.8
SHIP,2016-04-21,4815.04,4815.04,4284.51,4753.8
SHIP,2016-04-22,4978.26,4978.26,4445.7,4445.7
SHIP,2016-04-25,4386.68,4794.3,4386.68,4794.3
SHIP,2016-04-26,5080.25,5080.25,5080.25,5080.25
SHIP,2016-04-27,4815.04,4815.04,4692.57,4692.57
SHIP,2016-04-28,4488.59,6100.37,4488.59,5325.1
SHIP,2016-04-29,5345.47,6794.03,5280.61,5998.37
SHIP,2016-05-02,7018.48,7018.48,4896.65,5488.32
SHIP,2016-05-03,5590.3,5774.09,4876.18,5161.86
SHIP,2016-05-04,5427.08,5773.92,5427.08,5467.85
SHIP,2016-05-05,5233.02,5233.02,5233.02,5233.02
SHIP,2016-05-06,5569.93,5671.92,5569.93,5671.66
SHIP,2016-05-09,5712.68,5712.68,5508.7,5508.7
SHIP,2016-05-10,5386.24,5386.24,5361.33,5361.33
SHIP,2016-05-11,5304.44,5304.44,4733.42,4876.18
SHIP,2016-05-12,4774.19,4876.18,4774.19,4876.18
SHIP,2016-05-13,5101.79,5243.48,5101.79,5202.36
SHIP,2016-05-16,5202.63,5202.63,5202.63,5202.63
SHIP,2016-05-17,6120.0,6120.0,6120.0,6120.0
SHIP,2016-05-18,4815.04,4815.04,4815.04,4815.04
SHIP,2016-05-19,4896.65,4896.65,4755.13,4755.13
SHIP,2016-05-20,5161.6,5161.6,5161.6,5161.6
SHIP,2016-05-23,5141.39,5141.39,4835.6,4841.98
SHIP,2016-05-24,5031.26,5031.26,4366.13,4468.3
SHIP,2016-05-25,4672.2,4672.2,4672.2,4672.2
SHIP,2016-05-26,5496.0,5496.0,5496.0,5496.0
SHIP,2016-05-27,5496.0,5496.0,5496.0,5496.0
SHIP,2016-05-31,4671.93,4671.93,4631.34,4670.16
SHIP,2016-06-01,4739.53,4739.53,4729.35,4729.35
SHIP,2016-06-02,4692.3,4692.3,4692.3,4692.3
SHIP,2016-06-03,4651.81,4672.2,4651.81,4672.2
SHIP,2016-06-06,4760.45,4760.45,4760.45,4760.45
SHIP,2016-06-07,4672.2,4709.77,4372.24,4709.77
SHIP,2016-06-08,4386.33,4651.81,4279.37,4386.51
SHIP,2016-06-09,4488.59,4488.59,4447.74,4447.74
SHIP,2016-06-10,4284.7,4284.7,4284.7,4284.7
SHIP,2016-06-13,5040.0,5040.0,5040.0,5040.0
SHIP,2016-06-14,5040.0,5040.0,5040.0,5040.0
SHIP,2016-06-15,4570.2,4712.95,4325.36,4345.75
SHIP,2016-06-16,4284.51,4284.51,4284.51,4284.51
SHIP,2016-06-17,4488.59,4692.3,4488.59,4516.06
SHIP,2016-06-20,4345.75,4566.12,4345.75,4566.12
SHIP,2016-06-21,5376.0,5376.0,5376.0,5376.0
SHIP,2016-06-22,4692.57,4692.57,4692.57,4692.57
SHIP,2016-06-23,4715.43,4728.9,4488.59,4532.27
SHIP,2016-06-24,4345.75,4345.75,4284.7,4287.53
SHIP,2016-06-27,4284.7,4488.59,4284.7,4488.59
SHIP,2016-06-28,4590.32,4590.32,4488.59,4488.76
SHIP,2016-06-29,5280.0,5280.0,5280.0,5280.0
SHIP,2016-06-30,4488.32,4488.32,4488.32,4488.32
SHIP,2016-07-01,4284.51,4468.11,4284.51,4468.11
SHIP,2016-07-05,5256.0,5256.0,5256.0,5256.0
SHIP,2016-07-06,4447.74,4468.11,4447.74,4468.11
SHIP,2016-07-07,4304.9,4338.12,4284.51,4284.51
SHIP,2016-07-08,4447.74,4447.74,4312.87,4312.87
SHIP,2016-07-11,5064.0,5064.0,5064.0,5064.0
SHIP,2016-07-12,4355.93,4839.67,4355.93,4437.55
SHIP,2016-07-13,4345.75,4345.75,4284.51,4284.51
SHIP,2016-07-14,5040.0,5040.0,5040.0,5040.0
SHIP,2016-07-15,4202.9,4202.9,4202.9,4202.9
SHIP,2016-07-18,4944.0,4944.0,4944.0,4944.0
SHIP,2016-07-19,4944.0,4944.0,4944.0,4944.0
SHIP,2016-07-20,4668.56,5080.25,4184.56,5034.88
SHIP,2016-07-21,6039.13,8140.59,5304.63,6569.39
SHIP,2016-07-22,7752.99,7752.99,6528.81,7242.94
SHIP,2016-07-25,7548.92,7548.92,6326.85,7038.86
SHIP,2016-07-26,6590.04,6590.04,5957.7,6159.56
SHIP,2016-07-27,6163.37,6528.81,5977.9,6528.1
SHIP,2016-07-28,5977.9,6066.6,5977.9,6013.97
SHIP,2016-07-29,5896.29,5937.14,5612.73,5631.08
SHIP,2016-08-01,5916.76,6569.66,5747.42,5916.76
SHIP,2016-08-02,6549.19,16118.0,6549.19,12996.4
SHIP,2016-08-03,11792.6,12200.7,9895.2,10447.0
SHIP,2016-08-04,11037.8,11139.7,8977.09,9140.33
SHIP,2016-08-05,9466.72,15587.6,9434.19,10507.4
SHIP,2016-08-08,9772.87,10282.8,9181.18,9670.82
SHIP,2016-08-09,9568.76,9915.67,9201.56,9793.24
SHIP,2016-08-10,9691.19,10772.5,8263.04,8895.47
SHIP,2016-08-11,8793.49,9385.13,8467.03,8977.09
SHIP,2016-08-12,8854.71,9262.78,7650.91,8405.8
SHIP,2016-08-15,8344.66,8385.42,7508.16,7732.52
SHIP,2016-08-16,7691.76,7732.52,7242.94,7732.52
SHIP,2016-08-17,7854.98,7854.98,7161.77,7650.91
SHIP,2016-08-18,7589.77,7752.99,7263.32,7712.14
SHIP,2016-08-19,7875.37,7875.37,7140.85,7406.16
SHIP,2016-08-22,7148.65,7242.67,6528.81,6896.02
SHIP,2016-08-23,6732.97,6826.28,6408.48,6610.42
SHIP,2016-08-24,6610.42,7508.16,6610.42,7100.09
SHIP,2016-08-25,6936.87,8834.33,6936.87,7752.99
SHIP,2016-08-26,7895.74,8365.04,7120.48,7222.47
SHIP,2016-08-29,7222.64,7548.92,7140.85,7304.08
SHIP,2016-08-30,7283.7,7650.74,6651.27,7283.7
SHIP,2016-08-31,7528.53,7528.53,6732.79,7038.86
SHIP,2016-09-01,6998.1,8548.64,6855.26,6916.49
SHIP,2016-09-02,7018.48,7283.7,6528.98,6610.42
SHIP,2016-09-06,6753.26,7048.26,6304.35,6365.58
SHIP,2016-09-07,6365.58,6796.07,6365.58,6426.82
SHIP,2016-09-08,6406.43,7038.86,6406.43,6875.63
SHIP,2016-09-09,6692.03,6794.03,6488.05,6794.03
SHIP,2016-09-12,6773.65,6875.63,6283.97,6875.63
SHIP,2016-09-13,6773.65,7038.86,6120.92,6590.04
SHIP,2016-09-14,6324.81,6404.13,6018.75,6039.13
SHIP,2016-09-15,6263.59,6263.59,5610.69,5692.31
SHIP,2016-09-16,5590.3,5998.37,5263.86,5916.76
SHIP,2016-09-19,5855.52,5855.52,5427.08,5488.32
SHIP,2016-09-20,5529.26,5998.37,5508.7,5549.46
SHIP,2016-09-21,5578.08,6630.8,5578.08,6324.81
SHIP,2016-09-22,6447.19,6692.03,6259.25,6630.8
SHIP,2016-09-23,6610.42,6834.87,6283.97,6610.42
SHIP,2016-09-26,6594.91,8548.64,6244.98,6834.61
SHIP,2016-09-27,7140.85,7304.08,6324.81,6365.58
SHIP,2016-09-28,6406.43,6916.49,5916.76,6433.1
SHIP,2016-09-29,7304.08,7304.08,5916.76,6100.55
SHIP,2016-09-30,6528.81,6528.81,6018.75,6304.35
SHIP,2016-10-03,6222.73,6283.97,5937.14,6181.98
SHIP,2016-10-04,6120.75,6120.75,5837.19,6039.13
SHIP,2016-10-05,6018.75,6055.97,5712.68,6018.75
SHIP,2016-10-06,6018.75,6018.75,5610.69,5631.08
SHIP,2016-10-07,5875.91,5875.91,5406.7,5549.46
SHIP,2016-10-10,5406.88,5671.66,5325.1,5610.69
SHIP,2016-10-11,5538.83,5692.31,5406.7,5406.7
SHIP,2016-10-12,5631.08,5631.08,5386.24,5569.93
SHIP,2016-10-13,5610.69,5813.52,5304.63,5386.42
SHIP,2016-10-14,5549.46,5607.77,5345.47,5365.85
SHIP,2016-10-17,5712.68,5712.68,5304.63,5304.63
SHIP,2016-10-18,5304.63,5304.63,5202.63,5202.63
SHIP,2016-10-19,5202.63,5294.43,4896.65,4896.65
SHIP,2016-10-20,5100.64,5712.68,5100.64,5304.63
SHIP,2016-10-21,5508.7,5508.7,5202.63,5202.63
SHIP,2016-10-24,5202.63,5406.7,4998.65,5304.8
SHIP,2016-10-25,4848.62,5916.76,4848.62,5100.64
SHIP,2016-10-26,5041.45,5712.68,4794.56,4794.56
SHIP,2016-10-27,4794.56,4794.56,4284.51,4590.58
SHIP,2016-10-28,4590.58,4742.46,4488.76,4488.76
SHIP,2016-10-31,4590.58,4794.56,4182.52,4182.52
SHIP,2016-11-01,4376.31,4386.51,4182.52,4182.52
SHIP,2016-11-02,4080.52,4284.51,4080.52,4182.52
SHIP,2016-11-03,4284.51,4590.58,4182.52,4386.51
SHIP,2016-11-04,4590.58,4998.65,4182.52,4998.65
SHIP,2016-11-07,5406.7,5712.68,4182.52,4182.52
SHIP,2016-11-08,4692.57,4692.57,4182.52,4182.52
SHIP,2016-11-09,4182.52,4488.59,4182.52,4488.59
SHIP,2016-11-10,4284.51,4896.38,4080.52,4284.51
SHIP,2016-11-11,4182.52,5508.7,4080.52,4284.51
SHIP,2016-11-14,4488.59,5916.76,4284.51,5610.69
SHIP,2016-11-15,8161.06,13039.2,7854.98,9793.24
SHIP,2016-11-16,11629.4,17648.2,11629.4,14689.9
SHIP,2016-11-17,16424.0,16832.0,7650.91,7956.98
SHIP,2016-11-18,9181.18,9589.23,5508.7,6018.75
SHIP,2016-11-21,6324.81,6324.81,5406.7,5610.69
SHIP,2016-11-22,5712.68,5784.11,4896.65,4998.65
SHIP,2016-11-23,4998.65,5916.76,4998.65,5304.63
SHIP,2016-11-25,5304.63,5304.63,4896.65,4998.65
SHIP,2016-11-28,4998.65,5195.45,4488.59,4590.58
SHIP,2016-11-29,4386.51,5304.63,4182.52,4590.58
SHIP,2016-11-30,4590.58,5304.63,4488.59,4896.65
SHIP,2016-12-01,5304.63,5404.67,4488.59,4692.57
SHIP,2016-12-02,4692.57,4998.65,4488.59,4896.65
SHIP,2016-12-05,4794.56,5100.64,4488.59,4794.56
SHIP,2016-12-06,4794.56,4896.65,4488.59,4692.57
SHIP,2016-12-07,4896.65,4896.65,4488.59,4488.59
SHIP,2016-12-08,2550.28,2652.36,2244.29,2448.28
SHIP,2016-12-09,2652.36,2754.34,2550.28,2703.31
SHIP,2016-12-12,2754.34,2754.34,2448.28,2550.28
SHIP,2016-12-13,2550.28,2652.36,2346.29,2448.28
SHIP,2016-12-14,2448.28,2550.28,2346.29,2346.29
SHIP,2016-12-15,2550.28,2652.36,2346.29,2652.36
SHIP,2016-12-16,2958.34,3060.42,2652.36,2754.34
SHIP,2016-12-19,2652.36,2754.34,2652.36,2754.34
SHIP,2016-12-20,2754.34,2754.34,2550.28,2754.34
SHIP,2016-12-21,2754.34,2856.35,2652.36,2652.36
SHIP,2016-12-22,2652.36,2754.34,2550.28,2550.28
SHIP,2016-12-23,2550.28,2652.36,2346.29,2448.28
SHIP,2016-12-27,2448.28,2550.28,2346.29,2550.28
SHIP,2016-12-28,2550.28,2550.28,2346.29,2550.28
SHIP,2016-12-29,2550.28,2550.28,2346.29,2448.28
SHIP,2016-12-30,2346.29,2448.28,2346.29,2346.29
SHIP,2017-01-03,2346.29,2550.28,2346.29,2550.28
SHIP,2017-01-04,2550.28,2550.28,2448.28,2448.28
SHIP,2017-01-05,2448.28,2550.28,2448.28,2448.28
SHIP,2017-01-06,2448.28,2550.28,2448.28,2448.28
SHIP,2017-01-09,2550.28,2550.28,2346.29,2346.29
SHIP,2017-01-10,2448.28,2448.28,2346.29,2346.29
SHIP,2017-01-11,2448.28,2448.28,2346.29,2346.29
SHIP,2017-01-12,2346.29,2448.28,2346.29,2346.29
SHIP,2017-01-13,2448.28,2550.28,2346.29,2448.28
SHIP,2017-01-17,2448.28,2448.28,2346.29,2448.28
SHIP,2017-01-18,2346.29,2550.28,2346.29,2448.28
SHIP,2017-01-19,2346.29,2550.28,2346.29,2397.33
SHIP,2017-01-20,2397.33,2448.28,2346.29,2346.29
SHIP,2017-01-23,2448.28,2754.34,2448.28,2448.28
SHIP,2017-01-24,2448.28,2550.28,2448.28,2499.33
SHIP,2017-01-25,2550.28,2550.28,2448.28,2499.33
SHIP,2017-01-26,2550.28,2550.28,2448.28,2499.33
SHIP,2017-01-27,2448.28,2499.33,2346.29,2346.29
SHIP,2017-01-30,2448.28,2448.28,2346.29,2346.29
SHIP,2017-01-31,2448.28,2499.33,2346.29,2448.28
SHIP,2017-02-01,2448.28,2550.28,2346.29,2448.28
SHIP,2017-02-02,2448.28,2448.28,2346.29,2346.29
SHIP,2017-02-03,2448.28,2448.28,2346.29,2448.28
SHIP,2017-02-06,2346.29,2448.28,2244.29,2346.29
SHIP,2017-02-07,2346.29,2448.28,2244.29,2244.29
SHIP,2017-02-08,2346.29,2346.29,2244.29,2244.29
SHIP,2017-02-09,2244.29,2346.29,2244.29,2244.29
SHIP,2017-02-10,2346.29,2346.29,2142.3,2142.3
SHIP,2017-02-13,2244.29,2244.29,2142.3,2142.3
SHIP,2017-02-14,2244.29,2244.29,2142.3,2193.25
SHIP,2017-02-15,2142.3,2244.29,2040.21,2091.26
SHIP,2017-02-16,2142.3,2142.3,2040.21,2040.21
SHIP,2017-02-17,2346.29,2346.29,2142.3,2244.29
SHIP,2017-02-21,2244.29,2244.29,2142.3,2193.25
SHIP,2017-02-22,2142.3,2244.29,2040.21,2040.21
SHIP,2017-02-23,2040.21,2142.3,2040.21,2142.3
SHIP,2017-02-24,2040.21,2142.3,2040.21,2040.21
SHIP,2017-02-27,2142.3,2142.3,2040.21,2040.21
SHIP,2017-02-28,2040.21,2142.3,2040.21,2091.26
SHIP,2017-03-01,2040.21,2142.3,2040.21,2040.21
SHIP,2017-03-02,2142.3,2142.3,2040.21,2040.21
SHIP,2017-03-03,2040.21,2142.3,2040.21,2040.21
SHIP,2017-03-06,2142.3,2142.3,2040.21,2040.21
SHIP,2017-03-07,2040.21,2142.3,1938.23,1938.23
SHIP,2017-03-08,2203.45,2244.29,1938.23,2040.21
SHIP,2017-03-09,2040.21,2121.84,1938.23,1958.43
SHIP,2017-03-10,1958.6,1999.19,1938.23,1966.85
SHIP,2017-03-13,1844.39,1999.46,1734.24,1775.44
SHIP,2017-03-14,1782.36,1836.23,1530.16,1754.62
SHIP,2017-03-15,1713.77,1734.24,1550.72,1642.0
SHIP,2017-03-16,1836.23,1905.36,1715.99,1715.99
SHIP,2017-03-17,1734.24,1815.85,1632.24,1693.4
SHIP,2017-03-20,1705.62,1713.77,1632.24,1652.63
SHIP,2017-03-21,1662.1,1713.77,1632.24,1632.24
SHIP,2017-03-22,1632.24,1673.01,1530.16,1552.67
SHIP,2017-03-23,1580.94,1713.77,1571.02,1652.63
SHIP,2017-03-24,1693.4,1693.4,1571.02,1571.02
SHIP,2017-03-27,1622.41,1632.24,1480.1,1611.77
SHIP,2017-03-28,1652.63,1734.24,1579.62,1693.4
SHIP,2017-03-29,1703.58,1713.6,1642.62,1703.58
SHIP,2017-03-30,1713.77,1795.2,1652.63,1713.77
SHIP,2017-03-31,1709.52,1713.77,1662.37,1673.01
SHIP,2017-04-03,1673.01,1711.56,1632.34,1698.44
SHIP,2017-04-04,1958.6,2468.75,1877.0,2244.29
SHIP,2017-04-05,2001.68,2142.3,1754.79,1754.79
SHIP,2017-04-06,1842.34,1979.08,1795.38,1877.0
SHIP,2017-04-07,1897.46,1897.46,1754.62,1785.2
SHIP,2017-04-10,1897.46,1907.65,1758.25,1877.0
SHIP,2017-04-11,1938.23,1938.23,1836.23,1843.67
SHIP,2017-04-12,1836.23,1979.08,1836.23,1841.9
SHIP,2017-04-13,1836.23,1917.85,1795.38,1815.85
SHIP,2017-04-17,1775.0,1856.35,1754.62,1769.07
SHIP,2017-04-18,1979.08,1979.08,1797.42,1836.23
SHIP,2017-04-19,1897.46,1897.46,1754.62,1826.84
SHIP,2017-04-20,1815.85,1893.39,1775.0,1836.23
SHIP,2017-04-21,1836.23,1938.23,1792.72,1854.58
SHIP,2017-04-24,1795.38,1877.0,1754.62,1754.62
SHIP,2017-04-25,1734.24,1836.23,1734.24,1775.0
SHIP,2017-04-26,1822.14,1824.89,1724.05,1724.05
SHIP,2017-04-27,1836.23,1836.23,1652.63,1656.71
SHIP,2017-04-28,1652.63,1732.2,1632.24,1661.58
SHIP,2017-05-01,1673.01,1708.1,1581.21,1591.39
SHIP,2017-05-02,1591.39,1671.94,1532.65,1546.47
SHIP,2017-05-03,1530.16,1571.02,1530.16,1531.15
SHIP,2017-05-04,1550.63,1591.39,1522.01,1522.01
SHIP,2017-05-05,1530.16,1581.21,1469.02,1469.02
SHIP,2017-05-08,1469.02,1528.12,1336.37,1459.63
SHIP,2017-05-09,1428.17,1528.3,1224.18,1346.56
SHIP,2017-05-10,1428.17,1428.17,1226.22,1305.97
SHIP,2017-05-11,1326.18,1407.53,1305.8,1383.34
SHIP,2017-05-12,1346.56,1387.41,1329.11,1356.75
SHIP,2017-05-15,1428.17,1428.17,1356.75,1366.94
SHIP,2017-05-16,1387.41,1428.17,1360.03,1397.6
SHIP,2017-05-17,1407.78,1632.24,1407.35,1479.21
SHIP,2017-05-18,1479.21,1553.03,1407.78,1448.55
SHIP,2017-05-19,1428.17,1489.41,1428.17,1428.17
SHIP,2017-05-22,1428.17,1469.02,1428.17,1428.17
SHIP,2017-05-23,1529.9,1529.9,1428.17,1458.92
SHIP,2017-05-24,1458.74,1485.76,1387.76,1407.78
SHIP,2017-05-25,1428.17,1489.41,1387.41,1407.78
SHIP,2017-05-26,1428.17,1464.94,1387.41,1410.37
SHIP,2017-05-30,1410.37,1410.37,1387.58,1387.58
SHIP,2017-05-31,1387.41,1404.16,1185.37,1262.91
SHIP,2017-06-01,1326.18,1387.41,1326.18,1338.41
SHIP,2017-06-02,1387.41,1387.41,1264.95,1264.95
SHIP,2017-06-05,1264.95,1290.47,1203.72,1249.62
SHIP,2017-06-06,1244.57,1352.67,1244.57,1342.22
SHIP,2017-06-07,1325.91,1376.34,1285.33,1285.33
SHIP,2017-06-08,1326.18,1387.41,1326.18,1346.56
SHIP,2017-06-09,1289.84,1469.02,1285.5,1448.55
SHIP,2017-06-12,1489.41,1489.41,1369.15,1388.2
SHIP,2017-06-13,1428.17,1448.55,1346.56,1407.78
SHIP,2017-06-14,1469.02,1530.16,1368.98,1410.01
SHIP,2017-06-15,1419.14,1428.17,1401.67,1402.56
SHIP,2017-06-16,1469.02,1469.02,1387.41,1389.18
SHIP,2017-06-19,1448.55,1458.74,1389.45,1402.56
SHIP,2017-06-20,1469.02,1469.02,1397.6,1458.74
SHIP,2017-06-21,1530.16,1774.73,1489.41,1649.88
SHIP,2017-06-22,1713.77,1775.0,1632.24,1685.23
SHIP,2017-06-23,1591.39,1713.77,1591.39,1706.15
SHIP,2017-06-26,1754.62,1912.53,1724.41,1856.61
SHIP,2017-06-27,1891.7,2162.69,1891.7,2101.45
SHIP,2017-06-28,2223.92,2244.29,2142.3,2223.92
SHIP,2017-06-29,2264.67,2448.28,2183.06,2448.28
SHIP,2017-06-30,2407.52,2509.51,1999.46,2121.84
SHIP,2017-07-03,2223.92,2346.29,2060.68,2183.06
SHIP,2017-07-05,2448.28,2550.28,1966.14,2101.45
SHIP,2017-07-06,2427.9,2427.9,1979.08,2060.68
SHIP,2017-07-07,2081.07,2101.45,1840.84,1897.46
SHIP,2017-07-10,1836.23,1836.23,1552.67,1591.39
SHIP,2017-07-11,1530.16,1632.24,1509.96,1540.36
SHIP,2017-07-12,1571.02,1693.4,1571.02,1637.12
SHIP,2017-07-13,1683.19,1734.24,1591.39,1693.4
SHIP,2017-07-14,1693.4,1734.24,1632.24,1657.15
SHIP,2017-07-17,1754.62,1754.62,1611.77,1632.24
SHIP,2017-07-18,1693.4,1693.4,1509.79,1577.13
SHIP,2017-07-19,1571.02,1591.39,1509.79,1530.16
SHIP,2017-07-20,1571.02,1611.77,1530.16,1571.02
SHIP,2017-07-21,1530.16,1669.37,1492.15,1532.2
SHIP,2017-07-24,1591.39,1591.39,1468.75,1469.02
SHIP,2017-07-25,1530.16,1550.63,1469.02,1489.41
SHIP,2017-07-26,1469.02,1499.59,1469.02,1486.65
SHIP,2017-07-27,1469.02,1562.86,1469.02,1493.48
SHIP,2017-07-28,1530.16,1555.77,1450.58,1550.63
SHIP,2017-07-31,1530.16,1693.4,1530.16,1550.63
SHIP,2017-08-01,1632.24,1652.63,1550.63,1581.21
SHIP,2017-08-02,1571.02,1652.63,1530.61,1584.39
SHIP,2017-08-03,1621.97,1621.97,1530.16,1562.6
SHIP,2017-08-04,1530.43,1591.57,1503.67,1519.97
SHIP,2017-08-07,1489.41,1577.57,1489.41,1509.79
SHIP,2017-08-08,1509.79,1530.16,1436.5,1448.55
SHIP,2017-08-09,1459.72,1495.08,1448.55,1458.74
SHIP,2017-08-10,1489.41,1571.19,1428.17,1478.06
SHIP,2017-08-11,1530.16,1632.24,1469.02,1471.06
SHIP,2017-08-14,1544.43,1571.02,1452.8,1489.41
SHIP,2017-08-15,1530.16,1611.77,1530.16,1530.16
SHIP,2017-08-16,1571.02,1999.46,1550.63,1713.77
SHIP,2017-08-17,1775.0,1979.08,1734.24,1860.07
SHIP,2017-08-18,1877.0,1999.46,1856.61,1938.4
SHIP,2017-08-21,1979.08,2285.05,1970.92,2142.3
SHIP,2017-08-22,2025.69,2142.3,1795.38,2142.3
SHIP,2017-08-23,2142.3,2244.29,2060.68,2126.89
SHIP,2017-08-24,2101.45,2203.45,2101.45,2121.84
SHIP,2017-08-25,2081.07,2387.14,2081.07,2305.61
SHIP,2017-08-28,2244.29,2366.67,2203.45,2264.67
SHIP,2017-08-29,2264.67,2295.25,2101.45,2283.9
SHIP,2017-08-30,2244.29,2244.29,2142.3,2183.06
SHIP,2017-08-31,2162.69,2244.29,2160.65,2241.99
SHIP,2017-09-01,2203.45,2285.05,2162.69,2285.05
SHIP,2017-09-05,2305.53,2387.14,2183.06,2223.92
SHIP,2017-09-06,2285.05,2366.67,2244.29,2346.29
SHIP,2017-09-07,2346.29,2489.13,2305.53,2387.14
SHIP,2017-09-08,2366.67,2448.28,2306.68,2366.67
SHIP,2017-09-11,2448.28,2550.28,2366.67,2509.51
SHIP,2017-09-12,2509.51,2527.86,2387.14,2427.9
SHIP,2017-09-13,2366.67,2427.9,2203.62,2346.29
SHIP,2017-09-14,2550.28,2754.34,2183.06,2468.75
SHIP,2017-09-15,2448.28,2591.13,2346.29,2407.52
SHIP,2017-09-18,2448.28,2448.28,2285.05,2325.9
SHIP,2017-09-19,2305.53,2366.67,2223.92,2285.05
SHIP,2017-09-20,2305.53,2448.28,2305.53,2387.14
SHIP,2017-09-21,2346.29,2427.9,2323.16,2325.9
SHIP,2017-09-22,2325.9,2427.9,2268.04,2346.29
SHIP,2017-09-25,2346.29,2407.52,2244.29,2305.53
SHIP,2017-09-26,2305.53,2312.44,2244.29,2305.53
SHIP,2017-09-27,2387.14,2387.14,2264.67,2285.05
SHIP,2017-09-28,2264.67,2366.67,2264.67,2290.1
SHIP,2017-09-29,2285.05,2366.67,2264.67,2305.53
SHIP,2017-10-02,2346.29,2366.4,2264.67,2305.53
SHIP,2017-10-03,2285.05,2387.14,2285.05,2366.67
SHIP,2017-10-04,2387.14,2427.9,2366.67,2387.14
SHIP,2017-10-05,2407.52,2407.52,2346.29,2407.52
SHIP,2017-10-06,2407.52,2427.9,2346.29,2346.29
SHIP,2017-10-09,2346.29,2387.14,2244.29,2285.05
SHIP,2017-10-10,2305.53,2325.9,2264.67,2305.53
SHIP,2017-10-11,2285.05,2325.9,2285.05,2305.53
SHIP,2017-10-12,2305.53,2422.67,2285.05,2366.67
SHIP,2017-10-13,2407.52,2448.28,2366.67,2427.9
SHIP,2017-10-16,2448.28,2550.28,2427.9,2489.13
SHIP,2017-10-17,2468.75,2570.74,2468.75,2542.29
SHIP,2017-10-18,2550.28,2550.28,2387.14,2504.28
SHIP,2017-10-19,2448.28,2489.13,2407.52,2489.13
SHIP,2017-10-20,2448.28,2529.9,2407.52,2529.63
SHIP,2017-10-23,2223.92,2244.29,2040.21,2101.45
SHIP,2017-10-24,2081.07,2183.06,2040.21,2162.69
SHIP,2017-10-25,2101.45,2142.04,1958.6,1979.08
SHIP,2017-10-26,1979.08,2081.07,1953.46,1953.46
SHIP,2017-10-27,1938.23,2040.21,1938.23,1964.72
SHIP,2017-10-30,1961.88,2040.21,1938.23,1975.8
SHIP,2017-10-31,1968.88,2033.31,1958.78,2029.58
SHIP,2017-11-01,2037.38,2037.38,1857.59,1939.47
SHIP,2017-11-02,1958.6,1973.41,1877.0,1897.46
SHIP,2017-11-03,1857.06,2305.53,1857.06,2060.68
SHIP,2017-11-06,2244.29,2407.52,2142.3,2387.14
SHIP,2017-11-07,3203.17,3203.17,2795.11,2917.57
SHIP,2017-11-08,2693.11,2856.35,2264.67,2407.52
SHIP,2017-11-09,2407.52,2509.51,2264.67,2407.52
SHIP,2017-11-10,2346.29,2407.52,2162.69,2203.45
SHIP,2017-11-13,2223.92,2223.92,2123.87,2162.69
SHIP,2017-11-14,2121.84,2146.56,1897.64,1981.91
SHIP,2017-11-15,1938.23,2019.84,1903.58,1979.08
SHIP,2017-11-16,1923.96,2183.06,1923.96,2019.84
SHIP,2017-11-17,2264.67,2346.29,2101.45,2142.3
SHIP,2017-11-20,2081.07,2183.06,2062.72,2183.06
SHIP,2017-11-21,2101.45,2244.29,2081.07,2183.06
SHIP,2017-11-22,2183.06,2183.06,2060.68,2101.45
SHIP,2017-11-24,2142.3,2223.92,2101.01,2203.45
SHIP,2017-11-27,2203.45,2244.29,2123.87,2203.45
SHIP,2017-11-28,2223.92,2244.29,2060.68,2081.07
SHIP,2017-11-29,2101.45,2223.92,2081.07,2153.82
SHIP,2017-11-30,2203.45,2244.29,2060.68,2060.68
SHIP,2017-12-01,2101.45,2183.06,2101.45,2162.69
SHIP,2017-12-04,2060.68,2162.69,2060.68,2081.07
SHIP,2017-12-05,2081.07,2203.45,2060.68,2091.26
SHIP,2017-12-06,2101.45,2144.34,2040.21,2121.84
SHIP,2017-12-07,2101.45,2183.06,2101.45,2142.3
SHIP,2017-12-08,2244.29,2264.67,2101.45,2183.06
SHIP,2017-12-11,2183.06,2254.49,2142.3,2223.92
SHIP,2017-12-12,2223.92,2346.29,2223.92,2264.67
SHIP,2017-12-13,2223.92,2263.08,2203.45,2203.45
SHIP,2017-12-14,2203.45,2241.36,2183.06,2241.36
SHIP,2017-12-15,2244.29,2265.21,2183.06,2183.06
SHIP,2017-12-18,2203.45,2244.29,2172.87,2172.87
SHIP,2017-12-19,2183.06,2223.92,2122.01,2142.3
SHIP,2017-12-20,2142.3,2142.3,2019.84,2040.66
SHIP,2017-12-21,2060.68,2142.3,2060.68,2101.45
SHIP,2017-12-22,2101.45,2162.69,2061.05,2101.45
SHIP,2017-12-26,2040.21,2142.3,2040.21,2121.84
SHIP,2017-12-27,2101.45,2203.45,2081.07,2101.45
SHIP,2017-12-28,2121.84,2162.69,2101.45,2132.02
SHIP,2017-12-29,2142.3,2142.3,2081.07,2121.84
SHIP,2018-01-02,2121.84,2242.25,2040.21,2121.84
SHIP,2018-01-03,2142.3,2203.45,2121.84,2142.3
SHIP,2018-01-04,2203.45,2244.29,2162.86,2227.1
SHIP,2018-01-05,2285.05,2285.05,2162.69,2203.45
SHIP,2018-01-08,2203.45,2264.67,2183.51,2244.29
SHIP,2018-01-09,2264.67,2264.67,2203.88,2244.29
SHIP,2018-01-10,2244.29,2264.67,2203.45,2223.92
SHIP,2018-01-11,2223.92,2244.29,2183.06,2244.29
SHIP,2018-01-12,2223.92,2223.92,2164.72,2223.92
SHIP,2018-01-16,2203.45,2223.92,2142.3,2142.3
SHIP,2018-01-17,2203.45,2203.45,2081.07,2101.45
SHIP,2018-01-18,2121.84,2142.3,2101.45,2101.45
SHIP,2018-01-19,2101.45,2121.84,2081.07,2109.15
SHIP,2018-01-22,2121.84,2142.3,2101.45,2121.84
SHIP,2018-01-23,2121.84,2203.45,2121.84,2152.49
SHIP,2018-01-24,2244.29,2244.29,2162.69,2172.87
SHIP,2018-01-25,2183.06,2183.06,2123.87,2141.87
SHIP,2018-01-26,2148.42,2183.06,2121.84,2172.87
SHIP,2018-01-29,2142.3,2183.06,2142.3,2183.06
SHIP,2018-01-30,2123.87,2162.69,2081.07,2142.3
SHIP,2018-01-31,2183.06,2183.06,2101.45,2101.45
SHIP,2018-02-01,2081.07,2142.3,2081.07,2111.64
SHIP,2018-02-02,2101.45,2121.84,2040.21,2040.21
SHIP,2018-02-05,2081.07,2101.45,2040.21,2040.21
SHIP,2018-02-06,2040.21,2101.45,1999.46,2070.89
SHIP,2018-02-07,2081.07,2116.61,2060.68,2081.07
SHIP,2018-02-08,2101.45,2121.84,2021.08,2040.41
SHIP,2018-02-09,2081.07,2142.3,2040.21,2081.07
SHIP,2018-02-12,2101.45,2121.84,2060.68,2070.89
SHIP,2018-02-13,2060.68,2121.84,2040.41,2091.26
SHIP,2018-02-14,2101.45,2142.3,2081.07,2101.45
SHIP,2018-02-15,2060.68,2142.3,2060.68,2101.45
SHIP,2018-02-16,2142.3,2142.3,2101.63,2128.47
SHIP,2018-02-20,2121.84,2183.06,2121.84,2162.24
SHIP,2018-02-21,2142.3,2162.69,2121.84,2142.3
SHIP,2018-02-22,2142.3,2162.69,2142.3,2162.69
SHIP,2018-02-23,2142.3,2183.06,2121.84,2162.69
SHIP,2018-02-26,2162.69,2183.06,2121.84,2142.3
SHIP,2018-02-27,2162.69,2162.69,2121.84,2142.3
SHIP,2018-02-28,2162.69,2162.69,2121.84,2142.3
SHIP,2018-03-01,2142.3,2162.69,2081.07,2121.84
SHIP,2018-03-02,2142.3,2162.69,2121.84,2142.3
SHIP,2018-03-05,2121.84,2162.69,2121.84,2121.84
SHIP,2018-03-06,2162.69,2346.29,2142.3,2346.29
SHIP,2018-03-07,2387.14,2427.9,2040.21,2040.41
SHIP,2018-03-08,2060.68,2101.45,1979.08,1983.15
SHIP,2018-03-09,2040.21,2040.21,1958.78,1999.63
SHIP,2018-03-12,2040.21,2040.21,1996.98,1999.19
SHIP,2018-03-13,1999.46,2017.0,1958.6,1960.03
SHIP,2018-03-14,1960.64,1960.64,1958.6,1958.6
SHIP,2018-03-15,1938.23,1958.78,1879.92,1879.92
SHIP,2018-03-16,1938.23,1956.56,1887.28,1918.03
SHIP,2018-03-19,1953.46,1997.42,1895.78,1938.23
SHIP,2018-03-20,1941.24,1978.81,1897.46,1897.46
SHIP,2018-03-21,1897.46,1954.53,1897.46,1897.46
SHIP,2018-03-22,1917.85,1919.88,1887.28,1897.2
SHIP,2018-03-23,1888.87,1958.43,1877.0,1877.0
SHIP,2018-03-26,1877.0,1897.46,1754.62,1836.23
SHIP,2018-03-27,1821.26,1836.23,1775.18,1836.23
SHIP,2018-03-28,1821.07,1896.76,1775.18,1775.44
SHIP,2018-03-29,1795.38,1836.23,1775.18,1780.5
SHIP,2018-04-02,1836.23,1836.23,1775.54,1836.23
SHIP,2018-04-03,1836.23,1836.23,1775.18,1779.08
SHIP,2018-04-04,1758.87,1779.08,1683.74,1733.97
SHIP,2018-04-05,1734.24,1765.69,1673.01,1673.01
SHIP,2018-04-06,1673.01,1689.3,1432.42,1469.82
SHIP,2018-04-09,1530.16,1550.63,1440.4,1509.79
SHIP,2018-04-10,1550.63,1611.77,1502.17,1572.34
SHIP,2018-04-11,1632.24,1681.6,1538.31,1632.24
SHIP,2018-04-12,1632.24,1681.34,1632.24,1632.24
SHIP,2018-04-13,1673.01,1677.26,1652.63,1652.63
SHIP,2018-04-16,1673.01,1673.01,1611.77,1611.77
SHIP,2018-04-17,1645.62,1673.01,1611.77,1652.81
SHIP,2018-04-18,1673.01,1785.2,1672.74,1741.95
SHIP,2018-04-19,1795.38,1815.85,1703.76,1754.62
SHIP,2018-04-20,1815.85,1924.49,1708.1,1901.27
SHIP,2018-04-23,1958.6,1979.08,1836.23,1836.23
SHIP,2018-04-24,1938.23,1938.23,1707.66,1754.79
SHIP,2018-04-25,1734.24,1852.54,1693.4,1754.62
SHIP,2018-04-26,1754.62,1808.85,1713.94,1734.24
SHIP,2018-04-27,1735.39,1745.32,1673.01,1677.08
SHIP,2018-04-30,1677.08,1719.98,1673.01,1693.4
SHIP,2018-05-01,1673.01,1719.98,1673.01,1693.4
SHIP,2018-05-02,1673.01,1836.23,1673.01,1795.38
SHIP,2018-05-03,1713.77,1836.23,1713.77,1816.02
SHIP,2018-05-04,1754.62,1836.23,1713.94,1815.85
SHIP,2018-05-07,1754.62,1877.0,1754.62,1795.38
SHIP,2018-05-08,1775.0,1877.0,1775.0,1817.0
SHIP,2018-05-09,1857.59,1938.23,1775.0,1796.63
SHIP,2018-05-10,1836.23,1836.23,1775.18,1795.38
SHIP,2018-05-11,1775.18,1917.41,1764.81,1916.25
SHIP,2018-05-14,1877.0,1917.85,1836.23,1897.46
SHIP,2018-05-15,1877.0,1917.85,1836.23,1897.46
SHIP,2018-05-16,1775.0,1897.46,1775.0,1877.0
SHIP,2018-05-17,1877.0,1877.0,1777.04,1829.67
SHIP,2018-05-18,1877.0,1897.2,1797.42,1836.41
SHIP,2018-05-21,1897.46,1917.85,1754.62,1917.85
SHIP,2018-05-22,1836.23,1917.85,1820.45,1897.46
SHIP,2018-05-23,1877.0,1897.46,1838.45,1849.79
SHIP,2018-05-24,1836.23,1897.46,1836.23,1856.61
SHIP,2018-05-25,1838.45,1856.61,1815.85,1836.23
SHIP,2018-05-29,1836.23,1845.71,1775.0,1815.85
SHIP,2018-05-30,1775.0,1835.09,1775.0,1780.32
SHIP,2018-05-31,1775.0,1815.85,1764.81,1795.38
SHIP,2018-06-01,1795.38,1800.35,1765.25,1786.08
SHIP,2018-06-04,1764.81,1795.38,1755.51,1755.59
SHIP,2018-06-05,1755.51,1775.0,1713.77,1734.24
SHIP,2018-06-06,1795.38,1838.81,1795.38,1836.23
SHIP,2018-06-07,1856.61,1856.61,1694.36,1755.59
SHIP,2018-06-08,1713.77,1809.74,1713.77,1795.38
SHIP,2018-06-11,1815.85,1815.85,1713.77,1795.38
SHIP,2018-06-12,1815.85,1815.85,1633.13,1693.12
SHIP,2018-06-13,1632.24,1733.8,1632.24,1703.76
SHIP,2018-06-14,1754.62,1795.38,1693.4,1719.26
SHIP,2018-06-15,1775.0,1775.0,1713.94,1718.73
SHIP,2018-06-18,1775.0,1775.0,1714.22,1733.0
SHIP,2018-06-19,1775.0,1791.31,1693.83,1791.31
SHIP,2018-06-20,1775.0,1795.38,1724.05,1744.96
SHIP,2018-06-21,1795.38,1795.38,1673.01,1732.82
SHIP,2018-06-22,1734.24,1795.38,1699.68,1734.24
SHIP,2018-06-25,1795.38,1795.38,1713.77,1713.77
SHIP,2018-06-26,1652.63,1790.16,1652.63,1744.43
SHIP,2018-06-27,1673.01,1795.38,1673.01,1754.62
SHIP,2018-06-28,1795.38,1795.38,1735.39,1785.2
SHIP,2018-06-29,1775.0,1795.38,1713.94,1765.07
SHIP,2018-07-02,1775.18,1834.2,1744.43,1782.09
SHIP,2018-07-03,1836.23,1856.61,1662.82,1775.0
SHIP,2018-07-05,1815.85,1928.04,1815.85,1918.38
SHIP,2018-07-06,1958.6,1979.08,1856.61,1927.15
SHIP,2018-07-09,1979.08,2019.84,1866.8,1897.46
SHIP,2018-07-10,1932.12,1932.12,1873.36,1897.46
SHIP,2018-07-11,1836.23,1877.0,1836.23,1856.61
SHIP,2018-07-12,1856.61,1932.12,1836.23,1856.61
SHIP,2018-07-13,1856.61,1897.46,1856.61,1893.74
SHIP,2018-07-16,1891.35,1891.35,1836.67,1882.23
SHIP,2018-07-17,1882.04,1917.85,1798.84,1917.85
SHIP,2018-07-18,1915.8,1915.8,1795.38,1818.51
SHIP,2018-07-19,1897.46,1897.46,1836.23,1854.58
SHIP,2018-07-20,1897.46,1897.46,1856.61,1877.0
SHIP,2018-07-23,1877.0,1897.46,1816.02,1897.46
SHIP,2018-07-24,1826.04,1911.73,1826.04,1884.08
SHIP,2018-07-25,1836.41,1911.73,1836.23,1901.54
SHIP,2018-07-26,1911.73,1911.73,1795.38,1856.61
SHIP,2018-07-27,1877.0,1911.73,1856.61,1856.61
SHIP,2018-07-30,1837.12,1907.65,1836.67,1907.65
SHIP,2018-07-31,1911.73,1938.23,1836.23,1893.39
SHIP,2018-08-01,1958.6,1958.6,1836.23,1938.23
SHIP,2018-08-02,1946.38,1946.38,1877.0,1938.23
SHIP,2018-08-03,1897.46,2038.18,1897.46,1969.77
SHIP,2018-08-06,2019.84,2060.68,1958.6,2031.44
SHIP,2018-08-07,2019.84,2060.68,2013.72,2013.72
SHIP,2018-08-08,2013.72,2019.84,1959.15,1998.57
SHIP,2018-08-09,1989.26,2040.21,1944.51,2019.84
SHIP,2018-08-10,2040.21,2040.21,1864.76,1937.43
SHIP,2018-08-13,1848.2,2015.94,1847.75,1958.6
SHIP,2018-08-14,1930.52,1958.43,1897.64,1917.85
SHIP,2018-08-15,1938.23,1938.23,1836.23,1856.61
SHIP,2018-08-16,1917.85,1917.85,1877.17,1897.64
SHIP,2018-08-17,1877.0,1917.85,1877.0,1907.65
SHIP,2018-08-20,1917.58,1948.41,1877.44,1933.08
SHIP,2018-08-21,1917.85,1979.08,1872.74,1948.41
SHIP,2018-08-22,1938.23,1979.08,1937.96,1956.56
SHIP,2018-08-23,1897.46,1996.98,1887.28,1918.03
SHIP,2018-08-24,1938.23,1999.46,1897.46,1917.85
SHIP,2018-08-27,1938.23,1999.46,1897.46,1938.23
SHIP,2018-08-28,1938.23,1977.04,1907.65,1938.23
SHIP,2018-08-29,1907.65,1999.46,1907.65,1979.08
SHIP,2018-08-30,1999.46,1999.46,1936.36,1938.23
SHIP,2018-08-31,1909.69,1979.08,1909.69,1938.23
SHIP,2018-09-04,1938.23,1938.23,1775.0,1887.0
SHIP,2018-09-05,1856.61,1887.0,1835.97,1835.97
SHIP,2018-09-06,1815.85,1887.0,1795.38,1825.16
SHIP,2018-09-07,1795.38,1887.0,1795.38,1805.66
SHIP,2018-09-10,1877.0,1877.0,1784.04,1856.61
SHIP,2018-09-11,1856.61,1856.61,1786.43,1836.23
SHIP,2018-09-12,1811.78,1836.23,1775.0,1775.0
SHIP,2018-09-13,1795.38,1815.85,1775.0,1815.85
SHIP,2018-09-14,1754.62,1877.0,1754.62,1805.66
SHIP,2018-09-17,1795.38,1834.2,1754.62,1786.43
SHIP,2018-09-18,1826.04,1826.04,1754.62,1754.62
SHIP,2018-09-19,1764.81,1836.23,1754.62,1804.42
SHIP,2018-09-20,1795.38,1836.23,1754.62,1815.41
SHIP,2018-09-21,1836.23,1877.0,1754.79,1795.56
SHIP,2018-09-24,1754.79,1877.0,1632.24,1815.85
SHIP,2018-09-25,1734.24,1938.23,1734.24,1817.62
SHIP,2018-09-26,1826.22,1917.41,1754.62,1785.2
SHIP,2018-09-27,1754.62,1856.61,1660.95,1783.42
SHIP,2018-09-28,1734.24,1856.61,1734.24,1835.53
SHIP,2018-10-01,1734.24,1856.61,1734.24,1754.79
SHIP,2018-10-02,1836.23,1856.61,1764.81,1827.38
SHIP,2018-10-03,1854.58,1856.61,1815.85,1846.43
SHIP,2018-10-04,1856.61,1897.46,1775.0,1795.38
SHIP,2018-10-05,1877.0,1877.0,1795.38,1815.85
SHIP,2018-10-08,1764.81,1876.81,1764.81,1769.07
SHIP,2018-10-09,1815.85,1815.85,1781.65,1795.56
SHIP,2018-10-10,1673.01,1795.2,1673.01,1775.0
SHIP,2018-10-11,1754.62,1815.85,1736.27,1752.58
SHIP,2018-10-12,1754.62,1836.23,1754.62,1836.23
SHIP,2018-10-15,1763.3,1877.0,1763.3,1846.86
SHIP,2018-10-16,1795.38,1874.96,1769.87,1795.38
SHIP,2018-10-17,1795.38,1795.38,1693.57,1795.38
SHIP,2018-10-18,1777.04,1777.22,1611.77,1742.57
SHIP,2018-10-19,1794.76,1836.41,1754.62,1760.91
SHIP,2018-10-22,1877.0,2223.92,1856.61,1989.01
SHIP,2018-10-23,1877.0,1897.46,1673.46,1815.85
SHIP,2018-10-24,1791.31,1892.24,1693.4,1734.24
SHIP,2018-10-25,1693.4,1785.2,1675.04,1734.24
SHIP,2018-10-26,1775.0,1836.41,1673.01,1724.49
SHIP,2018-10-29,1842.34,1938.23,1754.62,1836.23
SHIP,2018-10-30,1836.23,1836.23,1734.24,1769.42
SHIP,2018-10-31,1877.0,1897.46,1764.81,1853.07
SHIP,2018-11-01,1877.0,1917.41,1806.54,1866.98
SHIP,2018-11-02,1866.98,1866.98,1754.62,1815.58
SHIP,2018-11-05,1815.85,1856.61,1777.92,1811.51
SHIP,2018-11-06,1811.51,1836.23,1754.79,1815.58
SHIP,2018-11-07,1795.38,1795.38,1673.01,1746.47
SHIP,2018-11-08,1662.82,1693.12,1632.24,1673.46
SHIP,2018-11-09,1652.63,1675.22,1571.02,1591.39
SHIP,2018-11-12,1591.39,1601.59,1530.16,1549.04
SHIP,2018-11-13,1632.24,1632.24,1509.79,1524.58
SHIP,2018-11-14,1489.41,1589.09,1436.85,1450.41
SHIP,2018-11-15,1530.16,1540.0,1450.58,1530.16
SHIP,2018-11-16,1448.55,1517.76,1428.17,1450.77
SHIP,2018-11-19,1475.49,1509.51,1369.42,1407.78
SHIP,2018-11-20,1428.17,1428.17,1287.19,1305.8
SHIP,2018-11-21,1308.01,1346.56,1224.37,1320.06
SHIP,2018-11-23,1305.8,1305.8,1232.33,1283.29
SHIP,2018-11-26,1328.66,1448.55,1283.29,1346.56
SHIP,2018-11-27,1387.41,1390.24,1285.33,1345.05
SHIP,2018-11-28,1407.78,1441.64,1305.8,1407.97
SHIP,2018-11-29,1530.16,1606.9,1387.41,1447.75
SHIP,2018-11-30,1428.17,1447.75,1326.18,1387.41
SHIP,2018-12-03,1456.97,1456.97,1335.93,1378.98
SHIP,2018-12-04,1366.94,1366.94,1255.2,1346.29
SHIP,2018-12-06,1326.18,1326.18,1025.42,1254.75
SHIP,2018-12-07,1264.95,1336.37,1252.71,1305.53
SHIP,2018-12-10,1365.87,1366.59,1248.64,1305.36
SHIP,2018-12-11,1244.57,1305.8,1203.89,1224.37
SHIP,2018-12-12,1214.52,1305.8,1203.72,1230.3
SHIP,2018-12-13,1203.72,1305.8,1203.72,1228.26
SHIP,2018-12-14,1285.33,1285.33,1111.92,1262.91
SHIP,2018-12-17,1244.74,1258.83,1122.1,1122.1
SHIP,2018-12-18,1224.18,1264.95,1071.15,1162.95
SHIP,2018-12-19,1162.78,1224.18,1088.88,1162.95
SHIP,2018-12-20,1081.34,1183.33,1042.35,1081.34
SHIP,2018-12-21,1040.93,1082.75,1040.5,1060.97
SHIP,2018-12-24,1040.5,1060.97,1021.35,1050.86
SHIP,2018-12-26,1020.11,1103.32,1020.11,1060.97
SHIP,2018-12-27,1060.97,1097.65,1020.11,1065.04
SHIP,2018-12-28,1090.56,1090.56,1020.11,1060.97
SHIP,2018-12-31,1040.5,1122.1,1020.28,1025.69
SHIP,2019-01-02,1076.82,1101.72,1030.29,1048.82
SHIP,2019-01-03,1046.25,1132.37,1040.93,1116.61
SHIP,2019-01-04,1115.99,1203.72,1093.57,1183.33
SHIP,2019-01-07,1203.72,1305.8,1122.1,1301.72
SHIP,2019-01-08,1264.95,1346.56,1224.18,1264.95
SHIP,2019-01-09,1264.95,1264.95,1224.18,1261.93
SHIP,2019-01-10,1235.35,1261.93,1226.22,1244.57
SHIP,2019-01-11,1226.22,1243.94,1183.33,1217.9
SHIP,2019-01-14,1204.17,1224.18,1203.72,1224.18
SHIP,2019-01-15,1183.33,1224.18,1173.14,1173.14
SHIP,2019-01-16,1162.95,1204.17,1127.87,1163.12
SHIP,2019-01-17,1140.53,1199.81,1122.55,1122.55
SHIP,2019-01-18,1122.1,1197.6,1122.1,1191.3
SHIP,2019-01-22,1142.58,1197.6,1142.58,1173.14
SHIP,2019-01-23,1142.58,1203.72,1116.61,1122.1
SHIP,2019-01-24,1122.1,1189.46,1040.5,1189.46
SHIP,2019-01-25,1145.76,1182.53,1040.5,1123.79
SHIP,2019-01-28,1122.1,1122.1,999.907,1020.11
SHIP,2019-01-29,1020.11,1045.63,954.448,954.448
SHIP,2019-01-30,984.403,1008.77,954.448,999.381
SHIP,2019-01-31,964.901,1019.31,928.928,928.928
SHIP,2019-02-01,979.343,1020.11,953.827,958.875
SHIP,2019-02-04,963.839,999.553,938.494,954.805
SHIP,2019-02-05,995.651,995.651,938.494,938.494
SHIP,2019-02-06,985.465,991.404,938.494,958.875
SHIP,2019-02-07,943.017,963.581,897.912,962.156
SHIP,2019-02-08,958.875,958.875,907.925,958.875
SHIP,2019-02-11,928.754,956.484,903.849,943.456
SHIP,2019-02-12,932.829,969.157,919.973,963.045
SHIP,2019-02-13,955.864,993.174,955.864,979.793
SHIP,2019-02-14,996.454,1019.31,955.425,1014.88
SHIP,2019-02-15,1019.93,1028.26,999.735,1028.26
SHIP,2019-02-19,1028.26,1080.9,1000.35,1057.86
SHIP,2019-02-20,1057.86,1100.12,1020.28,1020.28
SHIP,2019-02-21,1101.72,1101.72,1020.28,1079.92
SHIP,2019-02-22,1101.72,1101.72,1032.52,1032.52
SHIP,2019-02-25,1122.1,1122.1,1071.77,1071.77
SHIP,2019-02-26,1101.72,1101.72,1048.55,1060.97
SHIP,2019-02-27,1040.5,1101.54,1040.5,1048.82
SHIP,2019-02-28,1040.67,1040.67,1009.92,1014.0
SHIP,2019-03-01,1045.81,1045.81,979.343,985.991
SHIP,2019-03-04,979.343,979.343,918.291,967.914
SHIP,2019-03-05,958.875,979.343,938.494,977.134
SHIP,2019-03-06,978.722,979.343,938.494,954.805
SHIP,2019-03-07,938.494,977.306,841.2,923.783
SHIP,2019-03-08,923.344,999.735,897.912,958.789
SHIP,2019-03-11,1040.5,1040.5,897.736,912.002
SHIP,2019-03-12,938.494,969.157,826.304,871.019
SHIP,2019-03-13,872.8,872.8,811.001,851.639
SHIP,2019-03-14,872.206,894.014,816.106,830.381
SHIP,2019-03-15,826.304,869.148,826.304,847.555
SHIP,2019-03-18,871.187,896.495,836.504,895.963
SHIP,2019-03-19,887.545,887.545,716.132,744.693
SHIP,2019-03-20,658.321,758.596,571.268,577.392
SHIP,2019-03-21,563.108,598.473,491.02,535.903
SHIP,2019-03-22,544.065,580.794,537.267,569.912
SHIP,2019-03-25,571.268,625.676,548.149,576.709
SHIP,2019-03-26,578.074,753.536,578.074,738.569
SHIP,2019-03-27,754.892,1001.05,652.881,660.732
SHIP,2019-03-28,646.085,646.085,573.989,575.354
SHIP,2019-03-29,573.989,582.149,549.505,557.666
SHIP,2019-04-01,562.771,603.913,537.4,598.473
SHIP,2019-04-02,567.192,652.881,553.59,603.913
SHIP,2019-04-03,604.746,612.075,587.591,597.1
SHIP,2019-04-04,601.193,612.075,591.676,605.278
SHIP,2019-04-05,603.913,632.481,603.913,615.14
SHIP,2019-04-08,594.397,595.753,559.03,582.149
SHIP,2019-04-09,583.515,591.676,575.211,582.168
SHIP,2019-04-10,559.03,594.397,559.03,577.215
SHIP,2019-04-11,609.355,609.355,564.471,573.173
SHIP,2019-04-12,595.796,714.068,579.429,606.634
SHIP,2019-04-15,634.928,634.928,579.208,617.516
SHIP,2019-04-16,616.363,616.363,548.149,580.794
SHIP,2019-04-17,591.676,617.498,561.769,578.934
SHIP,2019-04-18,578.074,578.074,544.065,553.59
SHIP,2019-04-22,549.505,571.268,549.505,557.897
SHIP,2019-04-23,565.828,565.828,537.267,544.065
SHIP,2019-04-24,541.345,591.083,531.827,545.154
SHIP,2019-04-25,544.746,548.149,538.624,539.988
SHIP,2019-04-26,535.903,539.076,517.082,525.021
SHIP,2019-04-29,510.064,571.384,503.258,552.341
SHIP,2019-04-30,550.87,594.299,544.065,549.754
SHIP,2019-05-01,550.87,571.268,516.86,516.86
SHIP,2019-05-02,523.666,591.676,523.666,523.666
SHIP,2019-05-03,532.146,573.723,530.463,563.108
SHIP,2019-05-06,564.471,567.299,518.225,526.386
SHIP,2019-05-07,516.86,530.463,458.394,477.011
SHIP,2019-05-08,478.783,527.742,455.656,496.461
SHIP,2019-05-09,250.268,262.516,238.032,251.633
SHIP,2019-05-10,247.548,248.913,240.752,247.548
SHIP,2019-05-13,228.505,229.87,204.021,216.269
SHIP,2019-05-14,216.269,216.269,184.979,191.785
SHIP,2019-05-15,193.14,193.14,156.419,171.377
SHIP,2019-05-16,170.021,171.749,146.902,150.979
SHIP,2019-05-17,146.902,187.7,138.741,164.58
SHIP,2019-05-20,164.58,180.902,159.139,171.377
SHIP,2019-05-21,170.021,170.376,157.492,160.77
SHIP,2019-05-22,165.422,169.702,156.419,157.784
SHIP,2019-05-23,163.224,163.224,144.181,156.419
SHIP,2019-05-24,153.699,153.699,144.181,148.258
SHIP,2019-05-28,149.623,149.623,142.817,142.817
SHIP,2019-05-29,140.097,148.258,140.097,144.181
SHIP,2019-05-30,141.461,145.538,138.741,141.461
SHIP,2019-05-31,138.741,140.097,134.673,136.021
SHIP,2019-06-03,134.656,136.021,125.139,125.157
SHIP,2019-06-04,134.656,159.139,127.86,134.656
SHIP,2019-06-05,136.021,136.021,124.438,131.936
SHIP,2019-06-06,131.936,136.021,127.718,129.216
SHIP,2019-06-07,127.718,134.115,124.031,124.608
SHIP,2019-06-10,127.584,134.656,123.792,123.792
SHIP,2019-06-11,124.182,124.182,105.431,108.817
SHIP,2019-06-12,110.172,112.892,96.5704,96.5704
SHIP,2019-06-13,99.2906,99.2906,85.0061,90.1812
SHIP,2019-06-14,92.4944,97.5011,82.9956,88.4089
SHIP,2019-06-17,93.8494,94.9395,70.7289,77.5433
SHIP,2019-06-18,82.953,82.953,72.0891,75.0001
SHIP,2019-06-19,75.8427,78.8759,72.0891,76.564
SHIP,2019-06-20,76.5774,88.4089,72.0891,85.6885
SHIP,2019-06-21,88.4089,95.1963,78.9982,81.6106
SHIP,2019-06-24,82.9283,83.6336,77.2986,80.6712
SHIP,2019-06-25,81.202,85.6885,79.9101,81.6611
SHIP,2019-06-26,83.5565,84.3327,81.6106,82.2902
SHIP,2019-06-27,82.9707,88.2228,82.307,85.6708
SHIP,2019-06-28,86.6632,87.0531,81.6274,84.0757
SHIP,2019-07-01,88.4089,88.4089,81.6106,82.9707
SHIP,2019-07-02,84.3327,84.3327,78.8901,81.6106
SHIP,2019-07-03,82.0349,88.3291,81.6106,84.3593
SHIP,2019-07-05,89.7736,89.7736,83.6504,86.3708
SHIP,2019-07-08,87.0265,87.0265,83.6504,84.1006
SHIP,2019-07-09,85.6885,86.9114,79.5698,81.6106
SHIP,2019-07-10,82.5622,82.9707,72.7687,76.1422
SHIP,2019-07-11,77.5299,81.6106,72.7687,81.4315
SHIP,2019-07-12,81.6106,82.588,76.5774,80.2636
SHIP,2019-07-15,81.5928,85.6885,79.8418,84.8467
SHIP,2019-07-16,85.6885,88.4089,81.3386,87.0531
SHIP,2019-07-17,87.0531,92.9814,85.6885,89.7736
SHIP,2019-07-18,89.7736,92.8306,88.4089,91.4217
SHIP,2019-07-19,92.4944,93.832,86.3708,87.0531
SHIP,2019-07-22,87.0531,88.2759,83.6504,87.0353
SHIP,2019-07-23,85.0061,88.4089,85.0061,86.1492
SHIP,2019-07-24,86.2202,86.2202,82.2902,85.662
SHIP,2019-07-25,86.3708,87.0531,82.2902,82.8174
SHIP,2019-07-26,83.2676,85.6885,81.3386,83.599
SHIP,2019-07-29,83.6504,84.3327,78.4817,81.5423
SHIP,2019-07-30,82.5365,82.5365,78.4683,80.4266
SHIP,2019-07-31,80.4541,82.4267,80.2504,80.8112
SHIP,2019-08-01,81.6106,81.9499,73.4493,73.4493
SHIP,2019-08-02,74.8096,78.8901,68.0218,74.945
SHIP,2019-08-05,74.8096,75.8977,68.0085,69.3412
SHIP,2019-08-06,69.3687,71.0958,68.0218,70.1848
SHIP,2019-08-07,70.0484,73.4493,68.0085,70.7156
SHIP,2019-08-08,72.4018,76.1697,69.3687,73.4901
SHIP,2019-08-09,77.5299,77.5299,69.5317,72.0891
SHIP,2019-08-12,72.0891,76.4417,72.0891,76.1556
SHIP,2019-08-13,76.1697,78.8901,76.1422,77.2171
SHIP,2019-08-14,76.1697,77.5157,72.6189,72.6189
SHIP,2019-08-15,73.4493,77.5157,72.1166,72.7687
SHIP,2019-08-16,74.129,77.5299,74.129,75.8294
SHIP,2019-08-19,81.6106,81.6106,74.9594,75.1498
SHIP,2019-08-20,75.4892,77.8285,75.4892,77.1214
SHIP,2019-08-21,75.0408,77.5433,74.8096,76.1697
SHIP,2019-08-22,78.4541,84.3061,76.8494,83.4972
SHIP,2019-08-23,84.3327,84.3327,78.9716,80.0456
SHIP,2019-08-26,81.6106,81.6106,74.8096,77.1214
SHIP,2019-08-27,78.8901,81.5848,77.6655,78.8901
SHIP,2019-08-28,79.4067,84.191,79.1213,82.681
SHIP,2019-08-29,83.6504,87.7885,78.8901,82.9707
SHIP,2019-08-30,85.6885,88.4089,78.9034,83.6504
SHIP,2019-09-03,85.6885,86.2379,80.5898,82.0181
SHIP,2019-09-04,85.6885,86.3708,80.5898,82.6473
SHIP,2019-09-05,82.9707,85.0061,78.8901,81.7629
SHIP,2019-09-06,82.2902,84.9885,79.2295,80.6039
SHIP,2019-09-09,81.8994,81.8994,79.2569,80.9468
SHIP,2019-09-10,81.6106,83.6336,78.8901,81.6779
SHIP,2019-09-11,82.7235,82.7235,79.5698,80.6039
SHIP,2019-09-12,79.5698,80.2504,76.3195,77.6114
SHIP,2019-09-13,77.6655,78.8901,76.6589,78.8352
SHIP,2019-09-16,81.6106,81.6106,77.5299,77.5299
SHIP,2019-09-17,78.8901,80.2504,77.5299,78.8963
SHIP,2019-09-18,78.8901,81.4909,76.3054,78.2095
SHIP,2019-09-19,77.9552,79.5698,76.4417,76.8361
SHIP,2019-09-20,77.5157,77.5157,73.4493,74.1024
SHIP,2019-09-23,74.8096,76.7953,70.7289,72.293
SHIP,2019-09-24,71.6806,76.1697,70.7289,73.163
SHIP,2019-09-25,73.4351,73.4351,68.6882,70.7289
SHIP,2019-09-26,69.6948,72.2114,69.6425,70.7289
SHIP,2019-09-27,68.0085,72.0891,68.0085,70.1716
SHIP,2019-09-30,70.7289,72.0483,63.9279,65.4919
SHIP,2019-10-01,65.4919,70.7289,65.2881,67.8454
SHIP,2019-10-02,68.0085,68.0085,63.9279,64.8805
SHIP,2019-10-03,67.872,67.872,61.3705,64.1051
SHIP,2019-10-04,63.9279,70.0484,62.5676,68.9602
SHIP,2019-10-07,69.4706,72.0891,66.6483,70.0484
SHIP,2019-10-08,70.0484,74.129,67.3482,71.2729
SHIP,2019-10-09,71.8985,74.8777,70.7289,74.1431
SHIP,2019-10-10,74.1972,74.945,70.8919,72.7687
SHIP,2019-10-11,72.5108,74.8096,72.1024,74.1431
SHIP,2019-10-14,74.8096,91.8118,74.292,89.7912
SHIP,2019-10-15,93.1678,94.2131,77.5299,81.8401
SHIP,2019-10-16,81.6106,83.8286,77.5706,83.2932
SHIP,2019-10-17,84.3327,87.7178,80.2504,87.7178
SHIP,2019-10-18,87.0531,87.0531,81.6106,84.3327
SHIP,2019-10-21,87.0531,87.0531,81.6106,83.2932
SHIP,2019-10-22,82.2902,82.2902,76.5774,78.8901
SHIP,2019-10-23,79.5015,84.9885,74.8096,82.9707
SHIP,2019-10-24,84.3327,84.3327,78.9716,82.9707
SHIP,2019-10-25,82.9707,92.4761,82.6562,85.6442
SHIP,2019-10-28,84.4656,99.2906,84.3327,99.1308
SHIP,2019-10-29,100.654,104.731,95.3653,103.526
SHIP,2019-10-30,104.377,104.377,96.5704,100.026
SHIP,2019-10-31,102.011,104.731,92.6534,96.5427
SHIP,2019-11-01,97.9343,102.011,93.8494,100.637
SHIP,2019-11-04,104.731,122.144,104.599,112.892
SHIP,2019-11-05,100.654,104.731,82.9707,83.6504
SHIP,2019-11-06,81.6106,84.315,69.3962,76.1759
SHIP,2019-11-07,76.1697,76.1697,64.7573,68.0085
SHIP,2019-11-08,68.0085,74.8096,65.3288,73.1773
SHIP,2019-11-11,73.0,73.1773,66.7024,67.3147
SHIP,2019-11-12,68.0085,68.0085,64.6085,65.9819
SHIP,2019-11-13,68.0085,69.219,65.3828,67.981
SHIP,2019-11-14,68.0085,68.0085,65.3696,66.635
SHIP,2019-11-15,69.1374,74.7953,66.7848,69.3819
SHIP,2019-11-18,69.3687,69.3687,65.506,66.6483
SHIP,2019-11-19,67.927,67.9952,64.6085,64.9478
SHIP,2019-11-20,66.3895,66.6483,61.452,62.5543
SHIP,2019-11-21,65.2881,65.9687,61.2075,63.9279
SHIP,2019-11-22,63.9279,65.2881,61.9146,63.9279
SHIP,2019-11-25,65.2881,65.2881,63.9004,63.9668
SHIP,2019-11-26,69.3687,69.3687,63.9146,67.8994
SHIP,2019-11-27,70.7289,72.4152,67.8994,72.0891
SHIP,2019-11-29,73.4351,76.1422,70.416,74.0953
SHIP,2019-12-02,74.5375,78.822,71.1099,76.3054
SHIP,2019-12-03,75.2171,76.1697,69.7222,75.802
SHIP,2019-12-04,76.1697,78.8759,70.9735,72.1432
SHIP,2019-12-05,72.0891,75.6797,70.0625,70.7289
SHIP,2019-12-06,70.0484,72.0891,69.3687,70.5384
SHIP,2019-12-09,72.0891,72.0891,69.3687,70.0484
SHIP,2019-12-10,73.4493,73.4493,68.0218,69.2322
SHIP,2019-12-11,68.0359,68.0359,66.6483,67.9677
SHIP,2019-12-12,66.6483,72.0891,65.2881,69.3553
SHIP,2019-12-13,69.8313,72.0076,65.6008,66.6483
SHIP,2019-12-16,66.6483,70.6606,66.6483,67.7905
SHIP,2019-12-17,69.8037,70.7156,66.6483,68.5251
SHIP,2019-12-18,68.6882,69.3553,66.1316,69.3412
SHIP,2019-12-19,68.0085,68.0085,66.6758,68.0085
SHIP,2019-12-20,68.9195,70.7289,66.6483,67.7382
SHIP,2019-12-23,68.0085,68.6882,66.6891,67.5503
SHIP,2019-12-24,68.0085,70.7289,66.6483,68.1715
SHIP,2019-12-26,68.0085,72.0891,67.7532,70.5454
SHIP,2019-12-27,72.0891,73.9934,69.7764,69.9535
SHIP,2019-12-30,69.9403,72.0891,68.7024,72.0891
SHIP,2019-12-31,69.0692,76.3054,69.0692,74.2513
SHIP,2020-01-02,74.8096,76.1697,72.2388,73.7346
SHIP,2020-01-03,70.0484,73.4493,70.0484,72.7555
SHIP,2020-01-06,72.0891,72.1981,68.0085,68.6882
SHIP,2020-01-07,68.5933,70.2362,68.5658,68.6882
SHIP,2020-01-08,68.6882,70.7289,66.6616,66.9203
SHIP,2020-01-09,67.3279,68.6882,65.4378,66.2442
SHIP,2020-01-10,64.581,67.1924,63.4804,63.8056
SHIP,2020-01-13,63.9279,66.6483,63.2615,65.5735
SHIP,2020-01-14,69.3687,69.3687,65.2881,67.9952
SHIP,2020-01-15,69.3687,72.0749,66.6483,69.0284
SHIP,2020-01-16,69.3687,70.5924,68.0218,68.2123
SHIP,2020-01-17,68.2938,70.7289,66.6483,68.0085
SHIP,2020-01-21,65.2881,68.0085,61.289,63.9412
SHIP,2020-01-22,65.1525,65.1657,62.5676,63.9279
SHIP,2020-01-23,65.1384,66.635,62.5676,63.1118
SHIP,2020-01-24,68.0085,68.0085,61.2075,63.1118
SHIP,2020-01-27,61.2075,61.2075,54.3931,55.7666
SHIP,2020-01-28,59.1676,59.8339,55.9164,58.4871
SHIP,2020-01-29,57.1268,58.4462,51.686,52.4056
SHIP,2020-01-30,55.0188,55.0188,51.686,52.9107
SHIP,2020-01-31,54.7467,54.7467,51.686,52.5021
SHIP,2020-02-03,53.0463,53.0463,45.5656,48.776
SHIP,2020-02-04,50.3258,51.686,45.702,47.6062
SHIP,2020-02-05,50.1902,51.3466,46.9257,47.7144
SHIP,2020-02-06,48.9665,50.3126,48.0273,49.1835
SHIP,2020-02-07,49.1835,50.2585,47.6062,48.2993
SHIP,2020-02-10,48.5173,49.8092,46.2461,47.4016
SHIP,2020-02-11,47.6062,49.6869,40.8052,40.8052
SHIP,2020-02-12,48.83,52.5226,42.1655,43.7978
SHIP,2020-02-13,56.8955,61.0719,43.539,44.8859
SHIP,2020-02-14,48.9665,48.9665,42.1655,42.4783
SHIP,2020-02-18,45.5656,48.2859,43.5257,43.593
SHIP,2020-02-19,47.6878,47.6878,43.6204,44.9125
SHIP,2020-02-20,45.2802,47.7694,45.2802,47.4291
SHIP,2020-02-21,47.6062,47.6062,44.8718,45.2936
SHIP,2020-02-24,46.2053,46.2461,43.539,43.7978
SHIP,2020-02-25,43.7295,45.5522,38.7646,39.5806
SHIP,2020-02-26,39.4451,40.8052,38.7787,39.3086
SHIP,2020-02-27,39.3086,39.3769,30.1957,32.7805
SHIP,2020-02-28,36.0033,39.0773,34.0042,34.2355
SHIP,2020-03-02,40.8052,40.8052,36.8877,37.4859
SHIP,2020-03-03,39.3493,44.8859,38.3702,40.6556
SHIP,2020-03-04,42.1512,53.0463,34.0042,43.5257
SHIP,2020-03-05,39.4451,40.6556,34.0042,38.0848
SHIP,2020-03-06,36.7521,39.4308,34.0042,34.1398
SHIP,2020-03-09,29.9237,31.2564,24.7548,28.0672
SHIP,2020-03-10,34.0042,36.7247,28.1009,31.3929
SHIP,2020-03-11,32.9843,34.0042,31.9643,33.3246
SHIP,2020-03-12,31.2838,32.6166,28.5635,28.7948
SHIP,2020-03-13,31.0525,36.9967,26.5236,27.0535
SHIP,2020-03-16,26.4146,26.9037,22.5378,24.5236
SHIP,2020-03-17,23.8032,34.0042,21.0827,24.4828
SHIP,2020-03-18,21.7624,24.4695,20.6476,23.3813
SHIP,2020-03-19,23.7623,24.4828,21.7624,24.4828
SHIP,2020-03-20,25.68,26.5236,23.1227,23.8439
SHIP,2020-03-23,21.0827,21.7624,17.2201,18.2675
SHIP,2020-03-24,20.4021,20.4021,17.6685,19.0287
SHIP,2020-03-25,19.7226,25.1633,19.042,24.4695
SHIP,2020-03-26,25.7074,26.5236,22.0894,23.0685
SHIP,2020-03-27,23.5576,42.1655,19.042,32.644
SHIP,2020-03-30,48.9665,59.8473,36.7247,45.2253
SHIP,2020-03-31,19.314,21.7624,17.6818,20.6742
SHIP,2020-04-01,21.6269,21.6269,19.042,19.6136
SHIP,2020-04-02,21.5586,21.7624,17.696,19.8581
SHIP,2020-04-03,19.8856,19.8856,17.8182,18.8789
SHIP,2020-04-06,18.6343,20.1984,17.8182,19.1376
SHIP,2020-04-07,23.5311,24.7548,20.4021,22.2658
SHIP,2020-04-08,24.4828,25.8164,23.1227,24.4013
SHIP,2020-04-09,17.6818,19.695,16.5944,19.042
SHIP,2020-04-13,19.9539,20.4021,19.042,19.5321
SHIP,2020-04-14,19.586,21.0827,17.7775,20.2533
SHIP,2020-04-15,20.0894,20.4021,18.0902,19.2874
SHIP,2020-04-16,18.9746,19.2467,18.3623,18.8107
SHIP,2020-04-17,20.4021,22.4429,19.7908,20.1301
SHIP,2020-04-20,16.3898,21.6135,16.3224,20.8107
SHIP,2020-04-21,24.1435,25.1766,20.5661,21.4904
SHIP,2020-04-22,21.3548,21.5719,19.2874,20.8107
SHIP,2020-04-23,20.4021,23.6667,19.7226,21.7624
SHIP,2020-04-24,23.1227,23.3273,20.5661,21.7624
SHIP,2020-04-27,22.7691,22.7691,21.423,21.8989
SHIP,2020-04-28,22.0894,23.1227,21.8989,22.3065
SHIP,2020-04-29,22.0894,24.7548,21.4904,22.3747
SHIP,2020-04-30,19.042,20.9055,18.77,20.022
SHIP,2020-05-01,20.4021,20.4021,19.2325,19.7092
SHIP,2020-05-04,20.3889,20.3889,19.5045,19.8448
SHIP,2020-05-05,18.3623,18.4979,17.5462,17.6685
SHIP,2020-05-06,17.9272,18.1993,17.0021,17.9272
SHIP,2020-05-07,18.0221,19.7226,17.7093,18.9064
SHIP,2020-05-08,21.7624,24.4828,19.8581,20.9463
SHIP,2020-05-11,21.6269,22.3065,20.4021,20.5387
SHIP,2020-05-12,20.4021,20.4021,19.314,19.5594
SHIP,2020-05-13,19.4506,19.5045,17.9538,18.6343
SHIP,2020-05-14,19.042,19.7226,18.0221,19.2467
SHIP,2020-05-15,19.0287,19.3823,18.4164,18.77
SHIP,2020-05-18,19.1652,20.6742,18.8789,20.1301
SHIP,2020-05-19,20.5927,20.6068,19.042,19.7226
SHIP,2020-05-20,19.4506,19.7092,17.4097,19.2059
SHIP,2020-05-21,19.3008,19.3823,18.3756,19.042
SHIP,2020-05-22,19.0287,19.695,18.8249,19.151
SHIP,2020-05-26,16.6619,18.1851,16.5944,17.6818
SHIP,2020-05-27,17.6818,18.1993,17.0021,17.6145
SHIP,2020-05-28,17.6818,17.6818,17.0704,17.2742
SHIP,2020-05-29,17.1519,17.1794,16.5944,16.8523
SHIP,2020-06-01,17.1377,17.478,16.5944,17.3964
SHIP,2020-06-02,17.4097,17.4514,16.7434,16.8523
SHIP,2020-06-03,16.8523,17.0021,16.3632,16.7169
SHIP,2020-06-04,16.9747,18.7567,16.6761,18.5661
SHIP,2020-06-05,24.2108,25.0268,21.7624,22.9187
SHIP,2020-06-08,24.6192,29.9237,23.1227,28.2914
SHIP,2020-06-09,27.9103,30.3322,25.1766,26.5093
SHIP,2020-06-10,25.8571,25.9795,21.7624,24.4828
SHIP,2020-06-11,21.9938,23.7889,21.096,22.2392
SHIP,2020-06-12,23.7074,24.2108,21.9528,23.1227
SHIP,2020-06-15,21.7766,23.1227,21.6135,22.6742
SHIP,2020-06-16,23.9387,24.4828,22.4429,24.4155
SHIP,2020-06-17,24.4828,25.5302,23.1368,23.9529
SHIP,2020-06-18,24.4828,27.2031,23.2724,26.2107
SHIP,2020-06-19,27.2031,28.0194,25.1633,26.4013
SHIP,2020-06-22,27.1492,27.3256,26.0469,27.1899
SHIP,2020-06-23,28.4686,47.5239,27.4753,38.0848
SHIP,2020-06-24,43.5257,49.6461,34.0042,40.1247
SHIP,2020-06-25,39.9891,40.8052,34.0042,38.0848
SHIP,2020-06-26,25.8164,28.4279,22.4429,23.0553
SHIP,2020-06-29,22.3747,22.987,21.0827,21.4363
SHIP,2020-06-30,18.2773,20.4021,17.0872,18.1923
SHIP,2020-07-01,19.7226,21.0827,18.7026,20.0628
SHIP,2020-07-02,19.4247,19.7226,17.5976,18.0221
SHIP,2020-07-06,18.1071,18.7026,17.4274,18.0221
SHIP,2020-07-07,17.7668,18.0221,16.5767,16.917
SHIP,2020-07-08,16.8319,17.2573,16.3224,16.917
SHIP,2020-07-09,16.808,16.808,15.3016,15.7269
SHIP,2020-07-10,15.3016,16.3224,14.7921,15.4718
SHIP,2020-07-13,15.3016,15.3016,13.9414,14.2817
SHIP,2020-07-14,14.3668,14.4519,12.9641,13.3469
SHIP,2020-07-15,13.3469,14.622,13.1768,14.3668
SHIP,2020-07-16,14.2817,15.0464,13.6871,14.4519
SHIP,2020-07-17,14.4519,14.5369,13.7713,13.9414
SHIP,2020-07-20,13.8564,13.8564,13.1768,13.5171
SHIP,2020-07-21,13.6871,15.7269,13.6871,15.0464
SHIP,2020-07-22,14.7921,15.0464,14.1116,14.2817
SHIP,2020-07-23,14.4519,14.4519,13.6871,14.0266
SHIP,2020-07-24,14.0266,14.1116,13.5171,13.6021
SHIP,2020-07-27,13.6021,13.7287,13.1768,13.1768
SHIP,2020-07-28,13.1768,13.1768,12.0717,12.7514
SHIP,2020-07-29,12.7514,13.3469,12.5902,13.0916
SHIP,2020-07-30,13.0066,13.1768,12.3269,12.8365
SHIP,2020-07-31,12.8365,14.0266,12.6663,12.9216
SHIP,2020-08-03,13.0916,14.2817,12.6663,13.6871
SHIP,2020-08-04,14.0266,14.1966,13.2618,13.4319
SHIP,2020-08-05,13.1768,13.1768,12.5813,12.8365
SHIP,2020-08-06,12.8365,12.8789,12.1567,12.412
SHIP,2020-08-07,12.1567,12.412,11.9015,12.0717
SHIP,2020-08-10,12.1567,12.3694,11.9015,12.3269
SHIP,2020-08-11,12.412,12.6663,11.9015,11.9867
SHIP,2020-08-12,12.1567,12.3889,11.1359,11.3912
SHIP,2020-08-13,11.3061,11.3061,10.3712,10.7966
SHIP,2020-08-14,10.7115,10.8817,10.4563,10.6264
SHIP,2020-08-17,10.4563,10.6264,9.52146,9.94589
SHIP,2020-08-18,4.79484,4.84534,4.33724,4.64242
SHIP,2020-08-19,4.54318,4.56356,4.25048,4.25395
SHIP,2020-08-20,4.25899,4.69205,3.95302,4.59899
SHIP,2020-08-21,4.59014,4.6752,4.33555,4.42054
SHIP,2020-08-24,4.23436,4.30321,3.99546,4.05501
SHIP,2020-08-25,3.92838,4.07885,3.91048,4.02949
SHIP,2020-08-26,4.04313,4.21141,3.92749,4.04056
SHIP,2020-08-27,3.98527,4.08052,3.91048,4.01168
SHIP,2020-08-28,3.95302,4.21655,3.91048,4.07885
SHIP,2020-08-31,4.11703,4.42054,3.99546,4.07202
SHIP,2020-09-01,4.08052,4.08052,3.83223,3.91305
SHIP,2020-09-02,3.8263,3.87397,3.74043,3.80759
SHIP,2020-09-03,3.75744,3.8535,3.74043,3.80086
SHIP,2020-09-04,3.84845,3.8807,3.49391,3.64526
SHIP,2020-09-08,3.49985,3.62993,3.41398,3.43445
SHIP,2020-09-09,3.43445,3.65377,3.31544,3.44119
SHIP,2020-09-10,3.9453,4.35762,3.57047,3.60867
SHIP,2020-09-11,3.57047,3.68859,3.41744,3.43445
SHIP,2020-09-14,3.57047,3.69453,3.43525,3.65545
SHIP,2020-09-15,3.74043,3.81957,3.65634,3.70561
SHIP,2020-09-16,3.8255,3.8255,3.4854,3.67326
SHIP,2020-09-17,3.57047,3.68948,3.52794,3.64437
SHIP,2020-09-18,3.59173,3.91048,3.57047,3.82461
SHIP,2020-09-21,3.74043,3.90622,3.57047,3.58066
SHIP,2020-09-22,3.65456,3.74043,3.59847,3.64951
SHIP,2020-09-23,3.63932,3.68691,3.43525,3.49311
SHIP,2020-09-24,3.66228,3.73024,3.48629,3.65288
SHIP,2020-09-25,3.61292,3.86794,3.57215,3.72599
SHIP,2020-09-28,3.8255,4.05925,3.74131,3.88664
SHIP,2020-09-29,3.90454,3.97428,3.69798,3.81105
SHIP,2020-09-30,3.7507,3.99041,3.69798,3.88239
SHIP,2020-10-01,3.91899,4.12129,3.85102,4.0644
SHIP,2020-10-02,3.74893,4.0193,3.74557,3.99546
SHIP,2020-10-05,3.94955,3.99546,3.8255,3.97083
SHIP,2020-10-06,3.91048,4.33466,3.91048,4.05075
SHIP,2020-10-07,4.20804,4.42054,4.12297,4.25048
SHIP,2020-10-08,4.34149,4.37631,4.12297,4.16639
SHIP,2020-10-09,4.20804,4.42054,4.14424,4.37038
SHIP,2020-10-12,4.42054,4.50595,4.25048,4.37206
SHIP,2020-10-13,4.29302,4.29471,4.07113,4.23356
SHIP,2020-10-14,4.20715,4.25988,4.12129,4.1655
SHIP,2020-10-15,4.01416,4.21566,3.61292,4.16126
SHIP,2020-10-16,4.01761,4.1111,3.95302,4.05837
SHIP,2020-10-19,3.96321,3.99546,3.834,3.86794
SHIP,2020-10-20,3.89861,3.94875,3.74043,3.74131
SHIP,2020-10-21,3.7422,3.80929,3.66484,3.77189
SHIP,2020-10-22,3.78296,4.12297,3.74131,3.96152
SHIP,2020-10-23,3.94787,3.99546,3.84251,3.95895
SHIP,2020-10-26,3.86794,4.02444,3.84332,3.9368
SHIP,2020-10-27,3.97003,4.08052,3.86972,3.99546
SHIP,2020-10-28,3.93769,4.42054,3.85102,4.38225
SHIP,2020-10-29,4.07964,4.16126,3.77445,3.91048
SHIP,2020-10-30,3.834,3.88496,3.61292,3.62142
SHIP,2020-11-02,3.65545,3.7524,3.48717,3.62231
SHIP,2020-11-03,3.65288,3.86794,3.55346,3.65545
SHIP,2020-11-04,3.65545,3.68948,3.44376,3.56791
SHIP,2020-11-05,3.57898,3.65377,3.52794,3.59254
SHIP,2020-11-06,3.56197,3.88416,3.40042,3.74131
SHIP,2020-11-09,3.78296,3.9096,3.69798,3.74043
SHIP,2020-11-10,3.74043,4.07202,3.65713,3.94955
SHIP,2020-11-11,4.07281,4.11455,3.743,3.86369
SHIP,2020-11-12,4.20033,4.20033,3.91048,3.9819
SHIP,2020-11-13,3.8263,4.07885,3.65545,4.07885
SHIP,2020-11-16,4.08052,4.18678,4.00059,4.14681
SHIP,2020-11-17,4.1655,4.20715,3.91048,4.15363
SHIP,2020-11-18,3.8255,3.99297,3.743,3.78296
SHIP,2020-11-19,3.7617,3.86546,3.65545,3.71926
SHIP,2020-11-20,3.76595,3.81531,3.69798,3.74043
SHIP,2020-11-23,3.74043,3.98695,3.58749,3.98102
SHIP,2020-11-24,3.95302,4.00397,3.78384,3.97003
SHIP,2020-11-25,3.95302,4.07964,3.8255,3.8807
SHIP,2020-11-27,3.97428,3.97765,3.86794,3.94875
SHIP,2020-11-30,3.91048,4.05501,3.85944,3.99209
SHIP,2020-12-01,4.08052,4.24375,3.97854,4.01672
SHIP,2020-12-02,4.02444,4.08052,3.78384,3.98695
SHIP,2020-12-03,3.97083,4.05837,3.91305,4.0193
SHIP,2020-12-04,4.02949,5.69514,3.99546,5.27068
SHIP,2020-12-07,4.87458,5.14308,4.42054,4.57862
SHIP,2020-12-08,4.50861,4.58217,4.25048,4.34832
SHIP,2020-12-09,4.59014,4.66458,4.1655,4.2667
SHIP,2020-12-10,4.32111,4.49709,4.1026,4.40104
SHIP,2020-12-11,4.42054,4.42054,4.13147,4.1655
SHIP,2020-12-14,4.20458,4.25048,4.08221,4.18678
SHIP,2020-12-15,4.25048,4.50595,4.12297,4.23436
SHIP,2020-12-16,4.2403,4.2403,4.08052,4.17401
SHIP,2020-12-17,4.157,4.16214,4.08052,4.08904
SHIP,2020-12-18,4.08052,4.20804,4.05501,4.08052
SHIP,2020-12-21,4.03799,4.08052,3.94955,3.98527
SHIP,2020-12-22,3.99546,4.12297,3.91216,4.04907
SHIP,2020-12-23,4.08052,4.24207,4.04738,4.15532
SHIP,2020-12-24,4.21655,4.5609,4.21566,4.3321
SHIP,2020-12-28,4.50595,4.6566,4.08221,4.08221
SHIP,2020-12-29,4.16639,4.42054,4.08478,4.08478
SHIP,2020-12-30,4.33555,4.4457,4.1655,4.27176
SHIP,2020-12-31,4.59014,5.10054,4.40104,4.56976
SHIP,2021-01-04,4.64065,4.67697,4.14424,4.33041
SHIP,2021-01-05,4.40104,5.01548,4.30064,4.8028
SHIP,2021-01-06,4.93041,4.94637,4.50595,4.5733
SHIP,2021-01-07,4.6752,5.39651,4.59014,5.03675
SHIP,2021-01-08,5.18561,5.52323,5.04207,5.28752
SHIP,2021-01-11,5.44082,7.31056,5.35575,6.97116
SHIP,2021-01-12,7.31056,8.92596,7.01282,7.31056
SHIP,2021-01-13,7.98223,8.16123,6.84356,7.04471
SHIP,2021-01-14,7.17497,7.47005,6.54671,7.05624
SHIP,2021-01-15,7.20776,7.26713,6.80103,6.88521
SHIP,2021-01-19,7.18384,7.94855,6.97116,7.52144
SHIP,2021-01-20,7.65082,7.73589,6.99242,7.24497
SHIP,2021-01-21,7.44878,9.18118,7.1413,8.58568
SHIP,2021-01-22,8.50061,8.92596,7.82095,8.36681
SHIP,2021-01-25,8.52189,10.3712,8.50061,10.2862
SHIP,2021-01-26,10.7966,11.0517,9.18118,10.2011
SHIP,2021-01-27,8.74519,9.7767,8.50061,9.01102
SHIP,2021-01-28,9.59679,10.2011,8.75582,9.35132
SHIP,2021-01-29,9.35132,11.4762,8.75582,9.43639
SHIP,2021-02-01,9.47888,9.69157,8.84089,9.26625
SHIP,2021-02-02,9.28662,9.52146,8.67076,8.84089
SHIP,2021-02-03,9.18118,9.35132,8.92596,9.18118
SHIP,2021-02-04,9.43639,10.116,9.26625,9.69157
SHIP,2021-02-05,9.94589,10.5414,9.52146,9.7767
SHIP,2021-02-08,10.116,10.9667,9.7767,10.8817
SHIP,2021-02-09,10.9667,12.3269,10.6264,11.8165
SHIP,2021-02-10,12.1567,12.3269,8.58568,11.1359
SHIP,2021-02-11,12.4022,13.4319,11.3061,12.0717
SHIP,2021-02-12,12.7514,18.2773,11.9015,17.0872
SHIP,2021-02-16,20.1479,20.8276,17.5125,19.2121
SHIP,2021-02-17,14.5369,14.9623,14.0266,14.7921
SHIP,2021-02-18,14.1116,14.5369,12.4962,12.7514
SHIP,2021-02-19,13.3469,14.0266,13.0066,13.7713
SHIP,2021-02-22,13.3469,14.622,12.7514,12.7514
SHIP,2021-02-23,10.9667,11.4762,9.35132,10.9667
SHIP,2021-02-24,11.0517,12.2418,10.7115,11.3912
SHIP,2021-02-25,11.0367,11.1359,10.116,10.116
SHIP,2021-02-26,9.69157,10.5414,9.43639,9.69157
SHIP,2021-03-01,10.3712,10.3712,9.94589,10.2862
SHIP,2021-03-02,10.6264,11.8165,10.116,10.4563
SHIP,2021-03-03,10.2862,10.8817,9.86086,10.116
SHIP,2021-03-04,10.1824,10.3712,8.58568,9.0961
SHIP,2021-03-05,9.0961,9.43639,7.31056,9.35132
SHIP,2021-03-08,9.60654,9.86086,9.0961,9.26625
SHIP,2021-03-09,9.52146,10.4563,9.26625,10.2011
SHIP,2021-03-10,10.6557,10.7966,9.60654,10.3712
SHIP,2021-03-11,10.6264,10.6264,10.0309,10.6264
SHIP,2021-03-12,10.3712,10.6264,10.0309,10.5414
SHIP,2021-03-15,10.9667,11.9015,10.7115,11.9015
SHIP,2021-03-16,11.9867,12.0717,10.7115,11.0517
SHIP,2021-03-17,10.7966,11.7314,10.5414,11.3912
SHIP,2021-03-18,11.6561,12.2418,10.5414,10.5414
SHIP,2021-03-19,10.5582,10.7115,10.0309,10.116
SHIP,2021-03-22,10.7115,10.7115,10.116,10.2862
SHIP,2021-03-23,10.7115,10.7115,9.35132,9.43639
SHIP,2021-03-24,9.35132,10.2011,8.75582,9.18118
SHIP,2021-03-25,8.75582,9.7767,8.58568,9.60654
SHIP,2021-03-26,9.69157,9.85283,8.75582,9.01102
SHIP,2021-03-29,8.92596,9.01102,8.16832,8.58568
SHIP,2021-03-30,8.50061,9.35132,8.163,9.18118
SHIP,2021-03-31,9.1386,9.26625,8.75582,9.01102
SHIP,2021-04-01,9.18118,9.18118,8.67076,9.01102
SHIP,2021-04-05,8.82671,9.01102,8.58568,8.92596
SHIP,2021-04-06,8.84089,8.92596,8.50061,8.58568
SHIP,2021-04-07,8.58568,8.84089,8.50061,8.67076
SHIP,2021-04-08,8.50061,8.58568,7.7545,8.4829
SHIP,2021-04-09,8.41732,8.58568,8.1187,8.12755
SHIP,2021-04-12,8.23124,8.41644,7.74032,7.90425
SHIP,2021-04-13,7.3194,8.07616,7.22637,7.35751
SHIP,2021-04-14,7.45942,7.82095,7.40625,7.78374
SHIP,2021-04-15,8.20553,8.67076,7.78463,8.32162
SHIP,2021-04-16,8.07616,8.12047,7.5755,7.73855
SHIP,2021-04-19,7.73589,7.90514,7.48866,7.65082
SHIP,2021-04-20,7.69336,7.8183,7.23523,7.39561
SHIP,2021-04-21,7.56575,8.24541,7.44701,7.95742
SHIP,2021-04-22,8.02653,8.4953,7.78995,7.82095
SHIP,2021-04-23,8.07527,8.28883,7.8378,7.98046
SHIP,2021-04-26,8.05933,8.67076,7.99109,8.58568
SHIP,2021-04-27,8.92596,9.43639,8.92596,9.01102
SHIP,2021-04-28,9.26625,9.43639,8.84089,9.26625
SHIP,2021-04-29,9.52146,9.60654,8.92596,9.0961
SHIP,2021-04-30,8.97912,9.35132,8.92596,9.35132
SHIP,2021-05-03,9.26625,11.0517,9.0961,10.3712
SHIP,2021-05-04,10.6264,11.0517,9.60654,9.94589
SHIP,2021-05-05,10.2862,10.6264,9.43639,9.52146
SHIP,2021-05-06,9.31678,9.32025,8.50061,8.92596
SHIP,2021-05-07,9.01102,9.7767,8.92596,9.7767
SHIP,2021-05-10,9.7767,9.94589,8.92596,9.01102
SHIP,2021-05-11,8.58568,9.35132,8.50061,9.26625
SHIP,2021-05-12,8.92596,9.26625,8.58568,8.67076
SHIP,2021-05-13,8.63087,8.95077,7.56575,8.00704
SHIP,2021-05-14,8.09743,8.50061,8.03363,8.28883
SHIP,2021-05-17,8.32516,8.41644,8.03363,8.32251
SHIP,2021-05-18,8.41644,8.79836,8.33934,8.67076
SHIP,2021-05-19,8.17098,8.4758,8.16123,8.37921
SHIP,2021-05-20,8.41644,8.84089,8.18339,8.75582
SHIP,2021-05-21,8.67076,9.0961,8.58568,8.92596
SHIP,2021-05-24,9.0961,9.52146,8.92596,9.18118
SHIP,2021-05-25,9.18118,9.35132,8.58568,8.67076
SHIP,2021-05-26,8.58568,8.92596,8.45897,8.75582
SHIP,2021-05-27,8.67076,8.84089,8.50061,8.50061
SHIP,2021-05-28,8.43948,8.75582,8.41644,8.58568
SHIP,2021-06-01,8.62113,8.92596,8.58568,8.92596
SHIP,2021-06-02,8.75582,9.26625,8.67076,8.92596
SHIP,2021-06-03,8.84089,8.92596,8.58568,8.58568
SHIP,2021-06-04,8.75582,8.84089,8.58568,8.67076
SHIP,2021-06-07,8.62379,9.01102,8.58568,8.84089
SHIP,2021-06-08,9.01102,9.18118,8.58568,8.67076
SHIP,2021-06-09,8.77532,9.0961,8.67076,8.84089
SHIP,2021-06-10,9.16876,9.7767,8.92596,9.7767
SHIP,2021-06-11,10.116,10.2011,9.43639,9.7767
SHIP,2021-06-14,9.7767,9.86086,9.43639,9.60654
SHIP,2021-06-15,9.88028,10.0309,9.43639,9.86086
SHIP,2021-06-16,10.0425,11.221,9.94589,10.9667
SHIP,2021-06-17,10.7417,11.8156,10.0309,10.2011
SHIP,2021-06-18,9.96454,10.6264,9.52146,10.0309
SHIP,2021-06-21,10.1576,10.4563,9.7767,10.2862
SHIP,2021-06-22,10.2862,10.4563,9.86086,10.3712
SHIP,2021-06-23,10.3712,10.6264,9.86086,9.86086
SHIP,2021-06-24,10.0309,10.9657,9.94589,10.7115
SHIP,2021-06-25,10.7115,10.8817,10.2011,10.4563
SHIP,2021-06-28,10.3712,10.4563,10.0309,10.0309
SHIP,2021-06-29,10.2011,10.2011,9.7767,9.7767
SHIP,2021-06-30,9.7767,9.86086,9.35132,9.52146
SHIP,2021-07-01,9.54,9.64901,9.01102,9.60654
SHIP,2021-07-02,9.45411,9.59143,9.0961,9.0961
SHIP,2021-07-06,9.33003,9.52146,8.67076,9.01102
SHIP,2021-07-07,9.26625,9.26625,8.58568,8.92596
SHIP,2021-07-08,8.45719,9.01102,8.42707,8.84089
SHIP,2021-07-09,8.84089,9.43639,8.84089,9.0961
SHIP,2021-07-12,9.06508,9.52146,9.01102,9.35132
SHIP,2021-07-13,9.18118,9.35132,8.75582,8.92596
SHIP,2021-07-14,9.01102,9.26625,8.75582,8.75582
SHIP,2021-07-15,8.94457,9.01102,8.67076,8.67076
SHIP,2021-07-16,8.75582,8.92596,8.50061,8.67076
SHIP,2021-07-19,8.41644,8.67076,8.07882,8.58568
SHIP,2021-07-20,8.58568,8.67076,8.50061,8.58568
SHIP,2021-07-21,8.58568,8.92596,8.58568,8.84089
SHIP,2021-07-22,8.84089,8.92596,8.67076,8.75582
SHIP,2021-07-23,8.75582,8.92596,8.75582,8.84089
SHIP,2021-07-26,8.75582,8.92596,8.50859,8.67076
SHIP,2021-07-27,8.58568,8.75582,8.58568,8.75582
SHIP,2021-07-28,8.67076,8.92596,8.67076,8.84089
SHIP,2021-07-29,9.18118,9.52146,8.75582,8.75582
SHIP,2021-07-30,8.75582,8.92596,8.58568,8.67076
SHIP,2021-08-02,8.58568,8.84089,8.50061,8.67076
SHIP,2021-08-03,8.67076,8.67076,8.35175,8.58568
SHIP,2021-08-04,8.58568,8.58568,7.8245,8.31276
SHIP,2021-08-05,8.50061,8.54315,8.21529,8.2844
SHIP,2021-08-06,8.33136,8.50061,8.08059,8.45897
SHIP,2021-08-09,8.25516,8.34289,8.08148,8.19224
SHIP,2021-08-10,8.22237,8.33136,8.06465,8.20997
SHIP,2021-08-11,8.50061,9.26625,8.3739,8.84089
SHIP,2021-08-12,8.75582,9.35132,8.75582,9.26625
SHIP,2021-08-13,9.35132,10.116,9.26625,9.94589
SHIP,2021-08-16,9.75804,9.7767,9.0961,9.52146
SHIP,2021-08-17,9.26625,9.60654,9.01102,9.26625
SHIP,2021-08-18,9.52146,9.94589,9.35132,9.60654
SHIP,2021-08-19,9.35132,9.52146,8.84089,9.01102
SHIP,2021-08-20,9.01102,9.60654,8.92596,9.0961
SHIP,2021-08-23,9.35132,9.7767,9.35132,9.52146
SHIP,2021-08-24,9.83609,10.116,9.60654,10.0309
SHIP,2021-08-25,10.1337,10.3712,9.79343,10.2011
SHIP,2021-08-26,10.1337,10.4563,9.86086,10.0309
SHIP,2021-08-27,10.3712,10.8817,10.116,10.7115
SHIP,2021-08-30,10.7115,10.9667,10.2011,10.9667
SHIP,2021-08-31,10.6264,10.9667,10.2924,10.6264
SHIP,2021-09-01,10.4563,10.7115,10.2011,10.3712
SHIP,2021-09-02,10.4767,11.3061,10.4563,11.1359
SHIP,2021-09-03,11.0517,11.0517,10.7115,10.7966
SHIP,2021-09-07,10.8817,11.0075,10.2011,10.2011
SHIP,2021-09-08,10.2862,10.2862,9.60654,10.0309
SHIP,2021-09-09,10.0309,10.4563,9.86086,10.2011
SHIP,2021-09-10,10.3712,10.8817,10.3712,10.6264
SHIP,2021-09-13,10.809,12.2418,10.6264,11.9015
SHIP,2021-09-14,11.9867,12.3269,11.1359,12.0717
SHIP,2021-09-15,12.2418,13.4319,11.7314,12.9216
SHIP,2021-09-16,12.9216,13.4319,11.9867,12.1567
SHIP,2021-09-17,11.9015,12.7514,11.221,12.6663
SHIP,2021-09-20,11.9015,11.9015,11.221,11.3061
SHIP,2021-09-21,11.4762,11.7234,11.221,11.4762
SHIP,2021-09-22,11.6464,12.1567,11.4762,11.7314
SHIP,2021-09-23,11.9015,12.4536,11.3061,11.9015
SHIP,2021-09-24,11.9015,12.2844,11.6464,12.0717
SHIP,2021-09-27,11.9015,13.7713,11.9015,13.1768
SHIP,2021-09-28,13.2618,13.6021,12.5813,13.0066
SHIP,2021-09-29,13.3469,13.4319,11.9867,12.0717
SHIP,2021-09-30,12.2418,12.7514,11.7314,12.3269
SHIP,2021-10-01,12.653,12.6663,12.0717,12.1567
SHIP,2021-10-04,12.2622,12.412,9.94589,10.7115
SHIP,2021-10-05,11.221,11.7314,10.8817,11.221
SHIP,2021-10-06,10.9667,11.3061,10.5414,10.9667
SHIP,2021-10-07,11.3061,12.0717,10.9667,11.7314
SHIP,2021-10-08,11.9015,12.2109,11.6039,11.7314
SHIP,2021-10-11,11.5612,12.4962,11.5612,11.9867
SHIP,2021-10-12,11.8165,12.1567,11.5188,11.7314
SHIP,2021-10-13,11.7651,11.9867,10.9667,10.9667
SHIP,2021-10-14,11.221,11.3061,10.6264,10.7115
SHIP,2021-10-15,10.8568,11.0517,10.6264,10.7115
SHIP,2021-10-18,10.6264,11.3061,10.6264,11.1359
SHIP,2021-10-19,11.3061,11.3912,10.9667,11.221
SHIP,2021-10-20,11.221,11.221,10.7966,10.9667
SHIP,2021-10-21,10.8267,11.0517,10.0309,10.2862
SHIP,2021-10-22,10.0309,10.209,9.7767,9.86086
SHIP,2021-10-25,9.86086,9.94589,9.63935,9.7767
SHIP,2021-10-26,9.52146,9.58521,8.92596,9.01102
SHIP,2021-10-27,9.01102,9.39381,8.75582,8.84089
SHIP,2021-10-28,9.09166,9.43547,9.01102,9.35132
SHIP,2021-10-29,9.35132,9.5658,9.0961,9.43639
SHIP,2021-11-01,9.43639,9.69157,9.35132,9.60654
SHIP,2021-11-02,9.86086,9.86086,9.18118,9.18118
SHIP,2021-11-03,9.39381,9.43639,9.0961,9.35132
SHIP,2021-11-04,9.26625,9.43639,9.0961,9.18118
SHIP,2021-11-05,9.0961,9.26625,9.01102,9.26625
SHIP,2021-11-08,9.35132,9.35132,9.0961,9.18118
SHIP,2021-11-09,9.26625,9.52146,8.96849,9.18118
SHIP,2021-11-10,9.0961,9.18118,8.75582,8.92596
SHIP,2021-11-11,9.01102,9.0961,8.84089,8.92596
SHIP,2021-11-12,8.92596,8.92596,8.75582,8.84089
SHIP,2021-11-15,8.92596,9.01102,8.34909,8.58568
SHIP,2021-11-16,8.41644,8.58568,7.84843,8.33136
SHIP,2021-11-17,8.33136,8.33136,7.94944,7.99906
SHIP,2021-11-18,8.16123,8.32251,7.93173,8.00172
SHIP,2021-11-19,8.23743,8.23743,7.94944,7.99198
SHIP,2021-11-22,8.11338,8.22769,7.75272,7.90691
SHIP,2021-11-23,7.93616,8.0673,7.77045,7.82982
SHIP,2021-11-24,7.8121,8.10186,7.73589,7.99109
SHIP,2021-11-26,7.81919,7.86792,7.65082,7.8626
SHIP,2021-11-29,7.9459,8.16123,7.8626,8.15059
SHIP,2021-11-30,8.15236,8.2463,7.69336,8.07616
SHIP,2021-12-01,8.07616,8.1187,7.48068,7.48245
SHIP,2021-12-02,7.71285,7.73943,7.50372,7.68095
SHIP,2021-12-03,7.73589,7.88742,7.35485,7.55512
SHIP,2021-12-06,7.48157,7.99109,7.31056,7.91489
SHIP,2021-12-07,8.58568,9.43639,8.41644,9.43639
SHIP,2021-12-08,9.26625,9.52146,9.01102,9.0961
SHIP,2021-12-09,8.84089,8.92596,8.58568,8.75582
SHIP,2021-12-10,8.75582,8.92508,8.54315,8.67076
SHIP,2021-12-13,8.66455,8.67076,8.16921,8.29504
SHIP,2021-12-14,8.16123,8.16921,7.82982,7.84665
SHIP,2021-12-15,7.84577,8.16034,7.56575,7.97603
SHIP,2021-12-16,8.17187,8.17187,7.69336,7.73058
SHIP,2021-12-17,7.88653,7.88653,7.6517,7.73589
SHIP,2021-12-20,7.56575,7.70842,7.48955,7.56575
SHIP,2021-12-21,7.65082,7.85375,7.60475,7.65082
SHIP,2021-12-22,7.65082,7.90602,7.57461,7.79526
SHIP,2021-12-23,7.88033,7.88033,7.73677,7.83336
SHIP,2021-12-27,7.82095,7.91932,7.73589,7.73677
SHIP,2021-12-28,7.73589,7.84134,7.56753,7.57993
SHIP,2021-12-29,7.56575,7.73589,7.48068,7.53474
SHIP,2021-12-30,7.53474,7.68095,7.48068,7.50284
SHIP,2021-12-31,7.61715,7.85463,7.48068,7.80767
SHIP,2022-01-03,7.86349,8.07616,7.8378,7.86349
SHIP,2022-01-04,7.86349,7.97337,7.65968,7.78906
SHIP,2022-01-05,7.82095,7.97426,7.67741,7.68805
SHIP,2022-01-06,7.74474,8.24541,7.74474,7.93971
SHIP,2022-01-07,8.03363,8.12578,7.90602,7.95742
SHIP,2022-01-10,7.82095,7.97514,7.59146,7.80412
SHIP,2022-01-11,7.68095,7.99021,7.64993,7.92286
SHIP,2022-01-12,7.82095,7.85375,7.74563,7.76159
SHIP,2022-01-13,7.73589,7.82095,7.65082,7.73589
SHIP,2022-01-14,7.69336,7.88476,7.69336,7.82982
SHIP,2022-01-18,7.75272,7.99109,7.65082,7.90602
SHIP,2022-01-19,8.05667,8.07616,7.70221,7.70221
SHIP,2022-01-20,7.73589,7.94855,7.73589,7.80058
SHIP,2022-01-21,7.70044,7.73589,7.48068,7.50904
SHIP,2022-01-24,7.31056,7.48068,6.71596,7.41334
SHIP,2022-01-25,7.3194,7.56575,7.1413,7.55424
SHIP,2022-01-26,7.56575,7.65082,7.22548,7.31144
SHIP,2022-01-27,7.39561,7.64904,7.33714,7.5817
SHIP,2022-01-28,7.67209,8.58568,7.67209,8.50061
SHIP,2022-01-31,8.84089,9.01102,8.50061,8.67076
SHIP,2022-02-01,8.75582,9.0961,8.67076,9.0961
SHIP,2022-02-02,9.0961,9.18118,8.67076,9.18118
SHIP,2022-02-03,9.0961,9.18118,8.75582,8.75582
SHIP,2022-02-04,8.75582,9.0961,8.58568,8.92596
SHIP,2022-02-07,9.18118,9.35132,8.92596,9.35132
SHIP,2022-02-08,9.35132,9.52146,9.01102,9.26625
SHIP,2022-02-09,9.60654,9.94589,9.43639,9.94589
SHIP,2022-02-10,10.0309,10.3712,9.7767,10.2862
SHIP,2022-02-11,10.2862,10.2862,9.60654,9.7767
SHIP,2022-02-14,9.69157,9.69157,9.01102,9.69157
SHIP,2022-02-15,9.69157,9.94589,9.60654,9.7767
SHIP,2022-02-16,9.7767,9.86086,9.52146,9.86086
SHIP,2022-02-17,9.86086,10.116,9.69157,9.94589
SHIP,2022-02-18,9.86086,10.116,9.69157,9.86086
SHIP,2022-02-22,9.60654,10.2011,9.52146,10.116
SHIP,2022-02-23,10.2011,10.3712,9.94589,10.116
SHIP,2022-02-24,9.26625,9.69071,9.0961,9.60654
SHIP,2022-02-25,9.60654,10.0309,9.52146,9.7767
SHIP,2022-02-28,9.7767,9.79611,9.26625,9.43639
SHIP,2022-03-01,9.52146,9.7767,9.22367,9.52146
SHIP,2022-03-02,9.60654,10.0309,9.60654,10.0309
SHIP,2022-03-03,10.0309,10.116,9.7767,9.86086
SHIP,2022-03-04,9.7767,9.77746,9.52146,9.69157
SHIP,2022-03-07,9.7767,10.7966,9.69157,10.7115
SHIP,2022-03-08,10.7966,10.9667,10.2862,10.4563
SHIP,2022-03-09,10.8817,11.3061,10.6264,10.7966
SHIP,2022-03-10,11.1359,11.4762,10.7115,11.3061
SHIP,2022-03-11,11.3061,11.3105,10.7975,10.8817
SHIP,2022-03-14,10.7966,10.8045,9.7767,9.86086
SHIP,2022-03-15,9.86086,10.116,9.35132,9.35132
SHIP,2022-03-16,9.60654,10.0309,9.60654,9.94589
SHIP,2022-03-17,10.0309,10.2862,9.94589,10.116
SHIP,2022-03-18,10.0309,10.3712,9.94589,9.94589
SHIP,2022-03-21,10.2011,10.2011,9.86086,10.0309
SHIP,2022-03-22,10.116,10.2862,9.94589,10.116
SHIP,2022-03-23,10.2011,10.5414,10.1169,10.4563
SHIP,2022-03-24,10.8107,10.8107,10.1019,10.3677
SHIP,2022-03-25,10.279,10.279,9.92456,10.1905
SHIP,2022-03-28,10.0132,10.412,9.83609,10.279
SHIP,2022-03-29,10.0132,10.279,9.5702,10.1019
SHIP,2022-03-30,10.1019,10.5449,10.0575,10.279
SHIP,2022-03-31,10.3677,10.4563,10.1019,10.1019
SHIP,2022-04-01,10.1019,10.4563,10.0132,10.1905
SHIP,2022-04-04,10.1905,10.1905,9.74743,9.74743
SHIP,2022-04-05,9.74743,10.0132,9.65877,9.74743
SHIP,2022-04-06,9.83609,10.0132,9.30435,9.48153
SHIP,2022-04-07,9.74647,9.92456,9.5702,9.92456
SHIP,2022-04-08,10.0132,10.2383,9.83609,9.92456
SHIP,2022-04-11,9.92456,9.92456,9.39299,9.48153
SHIP,2022-04-12,9.48153,9.61448,9.12711,9.48153
SHIP,2022-04-13,9.48153,9.74743,9.30435,9.65877
SHIP,2022-04-14,9.83609,10.4563,9.76254,10.4563
SHIP,2022-04-18,10.5449,10.8551,10.279,10.4563
SHIP,2022-04-19,10.4563,10.5449,10.1905,10.3677
SHIP,2022-04-20,10.4563,10.5449,10.1019,10.1905
SHIP,2022-04-21,10.4563,10.8107,10.0132,10.0132
SHIP,2022-04-22,9.92456,10.1905,9.74743,9.83609
SHIP,2022-04-25,9.65877,9.65877,8.68493,9.03849
SHIP,2022-04-26,9.30435,9.4372,8.95077,9.21572
SHIP,2022-04-27,9.30435,9.6579,9.21572,9.48153
SHIP,2022-04-28,9.5702,9.5702,9.30435,9.39299
SHIP,2022-04-29,9.39299,9.48153,8.94988,9.21572
SHIP,2022-05-02,9.03849,9.21572,8.94988,9.12711
SHIP,2022-05-03,9.03849,9.5702,9.03849,9.5702
SHIP,2022-05-04,9.65877,10.1905,9.5702,10.1905
SHIP,2022-05-05,10.279,10.279,9.57106,9.92456
SHIP,2022-05-06,10.0132,10.0132,9.48153,9.92456
SHIP,2022-05-09,9.83609,9.83609,8.94988,9.12711
SHIP,2022-05-10,9.21572,9.5702,9.12711,9.39299
SHIP,2022-05-11,9.83609,10.1905,9.5702,9.74743
SHIP,2022-05-12,9.5702,9.65877,9.12711,9.21572
SHIP,2022-05-13,9.39299,10.1019,9.39299,9.74743
SHIP,2022-05-16,10.0132,10.279,9.92456,10.0132
SHIP,2022-05-17,10.3677,10.6336,10.1905,10.3677
SHIP,2022-05-18,10.3677,10.6336,9.92456,10.1019
SHIP,2022-05-19,10.0132,10.6336,9.92456,10.6336
SHIP,2022-05-20,10.6336,10.8994,10.279,10.4563
SHIP,2022-05-23,10.6336,10.8994,10.3233,10.8994
SHIP,2022-05-24,10.6336,10.6343,10.279,10.4563
SHIP,2022-05-25,10.6336,10.7221,10.279,10.7221
SHIP,2022-05-26,10.4563,10.7221,10.4563,10.6336
SHIP,2022-05-27,10.5449,10.7221,10.1905,10.6336
SHIP,2022-05-31,10.8107,10.8994,10.0132,10.1019
SHIP,2022-06-01,10.279,10.4563,10.1019,10.3677
SHIP,2022-06-02,10.4563,10.7221,10.279,10.3677
SHIP,2022-06-03,10.279,10.4563,10.0132,10.4563
SHIP,2022-06-06,10.1905,10.4714,10.1019,10.1019
SHIP,2022-06-07,10.1019,10.279,9.92456,10.1905
SHIP,2022-06-08,10.1905,10.1905,9.48153,9.83609
SHIP,2022-06-09,9.92456,9.92456,9.30435,9.30435
SHIP,2022-06-10,9.30435,9.48153,9.21572,9.26003
SHIP,2022-06-13,9.12711,9.21572,8.4634,8.58391
SHIP,2022-06-14,8.86127,9.12711,8.68405,8.94988
SHIP,2022-06-15,8.94988,9.17141,8.68582,9.03849
SHIP,2022-06-16,8.86127,8.86127,8.52543,8.61404
SHIP,2022-06-17,8.68405,8.82759,8.43239,8.6167
SHIP,2022-06-21,8.77266,8.77266,8.00704,8.04515
SHIP,2022-06-22,7.97514,8.05135,7.11559,7.17763
SHIP,2022-06-23,7.665,7.68007,6.92065,7.18207
SHIP,2022-06-24,7.2175,7.44346,7.17763,7.3327
SHIP,2022-06-27,7.48164,7.67078,7.26417,7.58398
SHIP,2022-06-28,7.75759,7.75759,7.40123,7.62418
SHIP,2022-06-29,7.67535,8.03627,7.32996,7.40489
SHIP,2022-06-30,7.40123,7.55566,7.1728,7.44417
SHIP,2022-07-01,7.32265,7.39575,6.7406,7.09879
SHIP,2022-07-05,6.94436,7.09512,6.71776,6.85299
SHIP,2022-07-06,6.85299,6.85299,5.91185,6.12932
SHIP,2022-07-07,6.39613,6.64101,6.39521,6.57888
SHIP,2022-07-08,6.66934,6.66934,6.46648,6.51491
SHIP,2022-07-11,6.52039,6.55055,6.25359,6.53319
SHIP,2022-07-12,6.3815,6.38425,6.12201,6.29744
SHIP,2022-07-13,6.21338,6.30201,6.12932,6.27551
SHIP,2022-07-14,6.12201,6.38698,6.03063,6.37511
SHIP,2022-07-15,6.48932,7.08142,6.32394,6.62822
SHIP,2022-07-18,6.85299,6.94345,6.76161,6.77258
SHIP,2022-07-19,6.85847,7.03573,6.8073,6.84842
SHIP,2022-07-20,6.85299,7.00833,6.76161,6.94345
SHIP,2022-07-21,6.88223,7.03482,6.76161,7.03482
SHIP,2022-07-22,7.12254,7.12711,6.41623,6.46648
SHIP,2022-07-25,6.46923,6.4875,6.32668,6.47744
SHIP,2022-07-26,6.39613,6.53319,6.33673,6.45643
SHIP,2022-07-27,6.45643,6.66842,6.30475,6.50577
SHIP,2022-07-28,6.55237,6.76071,6.44182,6.54872
SHIP,2022-07-29,6.5478,6.70679,6.41531,6.48841
SHIP,2022-08-01,6.62456,6.71593,6.51491,6.65197
SHIP,2022-08-02,6.85299,6.85299,6.514,6.62456
SHIP,2022-08-03,6.57888,6.6337,6.39613,6.55694
SHIP,2022-08-04,6.4875,6.56425,6.23166,6.30475
SHIP,2022-08-05,6.37237,6.61268,6.30475,6.53319
SHIP,2022-08-08,6.57796,6.90689,6.42627,6.75431
SHIP,2022-08-09,7.01106,7.03574,6.58436,6.7342
SHIP,2022-08-10,6.76161,6.98457,6.70679,6.83381
SHIP,2022-08-11,6.86122,6.94345,6.74791,6.88589
SHIP,2022-08-12,6.85299,6.94436,6.65197,6.77716
SHIP,2022-08-15,6.57888,6.76161,6.51035,6.62913
SHIP,2022-08-16,6.76161,6.80913,6.41441,6.47471
SHIP,2022-08-17,6.4875,6.57888,6.3276,6.50577
SHIP,2022-08-18,6.57888,6.57888,6.1951,6.28831
SHIP,2022-08-19,6.21338,6.28191,5.97673,6.00687
SHIP,2022-08-22,5.98494,6.00686,5.67062,5.73824
SHIP,2022-08-23,5.82596,5.92008,5.75651,5.87347
SHIP,2022-08-24,5.84788,5.84788,5.41752,5.60027
SHIP,2022-08-25,5.59204,5.62676,5.43579,5.43763
SHIP,2022-08-26,5.46777,5.47782,5.1635,5.21832
SHIP,2022-08-29,5.20827,5.55093,5.20827,5.53265
SHIP,2022-08-30,5.29965,5.57377,5.1169,5.16899
SHIP,2022-08-31,5.17903,5.29417,4.82999,4.93415
SHIP,2022-09-01,4.97984,5.01548,4.70572,4.80166
SHIP,2022-09-02,5.01913,5.02553,4.7706,4.80897
SHIP,2022-09-06,4.78065,4.85557,4.4782,4.58693
SHIP,2022-09-07,4.57323,4.84186,4.56867,4.83273
SHIP,2022-09-08,4.93142,4.93142,4.66003,4.79618
SHIP,2022-09-09,4.91039,5.00633,4.84278,4.93324
SHIP,2022-09-12,4.93415,5.19456,4.93415,5.05294
SHIP,2022-09-13,5.02553,5.19914,4.84735,5.16259
SHIP,2022-09-14,5.15619,5.29782,5.1169,5.29782
SHIP,2022-09-15,5.29965,5.38828,5.16259,5.34167
SHIP,2022-09-16,5.29965,5.38188,4.9433,5.01639
SHIP,2022-09-19,5.02644,5.2302,4.84278,5.07944
SHIP,2022-09-20,5.33985,5.52808,5.1169,5.42757
SHIP,2022-09-21,5.39102,5.4824,5.07121,5.11507
SHIP,2022-09-22,5.17533,5.35418,4.97352,5.04621
SHIP,2022-09-23,4.99743,5.16098,4.78223,5.1409
SHIP,2022-09-26,5.0223,5.06916,4.59285,4.68754
SHIP,2022-09-27,4.73536,4.83005,4.26192,4.47617
SHIP,2022-09-28,4.53355,4.7105,4.30401,4.67702
SHIP,2022-09-29,4.53547,4.63326,4.30401,4.47425
SHIP,2022-09-30,4.50199,4.63876,4.39965,4.52208
SHIP,2022-10-03,4.4953,4.68085,4.39965,4.58233
SHIP,2022-10-04,4.68659,5.24132,4.60051,5.03951
SHIP,2022-10-05,5.11699,5.55982,4.75354,5.45174
SHIP,2022-10-06,5.52443,5.52443,4.83005,4.87787
SHIP,2022-10-07,4.79275,4.96587,4.79275,4.87787
SHIP,2022-10-10,4.79179,4.87787,4.46852,4.55364
SHIP,2022-10-11,4.52877,4.6665,4.30401,4.40061
SHIP,2022-10-12,4.50295,4.97352,4.41017,4.58616
SHIP,2022-10-13,4.56225,4.59094,4.39965,4.56607
SHIP,2022-10-14,4.68659,4.83482,4.59094,4.7258
SHIP,2022-10-17,4.87787,4.9716,4.68754,4.77745
SHIP,2022-10-18,4.97352,5.02134,4.78223,4.82623
SHIP,2022-10-19,4.71719,4.9257,4.64355,4.71719
SHIP,2022-10-20,4.69902,4.87309,4.59094,4.76023
SHIP,2022-10-21,4.59572,4.75736,4.59094,4.66746
SHIP,2022-10-24,4.78223,4.78223,4.50964,4.59381
SHIP,2022-10-25,4.53355,4.66746,4.42165,4.59477
SHIP,2022-10-26,4.4953,4.72867,4.4953,4.69424
SHIP,2022-10-27,4.54312,4.64737,4.52016,4.60146
SHIP,2022-10-28,4.63876,4.63876,4.36044,4.41878
SHIP,2022-10-31,4.46182,4.46182,4.20836,4.26575
SHIP,2022-11-01,4.30401,4.39965,4.21314,4.39965
SHIP,2022-11-02,4.39965,4.45704,4.30401,4.38722
SHIP,2022-11-03,4.39009,4.45513,4.31357,4.39965
SHIP,2022-11-04,4.4953,4.5852,4.43791,4.57468
SHIP,2022-11-07,4.58998,4.59094,4.44269,4.4953
SHIP,2022-11-08,4.50869,4.58616,4.39774,4.44747
SHIP,2022-11-09,4.4953,4.4953,4.34226,4.36713
SHIP,2022-11-10,4.39965,4.4953,4.30496,4.41495
SHIP,2022-11-11,4.4953,4.59094,4.44747,4.57946
SHIP,2022-11-14,4.57946,4.87692,4.57181,4.84918
SHIP,2022-11-15,4.87787,4.97161,4.81092,4.9257
SHIP,2022-11-16,4.91613,4.96682,4.60146,4.78223
SHIP,2022-11-17,4.7631,4.78127,4.58042,4.68659
SHIP,2022-11-18,4.73441,4.86927,4.54886,4.68659
SHIP,2022-11-21,4.78223,4.78223,4.50486,4.68659
SHIP,2022-11-22,4.68659,4.7631,4.59094,4.7631
SHIP,2022-11-23,4.76214,4.87787,4.68563,4.87309
SHIP,2022-11-25,4.9257,4.97161,4.68659,4.96395
SHIP,2022-11-28,4.78223,4.96874,4.78223,4.93526
SHIP,2022-11-29,4.97352,4.97352,4.68659,4.77649
SHIP,2022-11-30,4.78223,5.21454,4.78223,4.9477
SHIP,2022-12-01,5.02134,5.25567,4.78223,4.86448
SHIP,2022-12-02,4.9257,5.02134,4.78319,4.94578
SHIP,2022-12-05,5.0529,5.0529,4.87787,4.95726
SHIP,2022-12-06,4.99265,4.99265,4.78319,4.97352
SHIP,2022-12-07,4.89892,4.97256,4.59381,4.65885
SHIP,2022-12-08,4.74397,4.80136,4.59285,4.79658
SHIP,2022-12-09,4.80136,5.01465,4.73536,4.95439
SHIP,2022-12-12,4.95439,5.16481,4.87883,5.04525
SHIP,2022-12-13,5.06916,5.1409,4.78319,4.84057
SHIP,2022-12-14,4.78988,4.95439,4.78223,4.83005
SHIP,2022-12-15,4.81762,4.94961,4.81762,4.87883
SHIP,2022-12-16,4.97161,4.97352,4.78319,4.87883
SHIP,2022-12-19,4.91422,4.94722,4.68659,4.78988
SHIP,2022-12-20,4.78988,5.06247,4.78988,5.0376
SHIP,2022-12-21,5.07108,5.49956,5.02134,5.43261
SHIP,2022-12-22,5.3561,5.45174,5.18489,5.2901
SHIP,2022-12-23,5.29584,5.49956,5.15143,5.49
SHIP,2022-12-27,5.463,5.5,5.2,5.299
SHIP,2022-12-28,5.1,5.3,5.1,5.1
SHIP,2022-12-29,5.15,5.28,5.05,5.125
SHIP,2022-12-30,5.1,5.2,4.85,4.955
SHIP,2023-01-03,5.142,5.188,4.802,4.83
SHIP,2023-01-04,5.0,5.17328,4.9,4.961
SHIP,2023-01-05,5.0,5.2,4.99,5.063
SHIP,2023-01-06,5.071,5.59,5.071,5.36
SHIP,2023-01-09,5.5,5.699,5.201,5.3
SHIP,2023-01-10,5.353,5.595,5.349,5.504
SHIP,2023-01-11,5.6,5.69,5.5,5.676
SHIP,2023-01-12,5.677,5.8,5.601,5.701
SHIP,2023-01-13,5.587,5.859,5.52,5.722
SHIP,2023-01-17,5.86,5.99,5.73,5.989
SHIP,2023-01-18,6.2,6.288,6.01022,6.153
SHIP,2023-01-19,6.153,6.153,5.966,6.033
SHIP,2023-01-20,6.155,6.29,6.0,6.245
SHIP,2023-01-23,6.245,6.28799,6.0,6.105
SHIP,2023-01-24,6.1,6.1,5.75,5.84
SHIP,2023-01-25,5.751,6.02009,5.7,6.0
SHIP,2023-01-26,6.049,6.049,5.941,5.971
SHIP,2023-01-27,5.999,5.999,5.4,5.677
SHIP,2023-01-30,5.65,5.799,5.508,5.58
SHIP,2023-01-31,5.631,5.838,5.602,5.817
SHIP,2023-02-01,5.75,6.2,5.715,6.17
SHIP,2023-02-02,6.187,6.201,5.8,6.0
SHIP,2023-02-03,6.0,6.0,5.761,5.796
SHIP,2023-02-06,5.9,5.975,5.7,5.8
SHIP,2023-02-07,5.9,6.08,5.7,5.914
SHIP,2023-02-08,6.0,6.06,5.916,6.004
SHIP,2023-02-09,6.16,6.16,5.8,6.018
SHIP,2023-02-10,6.0,6.036,5.852,5.98
SHIP,2023-02-13,6.136,6.136,5.751,5.821
SHIP,2023-02-14,5.79,5.8,5.556,5.6
SHIP,2023-02-15,5.426,5.545,5.15,5.346
SHIP,2023-02-16,5.42,5.5,5.16,5.35
SHIP,2023-02-17,5.29,5.3212,5.17,5.27
SHIP,2023-02-21,5.25,5.47,5.25,5.38
SHIP,2023-02-22,5.4,5.66,5.37,5.57
SHIP,2023-02-23,5.65,5.8483,5.65,5.78
SHIP,2023-02-24,5.72,6.36,5.72,6.27
SHIP,2023-02-27,6.35,6.73,6.35,6.63
SHIP,2023-02-28,6.63,6.94,6.63,6.86
SHIP,2023-03-01,6.87,7.08,6.74,6.78
SHIP,2023-03-02,6.7,6.8,6.595,6.73
SHIP,2023-03-03,6.75,6.92,6.56,6.79
SHIP,2023-03-06,6.835,6.9,6.605,6.62
SHIP,2023-03-07,6.61,6.7,6.47,6.55
SHIP,2023-03-08,6.62,6.8634,6.58,6.64
SHIP,2023-03-09,6.7,6.71,6.33,6.4
SHIP,2023-03-10,6.54,6.58,6.275,6.31
SHIP,2023-03-13,6.2,6.28,5.96,6.13
SHIP,2023-03-14,5.8,6.135,5.31,5.84
SHIP,2023-03-15,5.56,5.66,5.3914,5.55
SHIP,2023-03-16,5.5,5.635,5.14,5.62
SHIP,2023-03-17,5.62,5.665,5.355,5.47
SHIP,2023-03-20,5.52,5.64,5.49,5.58
SHIP,2023-03-21,5.58,5.74,5.47,5.48
SHIP,2023-03-22,5.47,5.47,5.24,5.32
SHIP,2023-03-23,5.34,5.59,5.34,5.44
SHIP,2023-03-24,5.4,5.565,5.39,5.55
SHIP,2023-03-27,5.55,5.55,5.14,5.22
SHIP,2023-03-28,5.19,5.49,5.1628,5.37
SHIP,2023-03-29,5.37,5.4,5.15,5.17
SHIP,2023-03-30,5.15,5.1725,4.99,5.02
SHIP,2023-03-31,4.98,5.13,4.98,5.06
SHIP,2023-04-03,5.1,5.1193,4.6899,4.85
SHIP,2023-04-04,4.83,4.86,4.69,4.74
SHIP,2023-04-05,4.78,4.78,4.52,4.62
SHIP,2023-04-06,4.6,4.6389,4.37,4.46
SHIP,2023-04-10,4.41,4.63,4.4,4.59
SHIP,2023-04-11,4.58,4.9083,4.58,4.84
SHIP,2023-04-12,4.82,4.9088,4.77,4.86
SHIP,2023-04-13,4.86,4.9,4.84,4.86
SHIP,2023-04-14,4.82,4.92,4.82,4.88
SHIP,2023-04-17,4.88,5.07,4.82,5.04
SHIP,2023-04-18,5.02,5.18,4.94,5.17
SHIP,2023-04-19,5.1,5.27,5.1,5.24
SHIP,2023-04-20,5.2,5.32,5.15,5.19
SHIP,2023-04-21,5.16,5.18,5.09,5.16
SHIP,2023-04-24,5.1,5.1,4.992,5.0
SHIP,2023-04-25,4.97,5.0284,4.79,4.88
SHIP,2023-04-26,4.98,4.98,4.8,4.82
SHIP,2023-04-27,4.8,4.865,4.76,4.78
SHIP,2023-04-28,4.77,4.91,4.77,4.85
SHIP,2023-05-01,4.83,4.8743,4.6,4.7
SHIP,2023-05-02,4.66,4.6813,4.51,4.54
SHIP,2023-05-03,4.53,4.66,4.5,4.63
SHIP,2023-05-04,4.61,4.61,4.39,4.46
SHIP,2023-05-05,4.49,4.63,4.49,4.57
SHIP,2023-05-08,4.6,4.7381,4.5907,4.6
SHIP,2023-05-09,4.66,5.05,4.66,5.0
SHIP,2023-05-10,4.95,5.03,4.85,4.92
SHIP,2023-05-11,5.0,5.0799,4.9,4.99
SHIP,2023-05-12,4.98,4.98,4.6701,4.82
SHIP,2023-05-15,4.81,5.01,4.77,4.95
SHIP,2023-05-16,4.92,5.05,4.92,4.97
SHIP,2023-05-17,4.96,4.9899,4.85,4.89
SHIP,2023-05-18,4.84,4.94,4.81,4.85
SHIP,2023-05-19,4.85,4.93,4.79,4.88
SHIP,2023-05-22,4.88,4.94,4.83,4.89
SHIP,2023-05-23,4.87,4.95,4.71,4.71
SHIP,2023-05-24,4.68,4.68,4.47,4.49
SHIP,2023-05-25,4.49,4.6,4.11,4.13
SHIP,2023-05-26,4.13,4.4027,4.13,4.31
SHIP,2023-05-30,4.27,4.38,4.2142,4.25
SHIP,2023-05-31,4.21,4.21,4.03,4.05
SHIP,2023-06-01,4.05,4.205,4.05,4.18
SHIP,2023-06-02,4.2,4.38,4.19,4.35
SHIP,2023-06-05,4.35,4.5,4.27,4.41
SHIP,2023-06-06,4.41,4.49,4.2422,4.45
SHIP,2023-06-07,4.45,4.51,4.37,4.38
SHIP,2023-06-08,4.39,4.505,4.39,4.42
SHIP,2023-06-09,4.44,4.47,4.285,4.34
SHIP,2023-06-12,4.33,4.34,4.13,4.19
SHIP,2023-06-13,4.21,4.3177,4.21,4.27
SHIP,2023-06-14,4.24,4.49,4.23,4.39
SHIP,2023-06-15,4.41,4.46,4.17,4.22
SHIP,2023-06-16,4.23,4.2437,4.15,4.15
SHIP,2023-06-20,4.18,4.28,4.11,4.26
SHIP,2023-06-21,4.25,4.34,4.14,4.32
SHIP,2023-06-22,4.28,4.36,4.1209,4.25
SHIP,2023-06-23,4.2,4.38,4.2,4.36
SHIP,2023-06-26,4.3299,4.43,4.25,4.3
SHIP,2023-06-27,4.35,4.45,4.327,4.44
SHIP,2023-06-28,4.37,4.75,4.366,4.7
SHIP,2023-06-29,4.65,4.95,4.6147,4.9
SHIP,2023-06-30,4.87,4.93,4.78,4.82
SHIP,2023-07-03,4.8,5.03,4.78,4.99
SHIP,2023-07-05,4.87,5.04,4.82,4.9
SHIP,2023-07-06,4.95,4.95,4.65,4.86
SHIP,2023-07-07,4.91,5.25,4.88,5.21
SHIP,2023-07-10,5.18,5.245,5.13,5.2
SHIP,2023-07-11,5.2,5.48,5.2,5.48
SHIP,2023-07-12,5.5,5.56,5.41,5.49
SHIP,2023-07-13,5.47,5.51,5.4075,5.46
SHIP,2023-07-14,5.4,5.426,5.17,5.26
SHIP,2023-07-17,5.18,5.228,4.985,5.03
SHIP,2023-07-18,5.03,5.18,5.03,5.1
SHIP,2023-07-19,5.06,5.35,5.06,5.31
SHIP,2023-07-20,5.27,5.49,5.27,5.42
SHIP,2023-07-21,5.47,5.47,5.2,5.24
SHIP,2023-07-24,5.2,5.3,5.14,5.16
SHIP,2023-07-25,5.15,5.28,5.15,5.2
SHIP,2023-07-26,5.18,5.68,5.18,5.67
SHIP,2023-07-27,5.66,5.76,5.5501,5.59
SHIP,2023-07-28,5.6,5.9,5.5,5.87
SHIP,2023-07-31,5.93,5.93,5.7,5.81
SHIP,2023-08-01,5.71,5.71,5.36,5.36
SHIP,2023-08-02,5.25,5.4,5.0,5.02
SHIP,2023-08-03,5.07,5.37,5.07,5.31
SHIP,2023-08-04,5.29,5.3899,5.16,5.17
SHIP,2023-08-07,5.23,5.46,5.2,5.4
SHIP,2023-08-08,5.37,5.38,5.2,5.25
SHIP,2023-08-09,5.22,5.48,5.2,5.45
SHIP,2023-08-10,5.45,5.53,5.21,5.32
SHIP,2023-08-11,5.29,5.37,5.2301,5.29
SHIP,2023-08-14,5.2,5.58,5.2,5.56
SHIP,2023-08-15,5.49,5.53,5.375,5.41
SHIP,2023-08-16,5.35,5.67,5.35,5.51
SHIP,2023-08-17,5.54,5.57,5.44,5.48
SHIP,2023-08-18,5.41,5.54,5.34,5.4
SHIP,2023-08-21,5.35,5.38,5.2375,5.26
SHIP,2023-08-22,5.27,5.4,5.2618,5.34
SHIP,2023-08-23,5.34,5.44,5.2101,5.43
SHIP,2023-08-24,5.4,5.41,5.2,5.2
SHIP,2023-08-25,5.19,5.28,5.14,5.15
SHIP,2023-08-28,5.14,5.23,5.14,5.16
SHIP,2023-08-29,5.14,5.54,5.14,5.53
SHIP,2023-08-30,5.45,5.4899,5.26,5.26
SHIP,2023-08-31,5.24,5.34,5.18,5.3
SHIP,2023-09-01,5.31,5.45,5.31,5.4
SHIP,2023-09-05,5.34,5.34,5.2001,5.28
SHIP,2023-09-06,5.22,5.3102,5.2031,5.21
SHIP,2023-09-07,5.21,5.26,5.03,5.14
SHIP,2023-09-08,5.13,5.21,5.09,5.17
SHIP,2023-09-11,5.04,5.27,5.04,5.16
SHIP,2023-09-12,5.13,5.24,5.1,5.23
SHIP,2023-09-13,5.19,5.19,5.09,5.16
SHIP,2023-09-14,5.18,5.3,5.14,5.23
SHIP,2023-09-15,5.19,5.45,5.185,5.38
SHIP,2023-09-18,5.32,5.39,5.2582,5.36
SHIP,2023-09-19,5.33,5.49,5.33,5.43
SHIP,2023-09-20,5.48,5.53,5.361,5.42
SHIP,2023-09-21,5.36,5.43,5.3,5.32
SHIP,2023-09-22,5.39,5.48,5.36,5.39
SHIP,2023-09-25,5.29,5.55,5.2808,5.44
SHIP,2023-09-26,5.43,5.57,5.43,5.5
SHIP,2023-09-27,5.5,5.55,5.4,5.45
SHIP,2023-09-28,5.47,5.48,5.37,5.39
SHIP,2023-09-29,5.43,5.5487,5.3867,5.52
SHIP,2023-10-02,5.43,5.85,5.43,5.73
SHIP,2023-10-03,5.75,5.757,5.62,5.68
SHIP,2023-10-04,5.62,5.73,5.5,5.67
SHIP,2023-10-05,5.66,5.93,5.66,5.86
SHIP,2023-10-06,5.83,6.06,5.83,5.95
SHIP,2023-10-09,5.9,6.0912,5.84,5.99
SHIP,2023-10-10,5.99,6.25,5.95,6.23
SHIP,2023-10-11,6.2,6.29,6.085,6.21
SHIP,2023-10-12,6.21,6.3782,6.14,6.26
SHIP,2023-10-13,6.29,6.29,6.17,6.205
SHIP,2023-10-16,6.13,6.14,6.03,6.11
SHIP,2023-10-17,6.03,6.385,6.03,6.22
SHIP,2023-10-18,6.2,6.25,6.05,6.09
SHIP,2023-10-19,6.02,6.08,5.97,6.055
SHIP,2023-10-20,5.9181,6.2,5.9181,6.05
SHIP,2023-10-23,6.01,6.03,5.8,5.82
SHIP,2023-10-24,5.85,6.02,5.82,5.84
SHIP,2023-10-25,5.8,5.85,5.71,5.75
SHIP,2023-10-26,5.75,5.82,5.7023,5.74
SHIP,2023-10-27,5.72,5.73,5.48,5.55
SHIP,2023-10-30,5.61,5.61,5.165,5.18
SHIP,2023-10-31,5.12,5.17,4.99,5.04
SHIP,2023-11-01,5.02,5.2,5.02,5.19
SHIP,2023-11-02,5.23,5.34,5.1,5.1
SHIP,2023-11-03,5.25,5.305,5.05,5.1
SHIP,2023-11-06,5.09,5.25,5.0744,5.12
SHIP,2023-11-07,5.27,5.27,4.991,5.01
SHIP,2023-11-08,4.99,5.04,4.87,4.96
SHIP,2023-11-09,4.97,5.16,4.9302,5.11
SHIP,2023-11-10,5.11,5.12,5.01,5.07
SHIP,2023-11-13,5.06,5.13,5.01,5.11
SHIP,2023-11-14,5.16,5.37,5.07,5.34
SHIP,2023-11-15,5.33,5.5,5.33,5.4
SHIP,2023-11-16,5.4,5.46,5.2901,5.45
SHIP,2023-11-17,5.5,5.58,5.4423,5.51
SHIP,2023-11-20,5.42,5.98,5.415,5.845
SHIP,2023-11-21,5.9,6.1,5.771,6.07
SHIP,2023-11-22,6.0,6.115,5.95,5.99
SHIP,2023-11-24,6.14,6.66,6.13,6.58
SHIP,2023-11-27,6.6,7.02,6.54,6.66
SHIP,2023-11-28,6.66,6.66,6.34,6.55
SHIP,2023-11-29,6.69,7.05,6.64,7.0
SHIP,2023-11-30,7.0,7.37,6.86,7.29
SHIP,2023-12-01,7.29,7.5399,7.25,7.34
SHIP,2023-12-04,7.27,7.3519,6.86,6.92
SHIP,2023-12-05,6.7,7.01,6.54,6.82
SHIP,2023-12-06,6.83,7.32,6.72,7.14
SHIP,2023-12-07,7.07,7.1,6.77,7.03
SHIP,2023-12-08,6.98,7.2,6.925,7.02
SHIP,2023-12-11,7.01,7.145,6.95,7.01
SHIP,2023-12-12,7.04,7.49,7.01,7.06
SHIP,2023-12-13,7.04,7.24,6.8,7.13
SHIP,2023-12-14,7.12,7.43,7.12,7.16
SHIP,2023-12-15,7.13,7.34,7.04,7.28
SHIP,2023-12-18,7.25,7.4786,7.12,7.21
SHIP,2023-12-19,7.22,7.46,7.07,7.17
SHIP,2023-12-20,7.17,7.34,7.02,7.05
SHIP,2023-12-21,7.13,7.21,7.07,7.18
SHIP,2023-12-22,7.23,7.45,7.2,7.35
SHIP,2023-12-26,7.31,7.54,7.26,7.41
SHIP,2023-12-27,7.48,7.91,7.4232,7.67
SHIP,2023-12-28,7.66,7.84,7.65,7.82
SHIP,2023-12-29,7.88,7.92,7.69,7.83
SHIP,2024-01-02,7.89,7.9,7.56,7.58
SHIP,2024-01-03,7.47,7.92,7.4101,7.75
SHIP,2024-01-04,7.64,8.0299,7.64,7.96
SHIP,2024-01-05,7.92,8.23,7.92,8.07
SHIP,2024-01-08,8.01,8.025,7.28,7.31
SHIP,2024-01-09,7.2,7.24,6.94,7.04
SHIP,2024-01-10,7.08,7.5505,7.08,7.37
SHIP,2024-01-11,7.42,7.42,7.18,7.22
SHIP,2024-01-12,7.3,7.84,7.3,7.59
SHIP,2024-01-16,7.9,8.0,7.4371,7.49
SHIP,2024-01-17,7.42,7.5813,7.35,7.44
SHIP,2024-01-18,7.53,8.21,7.53,8.2
SHIP,2024-01-19,8.23,8.3299,7.94,8.0
SHIP,2024-01-22,7.91,8.08,7.86,7.87
SHIP,2024-01-23,7.76,7.88,7.57,7.75
SHIP,2024-01-24,7.75,8.05,7.75,7.88
SHIP,2024-01-25,7.88,7.928,7.4,7.55
SHIP,2024-01-26,7.56,8.17,7.505,8.01
SHIP,2024-01-29,7.91,7.92,7.59,7.69
SHIP,2024-01-30,7.68,7.77,7.53,7.66
SHIP,2024-01-31,7.42,7.85,7.42,7.47
SHIP,2024-02-01,7.49,7.685,7.1,7.19
SHIP,2024-02-02,7.21,7.4,7.19,7.34
SHIP,2024-02-05,7.32,7.6,7.25,7.48
SHIP,2024-02-06,7.48,7.8699,7.48,7.57
SHIP,2024-02-07,7.55,7.56,7.28,7.42
SHIP,2024-02-08,7.33,7.44,7.2201,7.4
SHIP,2024-02-09,7.42,7.64,7.19,7.2
SHIP,2024-02-12,7.16,7.45,7.16,7.29
SHIP,2024-02-13,7.23,7.46,7.1,7.42
SHIP,2024-02-14,7.55,7.55,7.11,7.3
SHIP,2024-02-15,7.2,7.3,6.98,7.28
SHIP,2024-02-16,7.32,7.6,7.2627,7.51
SHIP,2024-02-20,7.48,7.48,7.38,7.43
SHIP,2024-02-21,7.5,7.64,7.3601,7.52
SHIP,2024-02-22,7.51,7.79,7.51,7.715
SHIP,2024-02-23,7.72,8.13,7.72,8.04
SHIP,2024-02-26,8.01,8.01,7.66,7.7
SHIP,2024-02-27,7.66,7.89,7.66,7.85
SHIP,2024-02-28,8.1,8.29,8.09,8.12
SHIP,2024-02-29,8.1,8.2,7.93,8.18
SHIP,2024-03-01,8.33,8.53,8.3,8.33
SHIP,2024-03-04,8.32,8.33,7.95,8.08
SHIP,2024-03-05,8.01,8.19,7.959,8.11
SHIP,2024-03-06,8.11,8.37,8.03,8.19
SHIP,2024-03-07,8.2,8.51,8.2,8.45
SHIP,2024-03-08,8.5,8.51,8.32,8.44
SHIP,2024-03-11,8.43,8.43,8.12,8.22
SHIP,2024-03-12,8.24,8.58,8.24,8.55
SHIP,2024-03-13,8.51,9.22,8.42,9.18
SHIP,2024-03-14,9.12,9.19,8.72,8.74
SHIP,2024-03-15,8.75,8.99,8.46,8.73
SHIP,2024-03-18,8.87,9.3481,8.83,9.19
SHIP,2024-03-19,9.22,9.25,8.92,9.11
SHIP,2024-03-20,9.0,9.0,8.78,8.98
SHIP,2024-03-21,9.07,9.4,8.98,9.31
SHIP,2024-03-22,9.07,9.34,9.07,9.33
SHIP,2024-03-25,9.35,9.44,8.94,8.96
SHIP,2024-03-26,8.63,9.14,8.6,8.64
SHIP,2024-03-27,8.65,8.68,8.34,8.42
SHIP,2024-03-28,8.37,8.935,8.26,8.7
SHIP,2024-04-01,8.69,8.9,8.41,8.61
SHIP,2024-04-02,8.62,8.62,8.32,8.44
SHIP,2024-04-03,8.51,8.9,8.51,8.74
SHIP,2024-04-04,8.78,8.78,8.43,8.47
SHIP,2024-04-05,8.47,8.56,8.23,8.24
SHIP,2024-04-08,8.68,9.2223,8.63,8.8
SHIP,2024-04-09,8.8,8.84,8.43,8.44
SHIP,2024-04-10,8.53,8.86,8.48,8.65
SHIP,2024-04-11,8.82,9.38,8.82,8.92
SHIP,2024-04-12,8.88,9.06,8.67,8.71
SHIP,2024-04-15,8.8,8.94,8.44,8.48
SHIP,2024-04-16,8.49,9.31,8.37,9.055
SHIP,2024-04-17,9.3,9.37,9.04,9.28
SHIP,2024-04-18,9.25,9.65,9.0101,9.55
SHIP,2024-04-19,9.66,9.66,9.26,9.31
SHIP,2024-04-22,9.35,9.48,9.11,9.32
SHIP,2024-04-23,9.32,9.55,9.16,9.46
SHIP,2024-04-24,9.47,9.6436,9.31,9.41
SHIP,2024-04-25,9.38,9.52,9.3,9.45
SHIP,2024-04-26,9.42,9.7,9.3672,9.57
SHIP,2024-04-29,9.6,9.63,9.25,9.49
SHIP,2024-04-30,9.49,9.71,9.4,9.57
SHIP,2024-05-01,9.55,9.55,9.21,9.27
SHIP,2024-05-02,9.34,9.61,9.33,9.575
SHIP,2024-05-03,9.6,9.66,9.4144,9.65
SHIP,2024-05-06,9.65,9.75,9.41,9.6
SHIP,2024-05-07,9.6,10.23,9.59,10.22
SHIP,2024-05-08,10.23,10.415,10.1114,10.25
SHIP,2024-05-09,10.29,10.685,10.29,10.61
SHIP,2024-05-10,10.6,10.76,10.52,10.55
SHIP,2024-05-13,10.52,10.6,10.33,10.4
SHIP,2024-05-14,10.38,10.79,10.38,10.74
SHIP,2024-05-15,11.04,11.04,9.85,10.57
SHIP,2024-05-16,10.76,11.84,10.6902,11.74
SHIP,2024-05-17,11.8,12.17,11.6501,12.03
SHIP,2024-05-20,12.05,13.19,12.0,13.1
SHIP,2024-05-21,13.08,13.1938,12.63,12.78
SHIP,2024-05-22,12.7,12.73,12.03,12.25
SHIP,2024-05-23,12.36,12.49,12.02,12.16
SHIP,2024-05-24,12.2,12.57,11.92,12.01
SHIP,2024-05-28,12.05,12.368,11.9754,12.13
SHIP,2024-05-29,12.03,12.43,11.8301,11.99
SHIP,2024-05-30,12.12,12.28,11.89,12.2
SHIP,2024-05-31,12.34,12.58,12.1,12.2
SHIP,2024-06-03,12.2,12.26,11.7042,12.18
SHIP,2024-06-04,12.02,12.7999,11.77,11.88
SHIP,2024-06-05,11.86,12.48,11.74,12.19
SHIP,2024-06-06,12.22,12.23,11.9,12.08
SHIP,2024-06-07,12.0,12.1,11.82,11.89
SHIP,2024-06-10,11.87,12.2287,11.75,12.13
SHIP,2024-06-11,12.05,12.0877,11.4,11.47
SHIP,2024-06-12,11.54,11.7,11.2,11.5
SHIP,2024-06-13,11.49,11.49,11.1,11.14
SHIP,2024-06-14,11.0,11.01,10.432,10.63
SHIP,2024-06-17,10.65,10.82,10.51,10.72
SHIP,2024-06-18,10.84,11.04,10.66,10.68
SHIP,2024-06-20,10.68,11.175,10.68,11.05
SHIP,2024-06-21,11.01,11.01,10.64,10.71
SHIP,2024-06-24,10.71,10.78,10.2001,10.26
SHIP,2024-06-25,10.12,10.2,9.86,10.16
SHIP,2024-06-26,10.16,10.33,10.06,10.12
SHIP,2024-06-27,10.15,10.345,10.01,10.15
SHIP,2024-06-28,10.17,10.17,9.72,9.88
SHIP,2024-07-01,10.0,10.305,9.69,10.19
SHIP,2024-07-02,10.26,10.99,10.25,10.98
SHIP,2024-07-03,11.02,11.02,10.59,11.01
SHIP,2024-07-05,11.0,11.0155,10.5,10.63
SHIP,2024-07-08,10.59,10.655,10.03,10.13
SHIP,2024-07-09,10.1,10.39,10.1,10.19
SHIP,2024-07-10,10.23,10.424,10.17,10.27
SHIP,2024-07-11,10.3,10.44,10.13,10.27
SHIP,2024-07-12,10.35,10.3612,9.83,9.83
SHIP,2024-07-15,9.83,10.01,9.6,9.65
SHIP,2024-07-16,9.6703,9.7416,9.472,9.54
SHIP,2024-07-17,9.56,9.56,9.2506,9.425
SHIP,2024-07-18,9.41,9.555,9.07,9.31
SHIP,2024-07-19,9.3,9.3484,8.93,9.085
SHIP,2024-07-22,9.12,9.74,9.12,9.7
SHIP,2024-07-23,9.7,9.73,9.47,9.62
SHIP,2024-07-24,9.6,9.73,9.36,9.45
SHIP,2024-07-25,9.38,9.43,9.11,9.21
SHIP,2024-07-26,9.26,9.35,9.24,9.28
SHIP,2024-07-29,9.3,9.48,9.23,9.3
SHIP,2024-07-30,9.29,9.435,9.21,9.277
SHIP,2024-07-31,9.32,9.39,9.24,9.29
SHIP,2024-08-01,9.3,9.32,9.05,9.17
SHIP,2024-08-02,8.99,9.13,8.85,9.03
SHIP,2024-08-05,8.32,8.82,8.32,8.78
SHIP,2024-08-06,9.5,10.33,9.2901,10.01
SHIP,2024-08-07,10.27,10.54,9.87,9.95
SHIP,2024-08-08,10.08,10.369,9.71,10.2
SHIP,2024-08-09,10.17,10.53,10.06,10.26
SHIP,2024-08-12,10.26,10.4,9.97,10.29
SHIP,2024-08-13,10.43,10.7799,10.31,10.66
SHIP,2024-08-14,10.77,10.94,10.58,10.85
SHIP,2024-08-15,10.85,11.1999,10.66,11.11
SHIP,2024-08-16,11.09,11.48,11.09,11.44
SHIP,2024-08-19,11.6,11.65,11.0319,11.14
SHIP,2024-08-20,10.71,10.71,10.54,10.71
SHIP,2024-08-21,10.83,11.09,10.72,11.09
SHIP,2024-08-22,11.12,11.17,10.7469,10.81
SHIP,2024-08-23,10.82,10.9788,10.77,10.83
SHIP,2024-08-26,10.87,11.2,10.848,10.94
SHIP,2024-08-27,11.0,11.3399,10.95,11.25
SHIP,2024-08-28,11.24,11.38,11.01,11.14
SHIP,2024-08-29,11.26,11.28,10.84,11.04
SHIP,2024-08-30,11.03,11.5816,11.03,11.52
SHIP,2024-09-03,11.32,11.39,10.9,11.09
SHIP,2024-09-04,11.02,11.21,11.0,11.02
SHIP,2024-09-05,10.61,10.61,10.53,10.61
SHIP,2024-09-06,10.58,10.63,10.19,10.28
SHIP,2024-09-09,10.33,10.39,10.1,10.11
SHIP,2024-09-10,10.13,10.165,9.88,10.07
SHIP,2024-09-11,10.105,10.35,10.05,10.28
SHIP,2024-09-12,10.37,10.4668,10.17,10.2
SHIP,2024-09-13,10.22,10.32,10.01,10.27
SHIP,2024-09-16,10.41,11.03,10.35,10.98
SHIP,2024-09-17,11.07,11.12,10.64,10.81
SHIP,2024-09-18,10.8,11.1,10.72,10.82
SHIP,2024-09-19,11.1,11.1,10.79,10.94
SHIP,2024-09-20,10.99,11.73,10.7,11.36
SHIP,2024-09-23,11.36,11.8,11.1,11.64
SHIP,2024-09-24,11.86,12.04,11.46,12.02
SHIP,2024-09-25,12.25,12.555,12.13,12.46
SHIP,2024-09-26,12.46,12.64,12.38,12.6
SHIP,2024-09-27,12.35,12.5,11.92,12.08
SHIP,2024-09-30,12.22,12.65,12.1,12.42
SHIP,2024-10-01,12.35,12.35,11.88,11.89
SHIP,2024-10-02,11.91,12.2896,11.9,12.1
SHIP,2024-10-03,12.1,12.19,11.9319,11.99
SHIP,2024-10-04,12.15,12.24,11.97,12.18
SHIP,2024-10-07,12.18,12.5,11.92,11.96
SHIP,2024-10-08,11.92,11.99,11.22,11.31
SHIP,2024-10-09,11.2,11.2,10.71,10.79
SHIP,2024-10-10,10.79,10.9,10.57,10.69
SHIP,2024-10-11,10.8,10.92,10.66,10.78
SHIP,2024-10-14,10.8,10.8,10.31,10.41
SHIP,2024-10-15,10.24,10.24,9.92,10.19
SHIP,2024-10-16,10.34,10.42,10.15,10.39
SHIP,2024-10-17,10.49,10.83,10.39,10.65
SHIP,2024-10-18,10.7,10.74,10.27,10.4
SHIP,2024-10-21,10.44,10.546,10.02,10.14
SHIP,2024-10-22,10.14,10.215,9.96,9.98
SHIP,2024-10-23,9.92,9.92,9.64,9.87
SHIP,2024-10-24,9.8,9.8,9.66,9.8
SHIP,2024-10-25,9.8,9.96,9.71,9.75
SHIP,2024-10-28,9.73,9.78,9.5101,9.62
SHIP,2024-10-29,9.61,9.705,9.4501,9.705
SHIP,2024-10-30,9.71,9.71,9.4,9.51
SHIP,2024-10-31,9.5,9.775,9.4701,9.59
SHIP,2024-11-01,9.27,9.51,9.11,9.32
SHIP,2024-11-04,9.32,9.5102,9.2,9.28
SHIP,2024-11-05,9.3201,10.16,9.07,9.8
SHIP,2024-11-06,9.85,9.86,9.305,9.43
SHIP,2024-11-07,9.33,9.83,9.28,9.61
SHIP,2024-11-08,9.59,9.69,9.43,9.56
SHIP,2024-11-11,9.56,9.62,9.23,9.43
SHIP,2024-11-12,9.39,9.39,9.02,9.14
SHIP,2024-11-13,9.02,9.17,8.75,9.11
SHIP,2024-11-14,9.14,9.24,8.93,9.07
SHIP,2024-11-15,9.07,9.23,8.985,9.04
SHIP,2024-11-18,8.95,9.02,8.86,8.93
SHIP,2024-11-19,8.85,8.96,8.67,8.82
SHIP,2024-11-20,8.81,8.89,8.55,8.61
SHIP,2024-11-21,8.5,8.55,8.16,8.32
SHIP,2024-11-22,8.26,8.58,8.2058,8.34
SHIP,2024-11-25,8.28,8.38,8.1,8.15
SHIP,2024-11-26,8.12,8.255,8.06,8.11
SHIP,2024-11-27,8.11,8.19,8.01,8.13
SHIP,2024-11-29,8.15,8.19,7.95,8.08
SHIP,2024-12-02,8.13,8.15,7.8006,7.94
SHIP,2024-12-03,7.42,7.94,7.33,7.83
SHIP,2024-12-04,7.7,7.8,7.58,7.63
SHIP,2024-12-05,7.59,7.77,7.585,7.73
SHIP,2024-12-06,7.38,7.38,7.34,7.38
SHIP,2024-12-09,7.45,7.73,7.4,7.54
SHIP,2025-01-27,7.02,7.2952,6.932,7.22
SHIP,2025-01-28,7.21,7.23,6.75,6.89
SHIP,2025-01-29,6.87,7.015,6.83,6.955
SHIP,2025-01-30,6.97,7.08,6.82,7.02
SHIP,2025-01-31,7.03,7.0986,6.925,6.93
SHIP,2025-02-03,6.89,6.89,6.6,6.62
SHIP,2025-02-04,6.7,6.96,6.6,6.69
SHIP,2025-02-05,6.71,6.83,6.665,6.71
SHIP,2025-02-06,6.76,6.83,6.61,6.65
SHIP,2025-02-07,6.66,6.71,6.56,6.655
SHIP,2025-02-10,6.7,6.9299,6.66,6.91
SHIP,2025-02-11,6.9,6.95,6.81,6.92
SHIP,2025-02-12,6.9,6.97,6.83,6.93
SHIP,2025-02-13,6.93,7.065,6.85,6.92
SHIP,2025-02-14,6.99,7.02,6.89,7.0
SHIP,2025-02-18,7.05,7.49,7.0,7.23
SHIP,2025-02-19,7.3,7.3599,7.0,7.15
SHIP,2025-02-20,7.15,7.42,7.0,7.34
SHIP,2025-02-21,7.37,7.4076,7.0,7.01
SHIP,2025-02-24,7.04,7.1,6.93,6.95
SHIP,2025-02-25,6.98,7.156,6.98,7.01
SHIP,2025-02-26,7.2,7.25,7.15,7.15
SHIP,2025-02-27,7.15,7.15,6.8,6.87
SHIP,2025-02-28,6.9,7.015,6.87,6.9
SHIP,2025-03-03,6.99,7.07,6.842,6.915
SHIP,2025-03-04,6.87,6.955,6.75,6.88
SHIP,2025-03-05,6.96,7.05,6.83,6.89
SHIP,2025-03-06,6.97,7.19,6.97,7.065
SHIP,2025-03-07,7.0801,7.4006,7.08,7.09
SHIP,2025-03-10,7.01,7.01,6.83,6.88
SHIP,2025-03-11,6.89,7.0,6.82,6.95
SHIP,2025-03-12,7.0632,7.48,7.0632,7.35
SHIP,2025-03-13,7.35,7.7138,7.26,7.33
SHIP,2025-03-14,7.32,7.49,7.225,7.31
SHIP,2025-03-17,7.35,7.5,7.35,7.425
SHIP,2025-03-18,7.4,7.455,7.22,7.27
SHIP,2025-03-19,7.27,7.42,7.16,7.22
SHIP,2025-03-20,7.19,7.3999,7.1409,7.26
SHIP,2025-03-21,7.07,7.07,7.0047,7.07
SHIP,2025-03-24,7.06,7.21,7.05,7.06
SHIP,2025-03-25,7.06,7.06,7.02,7.04
SHIP,2025-03-26,6.93,6.93,6.905,6.93
SHIP,2025-03-27,6.87,6.919,6.73,6.81
SHIP,2025-03-28,6.84,6.84,6.58,6.64
SHIP,2025-03-31,6.53,6.53,6.24,6.4
SHIP,2025-04-01,6.41,6.47,6.33,6.46
SHIP,2025-04-02,6.48,6.48,6.3,6.34
SHIP,2025-04-03,5.79,5.79,5.79,5.79
SHIP,2025-04-04,5.81,5.83,5.1,5.14
SHIP,2025-04-07,4.9,5.53,4.9,5.405
SHIP,2025-04-08,5.62,5.75,5.02,5.08
SHIP,2025-04-09,5.088,5.584,4.95,5.47
SHIP,2025-04-10,5.467,5.49,5.2814,5.35
SHIP,2025-04-11,5.5,5.52,5.25,5.37
SHIP,2025-04-14,5.38,5.585,5.3612,5.38
SHIP,2025-04-15,5.36,5.4885,5.27,5.32
SHIP,2025-04-16,5.37,5.37,5.3018,5.37
SHIP,2025-04-17,5.38,5.48,5.38,5.47
SHIP,2025-04-21,5.47,5.47,5.2,5.24
SHIP,2025-04-22,5.27,5.32,5.14,5.24
SHIP,2025-04-23,5.3,5.59,5.3,5.56
SHIP,2025-04-24,5.6,5.79,5.5,5.79
SHIP,2025-04-25,5.67,5.82,5.63,5.73
SHIP,2025-04-28,5.79,5.84,5.7,5.79
SHIP,2025-04-29,5.82,5.9008,5.82,5.82
SHIP,2025-04-30,5.84,5.84,5.6,5.635
SHIP,2025-05-01,5.63,5.7479,5.5338,5.6
SHIP,2025-05-02,5.765,5.82,5.63,5.74
SHIP,2025-05-05,5.7,5.8399,5.7,5.75
SHIP,2025-05-06,5.69,5.8525,5.5,5.51
SHIP,2025-05-07,5.5,5.51,5.37,5.42
SHIP,2025-05-08,5.49,5.575,5.41,5.54
SHIP,2025-05-09,5.59,5.6781,5.55,5.6
SHIP,2025-05-12,5.91,6.18,5.91,5.98
SHIP,2025-05-13,5.98,6.13,5.91,6.11
SHIP,2025-05-14,5.98,5.98,5.93,5.98
SHIP,2025-05-15,6.025,6.2,5.97,6.15
SHIP,2025-05-16,6.15,6.23,6.09,6.14
SHIP,2025-05-19,5.99,5.99,5.98,5.99
SHIP,2025-05-20,5.98,6.25,5.98,6.18
SHIP,2025-05-21,6.1,6.255,6.01,6.04
SHIP,2025-05-22,6.0,6.04,5.89,5.93
SHIP,2025-05-23,5.88,6.05,5.8128,6.02
SHIP,2025-05-27,6.2,6.5,5.9,6.31
SHIP,2025-05-28,6.25,6.31,6.2,6.3
SHIP,2025-05-29,6.29,6.54,6.21,6.21
SHIP,2025-05-30,6.16,6.25,6.1,6.23
SHIP,2025-06-02,6.35,6.5,6.22,6.42
SHIP,2025-06-03,6.37,6.56,6.15,6.49
SHIP,2025-06-04,6.5,6.7,6.41,6.5
SHIP,2025-06-05,6.5,6.58,6.36,6.4
SHIP,2025-06-06,6.42,6.57,6.4,6.42
SHIP,2025-06-09,6.44,6.58,6.42,6.51
SHIP,2025-06-10,6.55,6.58,6.48,6.56
SHIP,2025-06-11,6.57,6.92,6.555,6.83
SHIP,2025-06-12,6.87,6.94,6.73,6.81
SHIP,2025-06-13,6.73,6.92,6.6973,6.87
SHIP,2025-06-16,6.93,7.005,6.78,6.88
SHIP,2025-06-17,6.93,6.97,6.81,6.84
SHIP,2025-06-18,6.85,6.881,6.7,6.76
SHIP,2025-06-20,6.85,6.869,6.57,6.58
SHIP,2025-06-23,6.55,6.6487,6.44,6.49
SHIP,2025-06-24,6.49,6.63,6.4313,6.46
SHIP,2025-06-25,6.53,6.635,6.43,6.58
SHIP,2025-06-26,6.6,6.7017,6.56,6.56
SHIP,2025-06-27,6.52,6.74,6.47,6.57
SHIP,2025-06-30,6.5,6.5765,6.3,6.311
SHIP,2025-07-01,6.3,6.39,6.11,6.265
SHIP,2025-07-02,6.28,6.5434,6.23,6.51
SHIP,2025-07-03,6.55,6.56,6.4,6.47
SHIP,2025-07-07,6.4,6.52,6.34,6.48
SHIP,2025-07-08,6.44,6.6,6.43,6.54
SHIP,2025-07-09,6.51,6.51,6.3183,6.33
SHIP,2025-07-10,6.39,6.8,6.39,6.76
SHIP,2025-07-11,6.73,6.9407,6.73,6.88
SHIP,2025-07-14,6.86,6.86,6.7006,6.77
SHIP,2025-07-15,6.75,6.75,6.57,6.57
SHIP,2025-07-16,6.64,6.7923,6.55,6.76
SHIP,2025-07-17,6.85,7.17,6.8252,7.03
SHIP,2025-07-18,7.03,7.03,6.72,6.8
SHIP,2025-07-21,6.81,6.96,6.73,6.78
SHIP,2025-07-22,6.85,7.01,6.83,6.97
SHIP,2025-07-23,7.07,7.1898,6.99,7.0
SHIP,2025-07-24,7.09,7.35,6.97,7.31
SHIP,2025-07-25,7.26,7.2889,7.14,7.14
SHIP,2025-07-28,7.15,7.2302,7.06,7.1
SHIP,2025-07-29,7.06,7.06,6.903,7.02
SHIP,2025-07-30,7.05,7.05,6.77,6.78
SHIP,2025-07-31,6.83,6.935,6.78,6.82
SHIP,2025-08-01,6.8,6.83,6.7,6.81
SHIP,2025-08-04,6.76,6.98,6.76,6.95
SHIP,2025-08-05,7.03,7.45,7.005,7.275
SHIP,2025-08-06,7.29,7.5995,7.28,7.46
SHIP,2025-08-07,7.48,7.69,7.4146,7.49
SHIP,2025-08-08,7.54,7.69,7.39,7.43
SHIP,2025-08-11,7.43,7.4824,7.27,7.29
SHIP,2025-08-12,7.35,7.46,7.3,7.33
SHIP,2025-08-13,7.33,7.44,7.23,7.4
SHIP,2025-08-14,7.36,7.5,7.32,7.38
SHIP,2025-08-15,7.4,7.4,7.21,7.29
SHIP,2025-08-18,7.23,7.415,7.21,7.36
SHIP,2025-08-19,7.4,7.46,7.26,7.35
SHIP,2025-08-20,7.4,7.44,7.29,7.38
SHIP,2025-08-21,7.4,7.6,7.3,7.48
SHIP,2025-08-22,7.6,7.82,7.58,7.81
SHIP,2025-08-25,7.82,7.8412,7.66,7.83
SHIP,2025-08-26,7.87,8.1,7.8,8.03
SHIP,2025-08-27,8.0,8.03,7.9,7.99
SHIP,2025-08-28,7.95,8.09,7.95,8.06
SHIP,2025-08-29,8.09,8.09,7.71,7.81
SHIP,2025-09-02,7.65,7.82,7.56,7.78
SHIP,2025-09-03,7.78,7.9,7.7444,7.85
SHIP,2025-09-04,7.84,8.25,7.8,8.25
SHIP,2025-09-05,8.25,8.32,7.89,7.99
SHIP,2025-09-08,8.0,8.2418,8.0,8.16
SHIP,2025-09-09,8.19,8.38,8.16,8.38
SHIP,2025-09-10,8.37,8.44,8.295,8.44
SHIP,2025-09-11,8.44,8.66,8.405,8.66
SHIP,2025-09-12,8.68,8.77,8.66,8.68
SHIP,2025-09-15,8.69,8.88,8.69,8.84
SHIP,2025-09-16,8.84,8.84,8.615,8.64
SHIP,2025-09-17,8.65,8.98,8.65,8.895
SHIP,2025-09-18,8.93,9.115,8.92,9.1
SHIP,2025-09-19,9.1,9.1,8.72,8.77
SHIP,2025-09-22,8.75,8.81,8.7,8.79
SHIP,2025-09-23,8.88,9.1,8.85,8.93
SHIP,2025-09-24,9.0,9.18,8.9223,9.16
SHIP,2025-09-25,9.08,9.085,8.77,8.78
SHIP,2025-09-26,8.85,8.9481,8.55,8.65
SHIP,2025-09-29,8.65,8.65,8.32,8.42
SHIP,2025-09-30,8.21,8.32,8.01,8.26
SHIP,2025-10-01,8.23,8.62,8.23,8.58
SHIP,2025-10-02,8.58,8.6,8.17,8.21
SHIP,2025-10-03,8.24,8.5225,8.2359,8.28
SHIP,2025-10-06,8.31,8.4764,8.29,8.34
SHIP,2025-10-07,8.31,8.34,8.18,8.28
SHIP,2025-10-08,8.28,8.2828,8.09,8.22
SHIP,2025-10-09,8.26,8.3698,8.05,8.05
SHIP,2025-10-10,7.93,8.14,7.66,7.71
SHIP,2025-10-13,7.95,8.179,7.92,8.09
SHIP,2025-10-14,7.99,8.05,7.8589,8.025
SHIP,2025-10-15,8.03,8.1563,8.01,8.06
SHIP,2025-10-16,8.09,8.26,8.02,8.07
SHIP,2025-10-17,8.0,8.1399,7.91,8.03
SHIP,2025-10-20,7.98,8.2,7.9,8.11
SHIP,2025-10-21,8.13,8.196,8.01,8.05
SHIP,2025-10-22,7.98,8.15,7.968,8.15
SHIP,2025-10-23,8.16,8.41,8.16,8.41
SHIP,2025-10-24,8.45,8.5,8.14,8.23
SHIP,2025-10-27,8.16,8.36,8.16,8.24
SHIP,2025-10-28,8.16,8.44,8.16,8.42
SHIP,2025-10-29,8.47,8.6,8.3403,8.502
SHIP,2025-10-30,8.44,8.56,8.35,8.39
SHIP,2025-10-31,8.42,8.5,8.2745,8.49
SHIP,2025-11-03,8.5,8.5,8.25,8.35
SHIP,2025-11-04,8.32,8.3699,8.18,8.24
SHIP,2025-11-05,8.17,8.53,8.165,8.47
SHIP,2025-11-06,8.47,8.61,8.36,8.47
SHIP,2025-11-07,8.46,8.63,8.3106,8.61
SHIP,2025-11-10,8.69,8.88,8.68,8.733
SHIP,2025-11-11,8.77,8.86,8.72,8.8
SHIP,2025-11-12,8.52,8.86,8.52,8.8
SHIP,2025-11-13,9.02,9.25,8.965,9.24
SHIP,2025-11-14,9.02,9.48,8.95,9.37
SHIP,2025-11-17,9.39,9.58,9.29,9.47
SHIP,2025-11-18,9.4,9.5321,9.1806,9.51
SHIP,2025-11-19,9.5,9.5,9.23,9.23
SHIP,2025-11-20,9.4,9.53,9.22,9.237
SHIP,2025-11-21,9.3,9.52,9.18,9.475
SHIP,2025-11-24,9.58,10.07,9.51,10.03
SHIP,2025-11-25,10.05,10.23,9.98,10.19
SHIP,2025-11-26,10.23,10.3192,10.114,10.23
SHIP,2025-11-28,10.36,10.61,10.26,10.57
SHIP,2025-12-01,10.5,10.65,10.45,10.49
SHIP,2025-12-02,10.52,10.57,10.32,10.55
SHIP,2025-12-03,10.78,11.15,10.6952,11.02
SHIP,2025-12-04,11.12,11.14,10.65,10.76
SHIP,2025-12-05,10.73,10.7586,10.51,10.52
SHIP,2025-12-08,10.52,10.6,10.262,10.45
SHIP,2025-12-09,10.05,10.26,9.88,10.22
SHIP,2025-12-10,10.19,10.28,10.11,10.19
SHIP,2025-12-11,10.255,10.2626,9.94,10.09
SHIP,2025-12-12,10.17,10.25,9.77,9.82
